date,open,high,low,close,volume,index_name,symbol,exchange,currency
20210315,678.43,681.54,676.14,678.8,0.0,AEX,EOE,FTA,EUR
20210316,682.74,684.45,679.65,683.65,0.0,AEX,EOE,FTA,EUR
20210317,682.22,684.4,679.11,680.71,0.0,AEX,EOE,FTA,EUR
20210318,684.05,684.46,680.16,682.39,0.0,AEX,EOE,FTA,EUR
20210319,675.89,683.43,675.89,681.7,0.0,AEX,EOE,FTA,EUR
20210322,678.38,684.23,677.86,684.21,0.0,AEX,EOE,FTA,EUR
20210323,681.19,684.29,679.48,681.74,0.0,AEX,EOE,FTA,EUR
20210324,682.59,687.96,681.62,686.13,0.0,AEX,EOE,FTA,EUR
20210325,684.32,686.48,677.33,685.33,0.0,AEX,EOE,FTA,EUR
20210326,690.69,697.94,689.68,696.62,0.0,AEX,EOE,FTA,EUR
20210329,697.94,700.85,696.92,697.94,0.0,AEX,EOE,FTA,EUR
20210330,700.82,702.44,696.96,701.12,0.0,AEX,EOE,FTA,EUR
20210331,700.81,704.25,699.69,699.85,0.0,AEX,EOE,FTA,EUR
20210401,707.05,710.95,704.53,708.43,0.0,AEX,EOE,FTA,EUR
20210406,716.81,717.69,711.91,713.28,0.0,AEX,EOE,FTA,EUR
20210407,711.9,712.85,709.63,710.08,0.0,AEX,EOE,FTA,EUR
20210408,713.46,713.97,710.7,713.38,0.0,AEX,EOE,FTA,EUR
20210409,713.46,714.11,711.6,713.36,0.0,AEX,EOE,FTA,EUR
20210412,711.94,713.48,706.7,707.35,0.0,AEX,EOE,FTA,EUR
20210413,709.1,710.85,706.1,708.6,0.0,AEX,EOE,FTA,EUR
20210414,708.83,713.31,708.44,712.55,0.0,AEX,EOE,FTA,EUR
20210415,713.21,714.98,712.37,713.8,0.0,AEX,EOE,FTA,EUR
20210416,714.48,716.8,712.57,716.8,0.0,AEX,EOE,FTA,EUR
20210419,717.05,718.5,710.62,711.94,0.0,AEX,EOE,FTA,EUR
20210420,710.88,713.38,699.06,700.19,0.0,AEX,EOE,FTA,EUR
20210421,707.16,710.62,704.63,709.36,0.0,AEX,EOE,FTA,EUR
20210422,712.58,714.62,710.35,712.94,0.0,AEX,EOE,FTA,EUR
20210423,710.48,715.77,709.44,715.77,0.0,AEX,EOE,FTA,EUR
20210426,714.98,716.69,711.57,715.46,0.0,AEX,EOE,FTA,EUR
20210427,715.41,715.56,709.72,712.22,0.0,AEX,EOE,FTA,EUR
20210428,713.63,714.2,710.49,711.84,0.0,AEX,EOE,FTA,EUR
20210429,715.78,719.26,709.97,710.47,0.0,AEX,EOE,FTA,EUR
20210430,710.58,711.82,705.87,707.56,0.0,AEX,EOE,FTA,EUR
20210503,709.93,713.11,705.99,712.13,0.0,AEX,EOE,FTA,EUR
20210504,714.02,714.25,695.71,696.98,0.0,AEX,EOE,FTA,EUR
20210505,703.78,714.42,702.92,714.14,0.0,AEX,EOE,FTA,EUR
20210506,714.59,715.92,707.58,712.46,0.0,AEX,EOE,FTA,EUR
20210507,717.32,719.29,712.5,718.41,0.0,AEX,EOE,FTA,EUR
20210510,718.48,718.48,710.83,711.91,0.0,AEX,EOE,FTA,EUR
20210511,700.61,702.08,689.51,695.94,0.0,AEX,EOE,FTA,EUR
20210512,696.51,698.99,692.53,694.76,0.0,AEX,EOE,FTA,EUR
20210513,686.86,696.53,677.88,694.22,0.0,AEX,EOE,FTA,EUR
20210514,700.29,703.33,695.65,703.33,0.0,AEX,EOE,FTA,EUR
20210517,704.82,705.83,699.79,703.22,0.0,AEX,EOE,FTA,EUR
20210518,709.4,710.15,704.93,705.01,0.0,AEX,EOE,FTA,EUR
20210519,697.34,697.83,685.97,693.72,0.0,AEX,EOE,FTA,EUR
20210520,697.4,704.29,693.22,704.09,0.0,AEX,EOE,FTA,EUR
20210521,705.77,710.01,702.92,706.96,0.0,AEX,EOE,FTA,EUR
20210524,707.91,710.66,706.07,710.46,0.0,AEX,EOE,FTA,EUR
20210525,713.79,715.74,712.25,712.25,0.0,AEX,EOE,FTA,EUR
20210526,714.32,715.52,710.09,711.17,0.0,AEX,EOE,FTA,EUR
20210527,708.88,711.35,706.14,708.36,0.0,AEX,EOE,FTA,EUR
20210528,709.41,715.32,709.41,713.28,0.0,AEX,EOE,FTA,EUR
20210531,712.54,714.57,709.02,709.36,0.0,AEX,EOE,FTA,EUR
20210601,712.81,722.07,712.81,715.94,0.0,AEX,EOE,FTA,EUR
20210602,715.93,719.05,715.56,718.93,0.0,AEX,EOE,FTA,EUR
20210603,718.24,718.38,712.42,717.08,0.0,AEX,EOE,FTA,EUR
20210604,717.15,720.88,716.09,720.18,0.0,AEX,EOE,FTA,EUR
20210607,719.87,721.31,716.08,718.61,0.0,AEX,EOE,FTA,EUR
20210608,719.31,723.04,718.0,719.43,0.0,AEX,EOE,FTA,EUR
20210609,719.89,723.25,718.7,722.71,0.0,AEX,EOE,FTA,EUR
20210610,723.66,727.14,721.43,725.45,0.0,AEX,EOE,FTA,EUR
20210611,726.7,729.0,724.99,728.48,0.0,AEX,EOE,FTA,EUR
20210614,730.98,734.64,728.4,730.1,0.0,AEX,EOE,FTA,EUR
20210615,733.97,734.64,730.85,730.98,0.0,AEX,EOE,FTA,EUR
20210616,732.68,734.87,731.12,733.5,0.0,AEX,EOE,FTA,EUR
20210617,728.75,736.07,728.47,734.89,0.0,AEX,EOE,FTA,EUR
20210618,733.17,735.63,717.81,719.63,0.0,AEX,EOE,FTA,EUR
20210621,715.16,724.25,713.94,723.77,0.0,AEX,EOE,FTA,EUR
20210622,724.35,729.76,721.87,728.59,0.0,AEX,EOE,FTA,EUR
20210623,731.57,732.18,725.05,725.05,0.0,AEX,EOE,FTA,EUR
20210624,728.08,733.74,727.03,732.7,0.0,AEX,EOE,FTA,EUR
20210625,734.01,734.92,731.29,733.14,0.0,AEX,EOE,FTA,EUR
20210628,730.41,734.69,729.09,730.86,0.0,AEX,EOE,FTA,EUR
20210629,731.47,736.33,731.14,734.19,0.0,AEX,EOE,FTA,EUR
20210630,734.5,735.63,726.85,729.52,0.0,AEX,EOE,FTA,EUR
20210701,734.71,738.1,726.22,731.33,0.0,AEX,EOE,FTA,EUR
20210702,734.08,736.35,731.79,733.55,0.0,AEX,EOE,FTA,EUR
20210705,732.17,735.3,730.0,733.99,0.0,AEX,EOE,FTA,EUR
20210706,733.25,735.8,729.19,731.48,0.0,AEX,EOE,FTA,EUR
20210707,733.99,737.95,733.7,737.64,0.0,AEX,EOE,FTA,EUR
20210708,732.6,733.01,718.21,723.11,0.0,AEX,EOE,FTA,EUR
20210709,726.94,732.15,725.53,732.15,0.0,AEX,EOE,FTA,EUR
20210712,731.92,739.4,730.19,738.44,0.0,AEX,EOE,FTA,EUR
20210713,741.22,742.86,738.94,742.86,0.0,AEX,EOE,FTA,EUR
20210714,740.96,747.35,740.85,744.95,0.0,AEX,EOE,FTA,EUR
20210715,741.09,744.53,738.2,739.42,0.0,AEX,EOE,FTA,EUR
20210716,740.37,740.56,734.19,736.52,0.0,AEX,EOE,FTA,EUR
20210719,729.62,729.8,716.23,721.09,0.0,AEX,EOE,FTA,EUR
20210720,723.53,727.84,716.98,722.03,0.0,AEX,EOE,FTA,EUR
20210721,728.24,735.11,728.23,733.74,0.0,AEX,EOE,FTA,EUR
20210722,735.88,741.13,734.97,739.03,0.0,AEX,EOE,FTA,EUR
20210723,741.61,749.78,739.58,749.42,0.0,AEX,EOE,FTA,EUR
20210726,744.36,746.64,742.52,745.1,0.0,AEX,EOE,FTA,EUR
20210727,740.72,741.94,735.67,737.24,0.0,AEX,EOE,FTA,EUR
20210728,739.19,747.82,738.56,747.66,0.0,AEX,EOE,FTA,EUR
20210729,750.96,758.58,750.91,758.08,0.0,AEX,EOE,FTA,EUR
20210730,752.16,759.35,751.37,754.31,0.0,AEX,EOE,FTA,EUR
20210802,760.48,762.19,754.87,758.22,0.0,AEX,EOE,FTA,EUR
20210803,755.81,760.75,754.46,760.08,0.0,AEX,EOE,FTA,EUR
20210804,763.66,767.39,763.06,766.24,0.0,AEX,EOE,FTA,EUR
20210805,763.86,771.56,763.86,768.23,0.0,AEX,EOE,FTA,EUR
20210806,768.03,769.51,766.87,767.82,0.0,AEX,EOE,FTA,EUR
20210809,766.7,772.93,766.7,771.8,0.0,AEX,EOE,FTA,EUR
20210810,773.54,777.26,773.2,775.12,0.0,AEX,EOE,FTA,EUR
20210811,776.6,778.73,774.18,775.84,0.0,AEX,EOE,FTA,EUR
20210812,775.16,778.96,773.95,775.24,0.0,AEX,EOE,FTA,EUR
20210813,773.85,775.5,771.94,774.83,0.0,AEX,EOE,FTA,EUR
20210816,769.64,772.49,767.14,769.78,0.0,AEX,EOE,FTA,EUR
20210817,766.93,772.08,764.65,770.79,0.0,AEX,EOE,FTA,EUR
20210818,770.98,773.01,768.9,771.48,0.0,AEX,EOE,FTA,EUR
20210819,761.22,766.27,755.33,765.83,0.0,AEX,EOE,FTA,EUR
20210820,766.09,772.92,763.34,771.41,0.0,AEX,EOE,FTA,EUR
20210823,777.14,780.86,773.24,780.28,0.0,AEX,EOE,FTA,EUR
20210824,785.02,785.61,780.55,783.15,0.0,AEX,EOE,FTA,EUR
20210825,783.56,785.46,781.24,781.93,0.0,AEX,EOE,FTA,EUR
20210826,778.19,781.94,776.19,780.31,0.0,AEX,EOE,FTA,EUR
20210827,780.41,787.33,779.85,787.04,0.0,AEX,EOE,FTA,EUR
20210830,788.32,790.23,787.88,789.14,0.0,AEX,EOE,FTA,EUR
20210831,791.27,792.54,784.9,787.62,0.0,AEX,EOE,FTA,EUR
20210901,793.39,793.91,787.75,790.0,0.0,AEX,EOE,FTA,EUR
20210902,789.11,793.76,787.63,793.32,0.0,AEX,EOE,FTA,EUR
20210903,793.23,794.1,784.81,789.55,0.0,AEX,EOE,FTA,EUR
20210906,792.79,799.56,792.79,798.55,0.0,AEX,EOE,FTA,EUR
20210907,798.05,799.51,793.64,794.73,0.0,AEX,EOE,FTA,EUR
20210908,789.83,791.92,784.35,789.0,0.0,AEX,EOE,FTA,EUR
20210909,785.11,791.18,782.21,787.17,0.0,AEX,EOE,FTA,EUR
20210910,790.29,794.06,786.84,788.49,0.0,AEX,EOE,FTA,EUR
20210913,789.49,794.88,789.49,791.45,0.0,AEX,EOE,FTA,EUR
20210914,792.65,798.04,789.57,797.71,0.0,AEX,EOE,FTA,EUR
20210915,798.76,800.34,794.1,794.19,0.0,AEX,EOE,FTA,EUR
20210916,797.1,800.41,796.72,798.15,0.0,AEX,EOE,FTA,EUR
20210917,803.67,804.47,788.03,789.49,0.0,AEX,EOE,FTA,EUR
20210920,779.8,781.38,773.24,778.28,0.0,AEX,EOE,FTA,EUR
20210921,781.98,789.97,781.98,786.31,0.0,AEX,EOE,FTA,EUR
20210922,790.25,792.95,786.85,792.4,0.0,AEX,EOE,FTA,EUR
20210923,799.15,803.11,797.93,800.61,0.0,AEX,EOE,FTA,EUR
20210924,797.76,798.19,790.63,791.45,0.0,AEX,EOE,FTA,EUR
20210927,798.49,798.67,787.09,788.67,0.0,AEX,EOE,FTA,EUR
20210928,787.02,788.28,772.45,773.71,0.0,AEX,EOE,FTA,EUR
20210929,775.68,783.79,774.83,775.84,0.0,AEX,EOE,FTA,EUR
20210930,782.67,785.18,771.79,771.94,0.0,AEX,EOE,FTA,EUR
20211001,761.82,771.19,761.82,766.69,0.0,AEX,EOE,FTA,EUR
20211004,762.26,765.96,756.54,757.2,0.0,AEX,EOE,FTA,EUR
20211005,758.84,771.61,758.84,771.19,0.0,AEX,EOE,FTA,EUR
20211006,763.49,764.09,751.06,761.22,0.0,AEX,EOE,FTA,EUR
20211007,771.18,777.85,767.64,777.18,0.0,AEX,EOE,FTA,EUR
20211008,777.45,777.5,772.05,772.05,0.0,AEX,EOE,FTA,EUR
20211011,771.58,775.33,768.22,773.79,0.0,AEX,EOE,FTA,EUR
20211012,763.89,773.85,763.24,771.47,0.0,AEX,EOE,FTA,EUR
20211013,769.59,778.91,767.52,777.52,0.0,AEX,EOE,FTA,EUR
20211014,785.08,791.56,784.0,790.84,0.0,AEX,EOE,FTA,EUR
20211015,796.64,801.03,792.33,800.41,0.0,AEX,EOE,FTA,EUR
20211018,797.04,798.48,792.59,796.74,0.0,AEX,EOE,FTA,EUR
20211019,800.0,803.24,798.37,802.49,0.0,AEX,EOE,FTA,EUR
20211020,798.73,808.36,798.73,805.47,0.0,AEX,EOE,FTA,EUR
20211021,801.23,809.68,800.87,807.64,0.0,AEX,EOE,FTA,EUR
20211022,812.5,816.97,810.92,812.97,0.0,AEX,EOE,FTA,EUR
20211025,815.52,816.75,812.07,813.02,0.0,AEX,EOE,FTA,EUR
20211026,813.44,818.31,813.09,816.91,0.0,AEX,EOE,FTA,EUR
20211027,816.03,818.27,813.92,815.29,0.0,AEX,EOE,FTA,EUR
20211028,812.81,815.95,810.45,812.23,0.0,AEX,EOE,FTA,EUR
20211029,804.46,811.53,801.26,810.91,0.0,AEX,EOE,FTA,EUR
20211101,815.25,815.63,808.3,811.74,0.0,AEX,EOE,FTA,EUR
20211102,809.21,812.53,808.42,812.29,0.0,AEX,EOE,FTA,EUR
20211103,811.28,816.07,811.28,816.01,0.0,AEX,EOE,FTA,EUR
20211104,820.71,822.34,818.04,820.38,0.0,AEX,EOE,FTA,EUR
20211105,820.15,824.72,819.05,819.72,0.0,AEX,EOE,FTA,EUR
20211108,818.22,820.88,817.48,817.59,0.0,AEX,EOE,FTA,EUR
20211109,815.27,818.12,813.1,815.17,0.0,AEX,EOE,FTA,EUR
20211110,817.08,819.8,808.8,814.63,0.0,AEX,EOE,FTA,EUR
20211111,812.22,816.35,809.04,816.35,0.0,AEX,EOE,FTA,EUR
20211112,815.38,820.3,813.06,820.3,0.0,AEX,EOE,FTA,EUR
20211115,820.92,823.21,817.8,823.21,0.0,AEX,EOE,FTA,EUR
20211116,825.71,828.01,822.66,826.5,0.0,AEX,EOE,FTA,EUR
20211117,827.38,829.35,825.82,827.57,0.0,AEX,EOE,FTA,EUR
20211118,826.22,829.66,823.44,825.06,0.0,AEX,EOE,FTA,EUR
20211119,825.28,828.0,820.45,821.8,0.0,AEX,EOE,FTA,EUR
20211122,824.25,825.38,815.34,815.34,0.0,AEX,EOE,FTA,EUR
20211123,807.5,810.11,801.5,802.24,0.0,AEX,EOE,FTA,EUR
20211124,804.98,807.29,795.28,802.96,0.0,AEX,EOE,FTA,EUR
20211125,806.92,808.91,803.78,807.55,0.0,AEX,EOE,FTA,EUR
20211126,782.27,793.0,779.7,781.63,0.0,AEX,EOE,FTA,EUR
20211129,791.63,793.76,786.38,787.01,0.0,AEX,EOE,FTA,EUR
20211130,778.57,786.84,774.31,777.39,0.0,AEX,EOE,FTA,EUR
20211201,783.84,792.16,779.62,790.7,0.0,AEX,EOE,FTA,EUR
20211202,779.79,783.75,773.37,778.8,0.0,AEX,EOE,FTA,EUR
20211203,784.8,785.1,769.14,772.22,0.0,AEX,EOE,FTA,EUR
20211206,778.23,780.44,770.88,778.43,0.0,AEX,EOE,FTA,EUR
20211207,789.95,806.13,789.63,805.78,0.0,AEX,EOE,FTA,EUR
20211208,805.07,809.16,797.72,797.72,0.0,AEX,EOE,FTA,EUR
20211209,800.23,800.83,790.93,791.91,0.0,AEX,EOE,FTA,EUR
20211210,786.05,793.73,786.05,788.01,0.0,AEX,EOE,FTA,EUR
20211213,791.41,796.23,782.47,783.0,0.0,AEX,EOE,FTA,EUR
20211214,786.61,788.08,775.31,775.75,0.0,AEX,EOE,FTA,EUR
20211215,778.35,780.44,774.54,775.46,0.0,AEX,EOE,FTA,EUR
20211216,791.11,793.06,781.59,781.59,0.0,AEX,EOE,FTA,EUR
20211217,776.58,778.0,765.56,771.7,0.0,AEX,EOE,FTA,EUR
20211220,757.25,765.51,755.57,763.03,0.0,AEX,EOE,FTA,EUR
20211221,771.54,775.97,768.74,774.95,0.0,AEX,EOE,FTA,EUR
20211222,777.63,782.08,773.95,782.08,0.0,AEX,EOE,FTA,EUR
20211223,787.55,793.2,784.37,792.3,0.0,AEX,EOE,FTA,EUR
20211224,791.84,793.34,790.48,790.48,0.0,AEX,EOE,FTA,EUR
20211227,788.84,798.51,788.4,797.3,0.0,AEX,EOE,FTA,EUR
20211228,796.99,803.59,796.61,800.95,0.0,AEX,EOE,FTA,EUR
20211229,801.5,802.28,793.56,796.12,0.0,AEX,EOE,FTA,EUR
20211230,797.68,800.83,797.13,800.25,0.0,AEX,EOE,FTA,EUR
20211231,799.65,800.66,796.59,797.93,0.0,AEX,EOE,FTA,EUR
20220103,802.5,805.85,800.62,803.31,0.0,AEX,EOE,FTA,EUR
20220104,808.76,812.55,802.28,804.28,0.0,AEX,EOE,FTA,EUR
20220105,802.5,805.66,799.58,800.75,0.0,AEX,EOE,FTA,EUR
20220106,786.92,789.28,779.84,785.9,0.0,AEX,EOE,FTA,EUR
20220107,788.95,789.94,783.63,788.43,0.0,AEX,EOE,FTA,EUR
20220110,792.1,792.42,770.31,773.13,0.0,AEX,EOE,FTA,EUR
20220111,781.89,783.73,777.36,782.35,0.0,AEX,EOE,FTA,EUR
20220112,788.66,794.13,785.6,790.44,0.0,AEX,EOE,FTA,EUR
20220113,789.74,796.12,788.46,791.33,0.0,AEX,EOE,FTA,EUR
20220114,783.14,788.33,781.11,783.53,0.0,AEX,EOE,FTA,EUR
20220117,782.02,784.32,775.08,781.32,0.0,AEX,EOE,FTA,EUR
20220118,776.57,776.89,766.09,769.7,0.0,AEX,EOE,FTA,EUR
20220119,763.02,779.94,761.84,772.56,0.0,AEX,EOE,FTA,EUR
20220120,776.09,778.26,770.77,778.26,0.0,AEX,EOE,FTA,EUR
20220121,763.77,768.71,755.92,763.7,0.0,AEX,EOE,FTA,EUR
20220124,761.04,764.82,734.71,738.66,0.0,AEX,EOE,FTA,EUR
20220125,746.62,747.05,734.42,739.86,0.0,AEX,EOE,FTA,EUR
20220126,746.34,756.86,746.34,752.43,0.0,AEX,EOE,FTA,EUR
20220127,737.36,758.87,737.36,753.79,0.0,AEX,EOE,FTA,EUR
20220128,749.21,749.87,734.54,744.26,0.0,AEX,EOE,FTA,EUR
20220131,754.33,759.11,749.23,755.2,0.0,AEX,EOE,FTA,EUR
20220201,761.91,765.64,759.03,765.22,0.0,AEX,EOE,FTA,EUR
20220202,768.76,772.23,765.56,765.56,0.0,AEX,EOE,FTA,EUR
20220203,763.9,764.06,748.8,748.81,0.0,AEX,EOE,FTA,EUR
20220204,753.74,756.25,742.01,747.17,0.0,AEX,EOE,FTA,EUR
20220207,750.23,758.32,746.02,755.69,0.0,AEX,EOE,FTA,EUR
20220208,755.24,757.89,750.7,755.79,0.0,AEX,EOE,FTA,EUR
20220209,765.51,771.64,763.88,769.94,0.0,AEX,EOE,FTA,EUR
20220210,765.79,770.23,758.84,762.65,0.0,AEX,EOE,FTA,EUR
20220211,754.02,764.65,754.02,761.5,0.0,AEX,EOE,FTA,EUR
20220214,748.96,749.39,737.98,747.89,0.0,AEX,EOE,FTA,EUR
20220215,745.49,755.98,745.4,755.22,0.0,AEX,EOE,FTA,EUR
20220216,757.43,763.02,754.53,758.92,0.0,AEX,EOE,FTA,EUR
20220217,759.48,760.76,748.23,751.2,0.0,AEX,EOE,FTA,EUR
20220218,751.27,752.77,742.84,744.89,0.0,AEX,EOE,FTA,EUR
20220221,747.27,747.27,725.36,729.73,0.0,AEX,EOE,FTA,EUR
20220222,714.76,737.2,714.76,731.96,0.0,AEX,EOE,FTA,EUR
20220223,734.18,741.02,726.63,727.91,0.0,AEX,EOE,FTA,EUR
20220224,701.84,713.32,699.99,708.55,0.0,AEX,EOE,FTA,EUR
20220225,714.29,728.75,708.25,727.85,0.0,AEX,EOE,FTA,EUR
20220228,716.76,730.93,712.76,729.72,0.0,AEX,EOE,FTA,EUR
20220301,728.52,731.06,713.46,713.46,0.0,AEX,EOE,FTA,EUR
20220302,711.54,726.27,709.44,721.0,0.0,AEX,EOE,FTA,EUR
20220303,721.19,726.34,703.78,705.42,0.0,AEX,EOE,FTA,EUR
20220304,700.14,701.55,671.68,671.73,0.0,AEX,EOE,FTA,EUR
20220307,660.35,681.34,653.09,669.04,0.0,AEX,EOE,FTA,EUR
20220308,660.73,676.94,652.8,656.74,0.0,AEX,EOE,FTA,EUR
20220309,670.48,688.33,668.44,688.33,0.0,AEX,EOE,FTA,EUR
20220310,687.23,687.32,670.05,671.85,0.0,AEX,EOE,FTA,EUR
20220311,673.04,688.28,665.15,674.8,0.0,AEX,EOE,FTA,EUR
20220314,677.24,681.85,670.81,674.3,0.0,AEX,EOE,FTA,EUR
20220315,666.22,677.33,660.0,676.38,0.0,AEX,EOE,FTA,EUR
20220316,688.25,707.22,686.32,703.52,0.0,AEX,EOE,FTA,EUR
20220317,708.74,710.53,700.61,707.45,0.0,AEX,EOE,FTA,EUR
20220318,709.95,716.47,699.86,716.36,0.0,AEX,EOE,FTA,EUR
20220321,715.42,721.09,714.46,718.37,0.0,AEX,EOE,FTA,EUR
20220322,722.19,730.0,720.88,728.27,0.0,AEX,EOE,FTA,EUR
20220323,730.84,732.23,718.35,721.81,0.0,AEX,EOE,FTA,EUR
20220324,722.09,723.92,718.25,720.85,0.0,AEX,EOE,FTA,EUR
20220325,721.15,728.85,717.92,723.9,0.0,AEX,EOE,FTA,EUR
20220328,724.36,729.96,720.36,720.36,0.0,AEX,EOE,FTA,EUR
20220329,729.6,739.27,728.96,735.15,0.0,AEX,EOE,FTA,EUR
20220330,735.53,735.53,730.64,733.88,0.0,AEX,EOE,FTA,EUR
20220331,732.59,735.59,724.2,724.2,0.0,AEX,EOE,FTA,EUR
20220401,725.99,731.63,723.32,728.0,0.0,AEX,EOE,FTA,EUR
20220404,732.18,739.22,728.31,737.8,0.0,AEX,EOE,FTA,EUR
20220405,741.31,743.05,732.94,736.02,0.0,AEX,EOE,FTA,EUR
20220406,734.18,734.46,715.37,719.67,0.0,AEX,EOE,FTA,EUR
20220407,722.07,727.33,715.03,716.53,0.0,AEX,EOE,FTA,EUR
20220408,725.35,727.26,721.26,724.75,0.0,AEX,EOE,FTA,EUR
20220411,717.75,721.06,713.24,714.74,0.0,AEX,EOE,FTA,EUR
20220412,708.33,718.69,705.03,716.38,0.0,AEX,EOE,FTA,EUR
20220413,713.23,718.07,711.61,718.07,0.0,AEX,EOE,FTA,EUR
20220414,719.66,723.55,717.02,719.7,0.0,AEX,EOE,FTA,EUR
20220419,716.37,719.83,707.89,716.57,0.0,AEX,EOE,FTA,EUR
20220420,721.74,730.77,717.32,725.61,0.0,AEX,EOE,FTA,EUR
20220421,727.21,732.58,726.0,729.05,0.0,AEX,EOE,FTA,EUR
20220422,718.55,723.78,716.8,717.26,0.0,AEX,EOE,FTA,EUR
20220425,700.95,708.39,696.33,699.17,0.0,AEX,EOE,FTA,EUR
20220426,711.24,711.38,694.22,695.57,0.0,AEX,EOE,FTA,EUR
20220427,693.75,699.65,687.74,696.35,0.0,AEX,EOE,FTA,EUR
20220428,704.01,707.64,699.42,705.93,0.0,AEX,EOE,FTA,EUR
20220429,712.39,719.1,709.04,710.98,0.0,AEX,EOE,FTA,EUR
20220502,702.52,703.03,681.1,694.44,0.0,AEX,EOE,FTA,EUR
20220503,701.74,706.0,699.3,705.95,0.0,AEX,EOE,FTA,EUR
20220504,706.99,707.16,698.68,698.68,0.0,AEX,EOE,FTA,EUR
20220505,713.4,714.7,694.4,696.19,0.0,AEX,EOE,FTA,EUR
20220506,692.28,692.56,675.96,682.19,0.0,AEX,EOE,FTA,EUR
20220509,677.82,684.11,666.17,666.17,0.0,AEX,EOE,FTA,EUR
20220510,671.86,679.59,669.59,669.74,0.0,AEX,EOE,FTA,EUR
20220511,675.36,683.61,666.96,682.7,0.0,AEX,EOE,FTA,EUR
20220512,663.69,680.06,662.22,675.09,0.0,AEX,EOE,FTA,EUR
20220513,682.37,694.68,680.7,694.13,0.0,AEX,EOE,FTA,EUR
20220516,690.08,696.34,687.64,694.62,0.0,AEX,EOE,FTA,EUR
20220517,699.82,707.21,698.29,702.58,0.0,AEX,EOE,FTA,EUR
20220518,703.23,703.75,692.45,693.03,0.0,AEX,EOE,FTA,EUR
20220519,681.65,684.86,669.42,678.35,0.0,AEX,EOE,FTA,EUR
20220520,681.29,692.19,681.2,682.96,0.0,AEX,EOE,FTA,EUR
20220523,692.22,694.02,685.11,694.02,0.0,AEX,EOE,FTA,EUR
20220524,685.47,688.56,679.7,679.88,0.0,AEX,EOE,FTA,EUR
20220525,684.83,686.43,677.59,684.11,0.0,AEX,EOE,FTA,EUR
20220526,684.54,694.18,684.36,692.8,0.0,AEX,EOE,FTA,EUR
20220527,694.97,702.28,693.06,702.28,0.0,AEX,EOE,FTA,EUR
20220530,707.49,711.67,706.86,708.34,0.0,AEX,EOE,FTA,EUR
20220531,714.4,719.0,711.45,712.88,0.0,AEX,EOE,FTA,EUR
20220601,714.87,714.87,700.07,701.19,0.0,AEX,EOE,FTA,EUR
20220602,703.15,705.17,699.37,703.44,0.0,AEX,EOE,FTA,EUR
20220603,707.36,707.79,699.83,700.69,0.0,AEX,EOE,FTA,EUR
20220606,705.73,716.13,705.65,711.82,0.0,AEX,EOE,FTA,EUR
20220607,708.52,710.2,703.44,709.14,0.0,AEX,EOE,FTA,EUR
20220608,714.01,714.01,706.4,710.99,0.0,AEX,EOE,FTA,EUR
20220609,706.28,712.44,699.58,699.58,0.0,AEX,EOE,FTA,EUR
20220610,694.61,695.67,680.99,681.97,0.0,AEX,EOE,FTA,EUR
20220613,670.76,671.85,658.95,661.54,0.0,AEX,EOE,FTA,EUR
20220614,667.68,668.75,652.87,652.87,0.0,AEX,EOE,FTA,EUR
20220615,656.56,665.27,650.27,663.21,0.0,AEX,EOE,FTA,EUR
20220616,658.38,660.42,636.5,638.34,0.0,AEX,EOE,FTA,EUR
20220617,637.21,646.18,633.44,635.75,0.0,AEX,EOE,FTA,EUR
20220620,636.75,641.43,633.39,641.43,0.0,AEX,EOE,FTA,EUR
20220621,645.42,651.2,644.82,648.03,0.0,AEX,EOE,FTA,EUR
20220622,638.16,644.46,633.72,641.87,0.0,AEX,EOE,FTA,EUR
20220623,637.22,643.22,632.02,635.93,0.0,AEX,EOE,FTA,EUR
20220624,638.82,660.88,638.26,660.32,0.0,AEX,EOE,FTA,EUR
20220627,662.21,676.07,661.42,670.53,0.0,AEX,EOE,FTA,EUR
20220628,674.34,676.11,668.83,669.01,0.0,AEX,EOE,FTA,EUR
20220629,664.09,669.36,660.07,666.57,0.0,AEX,EOE,FTA,EUR
20220630,657.26,660.85,652.5,659.23,0.0,AEX,EOE,FTA,EUR
20220701,651.22,661.0,648.7,655.68,0.0,AEX,EOE,FTA,EUR
20220704,659.14,661.57,656.1,659.61,0.0,AEX,EOE,FTA,EUR
20220705,662.79,664.06,643.6,644.22,0.0,AEX,EOE,FTA,EUR
20220706,655.27,661.51,652.94,656.71,0.0,AEX,EOE,FTA,EUR
20220707,665.48,672.38,663.12,671.42,0.0,AEX,EOE,FTA,EUR
20220708,671.65,675.15,665.73,674.22,0.0,AEX,EOE,FTA,EUR
20220711,663.96,673.37,662.79,669.17,0.0,AEX,EOE,FTA,EUR
20220712,664.88,672.08,660.7,670.68,0.0,AEX,EOE,FTA,EUR
20220713,670.3,670.63,656.66,665.91,0.0,AEX,EOE,FTA,EUR
20220714,666.38,668.46,654.62,659.71,0.0,AEX,EOE,FTA,EUR
20220715,662.52,672.63,660.17,671.92,0.0,AEX,EOE,FTA,EUR
20220718,678.68,683.57,676.92,681.1,0.0,AEX,EOE,FTA,EUR
20220719,674.24,691.06,673.35,689.47,0.0,AEX,EOE,FTA,EUR
20220720,688.74,695.27,685.89,694.41,0.0,AEX,EOE,FTA,EUR
20220721,694.49,704.61,694.16,704.61,0.0,AEX,EOE,FTA,EUR
20220722,704.18,711.0,702.77,705.04,0.0,AEX,EOE,FTA,EUR
20220725,702.79,707.08,699.47,707.01,0.0,AEX,EOE,FTA,EUR
20220726,708.68,712.19,705.21,706.26,0.0,AEX,EOE,FTA,EUR
20220727,711.05,716.64,709.91,713.53,0.0,AEX,EOE,FTA,EUR
20220728,718.62,722.38,713.52,722.38,0.0,AEX,EOE,FTA,EUR
20220729,722.73,732.58,722.54,729.44,0.0,AEX,EOE,FTA,EUR
20220801,728.68,732.41,725.31,728.18,0.0,AEX,EOE,FTA,EUR
20220802,726.88,727.02,720.86,725.75,0.0,AEX,EOE,FTA,EUR
20220803,726.7,735.02,725.01,734.53,0.0,AEX,EOE,FTA,EUR
20220804,732.56,736.34,729.72,731.58,0.0,AEX,EOE,FTA,EUR
20220805,730.29,732.19,720.49,722.74,0.0,AEX,EOE,FTA,EUR
20220808,728.21,733.28,725.83,727.87,0.0,AEX,EOE,FTA,EUR
20220809,727.1,728.18,716.48,716.93,0.0,AEX,EOE,FTA,EUR
20220810,712.82,725.22,712.67,724.27,0.0,AEX,EOE,FTA,EUR
20220811,728.54,729.85,723.21,725.79,0.0,AEX,EOE,FTA,EUR
20220812,723.66,726.59,720.21,725.76,0.0,AEX,EOE,FTA,EUR
20220815,729.67,730.39,722.05,728.88,0.0,AEX,EOE,FTA,EUR
20220816,731.43,732.29,725.47,728.11,0.0,AEX,EOE,FTA,EUR
20220817,730.58,730.62,722.46,723.09,0.0,AEX,EOE,FTA,EUR
20220818,719.03,726.11,716.04,725.86,0.0,AEX,EOE,FTA,EUR
20220819,722.17,728.19,719.07,719.52,0.0,AEX,EOE,FTA,EUR
20220822,714.07,717.02,708.56,711.04,0.0,AEX,EOE,FTA,EUR
20220823,706.89,712.52,706.89,710.87,0.0,AEX,EOE,FTA,EUR
20220824,708.23,714.72,705.12,713.81,0.0,AEX,EOE,FTA,EUR
20220825,717.72,720.56,713.14,718.25,0.0,AEX,EOE,FTA,EUR
20220826,720.32,722.57,703.36,705.08,0.0,AEX,EOE,FTA,EUR
20220829,695.97,701.33,692.93,698.33,0.0,AEX,EOE,FTA,EUR
20220830,700.58,707.69,687.32,690.31,0.0,AEX,EOE,FTA,EUR
20220831,695.93,697.22,680.31,680.31,0.0,AEX,EOE,FTA,EUR
20220901,674.96,675.68,664.89,666.94,0.0,AEX,EOE,FTA,EUR
20220902,673.19,679.66,668.42,678.57,0.0,AEX,EOE,FTA,EUR
20220905,668.71,675.45,664.51,674.12,0.0,AEX,EOE,FTA,EUR
20220906,672.58,678.82,668.54,675.27,0.0,AEX,EOE,FTA,EUR
20220907,667.65,672.9,664.87,671.27,0.0,AEX,EOE,FTA,EUR
20220908,673.65,675.76,663.63,674.4,0.0,AEX,EOE,FTA,EUR
20220909,675.96,688.42,675.96,685.97,0.0,AEX,EOE,FTA,EUR
20220912,687.82,699.21,686.83,696.87,0.0,AEX,EOE,FTA,EUR
20220913,698.68,703.39,684.23,684.23,0.0,AEX,EOE,FTA,EUR
20220914,679.48,684.73,675.72,680.86,0.0,AEX,EOE,FTA,EUR
20220915,680.45,684.93,672.98,674.74,0.0,AEX,EOE,FTA,EUR
20220916,668.99,670.11,663.48,664.83,0.0,AEX,EOE,FTA,EUR
20220919,661.78,668.12,657.04,665.43,0.0,AEX,EOE,FTA,EUR
20220920,667.14,672.66,660.09,661.61,0.0,AEX,EOE,FTA,EUR
20220921,657.79,671.03,657.43,669.79,0.0,AEX,EOE,FTA,EUR
20220922,658.76,670.41,657.37,657.4,0.0,AEX,EOE,FTA,EUR
20220923,654.21,654.54,637.36,639.28,0.0,AEX,EOE,FTA,EUR
20220926,638.14,647.79,635.7,640.41,0.0,AEX,EOE,FTA,EUR
20220927,645.57,650.99,642.72,642.72,0.0,AEX,EOE,FTA,EUR
20220928,633.66,642.18,627.35,641.09,0.0,AEX,EOE,FTA,EUR
20220929,639.28,639.28,628.83,633.55,0.0,AEX,EOE,FTA,EUR
20220930,636.24,642.36,633.76,640.62,0.0,AEX,EOE,FTA,EUR
20221003,633.48,646.97,630.85,645.8,0.0,AEX,EOE,FTA,EUR
20221004,653.15,669.59,653.15,669.59,0.0,AEX,EOE,FTA,EUR
20221005,666.61,669.76,661.37,664.45,0.0,AEX,EOE,FTA,EUR
20221006,667.21,668.68,659.1,661.38,0.0,AEX,EOE,FTA,EUR
20221007,655.87,660.32,646.81,647.11,0.0,AEX,EOE,FTA,EUR
20221010,640.42,649.8,640.0,641.21,0.0,AEX,EOE,FTA,EUR
20221011,636.6,640.53,631.23,636.31,0.0,AEX,EOE,FTA,EUR
20221012,633.29,638.18,627.08,631.18,0.0,AEX,EOE,FTA,EUR
20221013,627.26,633.9,611.74,633.01,0.0,AEX,EOE,FTA,EUR
20221014,640.88,644.78,629.72,630.58,0.0,AEX,EOE,FTA,EUR
20221017,631.81,643.83,628.18,640.95,0.0,AEX,EOE,FTA,EUR
20221018,645.28,650.51,642.3,642.48,0.0,AEX,EOE,FTA,EUR
20221019,647.82,649.3,641.14,645.39,0.0,AEX,EOE,FTA,EUR
20221020,643.67,653.01,641.83,652.04,0.0,AEX,EOE,FTA,EUR
20221021,647.06,654.95,641.22,652.46,0.0,AEX,EOE,FTA,EUR
20221024,653.19,658.22,647.34,653.54,0.0,AEX,EOE,FTA,EUR
20221025,658.17,666.54,654.9,666.21,0.0,AEX,EOE,FTA,EUR
20221026,661.29,666.66,654.24,665.63,0.0,AEX,EOE,FTA,EUR
20221027,664.93,671.38,661.89,669.4,0.0,AEX,EOE,FTA,EUR
20221028,659.71,668.37,657.37,667.52,0.0,AEX,EOE,FTA,EUR
20221031,671.52,673.18,667.28,670.62,0.0,AEX,EOE,FTA,EUR
20221101,675.28,680.0,672.68,673.32,0.0,AEX,EOE,FTA,EUR
20221102,673.5,677.2,667.13,667.24,0.0,AEX,EOE,FTA,EUR
20221103,658.9,662.47,654.83,661.18,0.0,AEX,EOE,FTA,EUR
20221104,664.18,676.88,663.58,671.88,0.0,AEX,EOE,FTA,EUR
20221107,668.83,677.51,668.64,676.06,0.0,AEX,EOE,FTA,EUR
20221108,674.14,684.28,673.29,683.96,0.0,AEX,EOE,FTA,EUR
20221109,680.51,682.15,674.31,677.26,0.0,AEX,EOE,FTA,EUR
20221110,670.57,701.68,670.33,700.65,0.0,AEX,EOE,FTA,EUR
20221111,707.79,710.12,700.39,702.91,0.0,AEX,EOE,FTA,EUR
20221114,706.44,710.6,703.88,706.67,0.0,AEX,EOE,FTA,EUR
20221115,710.44,718.45,709.85,716.43,0.0,AEX,EOE,FTA,EUR
20221116,716.19,717.99,707.82,709.11,0.0,AEX,EOE,FTA,EUR
20221117,710.59,711.1,700.94,708.38,0.0,AEX,EOE,FTA,EUR
20221118,710.73,716.96,708.16,712.55,0.0,AEX,EOE,FTA,EUR
20221121,711.72,712.72,708.63,710.38,0.0,AEX,EOE,FTA,EUR
20221122,711.14,717.31,706.84,716.33,0.0,AEX,EOE,FTA,EUR
20221123,718.93,722.69,716.35,721.45,0.0,AEX,EOE,FTA,EUR
20221124,720.01,726.46,720.01,722.74,0.0,AEX,EOE,FTA,EUR
20221125,721.31,725.8,721.12,722.93,0.0,AEX,EOE,FTA,EUR
20221128,716.73,721.84,715.17,720.51,0.0,AEX,EOE,FTA,EUR
20221129,723.76,726.2,716.88,717.74,0.0,AEX,EOE,FTA,EUR
20221130,721.67,726.07,720.24,724.1,0.0,AEX,EOE,FTA,EUR
20221201,731.73,734.56,728.76,731.74,0.0,AEX,EOE,FTA,EUR
20221202,728.85,732.89,722.82,731.04,0.0,AEX,EOE,FTA,EUR
20221205,730.46,731.04,726.46,727.09,0.0,AEX,EOE,FTA,EUR
20221206,725.84,728.56,720.66,723.68,0.0,AEX,EOE,FTA,EUR
20221207,719.7,722.81,715.96,718.34,0.0,AEX,EOE,FTA,EUR
20221208,719.26,721.83,715.62,719.83,0.0,AEX,EOE,FTA,EUR
20221209,722.84,725.59,718.58,724.17,0.0,AEX,EOE,FTA,EUR
20221212,719.2,722.23,718.12,720.69,0.0,AEX,EOE,FTA,EUR
20221213,724.76,741.09,721.52,732.95,0.0,AEX,EOE,FTA,EUR
20221214,729.85,732.13,727.72,730.87,0.0,AEX,EOE,FTA,EUR
20221215,723.26,725.0,707.14,707.6,0.0,AEX,EOE,FTA,EUR
20221216,705.35,707.22,697.17,700.0,0.0,AEX,EOE,FTA,EUR
20221219,702.82,706.31,700.68,700.71,0.0,AEX,EOE,FTA,EUR
20221220,694.34,700.32,692.79,697.25,0.0,AEX,EOE,FTA,EUR
20221221,699.71,710.07,698.76,709.58,0.0,AEX,EOE,FTA,EUR
20221222,711.35,713.02,699.28,700.4,0.0,AEX,EOE,FTA,EUR
20221223,700.79,703.65,697.59,701.06,0.0,AEX,EOE,FTA,EUR
20221227,705.72,707.0,699.61,701.06,0.0,AEX,EOE,FTA,EUR
20221228,700.68,701.7,694.66,694.84,0.0,AEX,EOE,FTA,EUR
20221229,694.09,701.41,691.6,701.01,0.0,AEX,EOE,FTA,EUR
20221230,697.75,697.75,688.24,689.01,0.0,AEX,EOE,FTA,EUR
20230102,697.11,701.53,694.63,701.16,0.0,AEX,EOE,FTA,EUR
20230103,702.49,715.04,702.49,707.63,0.0,AEX,EOE,FTA,EUR
20230104,709.96,719.16,709.96,717.51,0.0,AEX,EOE,FTA,EUR
20230105,715.92,718.51,712.74,714.32,0.0,AEX,EOE,FTA,EUR
20230106,715.92,725.14,712.16,724.26,0.0,AEX,EOE,FTA,EUR
20230109,730.6,737.78,728.19,736.18,0.0,AEX,EOE,FTA,EUR
20230110,730.41,735.33,730.41,733.03,0.0,AEX,EOE,FTA,EUR
20230111,734.88,741.09,734.53,738.83,0.0,AEX,EOE,FTA,EUR
20230112,738.29,746.24,737.84,741.9,0.0,AEX,EOE,FTA,EUR
20230113,744.99,750.41,743.84,748.04,0.0,AEX,EOE,FTA,EUR
20230116,748.94,749.45,746.23,748.35,0.0,AEX,EOE,FTA,EUR
20230117,745.87,751.74,742.86,748.81,0.0,AEX,EOE,FTA,EUR
20230118,750.99,755.55,748.61,749.12,0.0,AEX,EOE,FTA,EUR
20230119,744.22,746.04,735.68,735.68,0.0,AEX,EOE,FTA,EUR
20230120,738.2,739.05,735.34,738.64,0.0,AEX,EOE,FTA,EUR
20230123,741.04,749.15,740.43,747.87,0.0,AEX,EOE,FTA,EUR
20230124,750.04,750.71,742.99,746.4,0.0,AEX,EOE,FTA,EUR
20230125,744.62,745.56,735.0,741.34,0.0,AEX,EOE,FTA,EUR
20230126,747.11,750.69,744.67,747.21,0.0,AEX,EOE,FTA,EUR
20230127,749.31,751.99,747.07,750.67,0.0,AEX,EOE,FTA,EUR
20230130,743.09,744.97,738.03,744.83,0.0,AEX,EOE,FTA,EUR
20230131,742.16,745.82,736.75,745.19,0.0,AEX,EOE,FTA,EUR
20230201,747.15,750.4,745.18,747.68,0.0,AEX,EOE,FTA,EUR
20230202,751.89,762.09,751.86,758.61,0.0,AEX,EOE,FTA,EUR
20230203,756.63,763.86,755.67,763.86,0.0,AEX,EOE,FTA,EUR
20230206,758.71,759.02,749.58,752.4,0.0,AEX,EOE,FTA,EUR
20230207,752.79,754.46,749.34,753.09,0.0,AEX,EOE,FTA,EUR
20230208,756.41,756.99,748.4,748.4,0.0,AEX,EOE,FTA,EUR
20230209,753.71,760.87,753.62,757.05,0.0,AEX,EOE,FTA,EUR
20230210,752.47,756.01,747.76,752.22,0.0,AEX,EOE,FTA,EUR
20230213,753.22,763.17,753.02,762.64,0.0,AEX,EOE,FTA,EUR
20230214,764.21,770.8,761.21,762.97,0.0,AEX,EOE,FTA,EUR
20230215,762.82,769.73,762.37,769.73,0.0,AEX,EOE,FTA,EUR
20230216,773.94,777.58,766.62,771.69,0.0,AEX,EOE,FTA,EUR
20230217,763.3,768.03,759.66,765.04,0.0,AEX,EOE,FTA,EUR
20230220,765.63,765.97,761.09,762.63,0.0,AEX,EOE,FTA,EUR
20230221,758.63,760.2,752.33,757.66,0.0,AEX,EOE,FTA,EUR
20230222,755.77,758.32,751.51,756.63,0.0,AEX,EOE,FTA,EUR
20230223,759.33,761.55,755.72,755.72,0.0,AEX,EOE,FTA,EUR
20230224,759.3,759.79,746.41,746.41,0.0,AEX,EOE,FTA,EUR
20230227,752.59,760.2,752.59,756.99,0.0,AEX,EOE,FTA,EUR
20230228,754.18,758.33,751.24,752.93,0.0,AEX,EOE,FTA,EUR
20230301,756.2,759.04,748.53,749.38,0.0,AEX,EOE,FTA,EUR
20230302,745.71,755.17,743.9,755.17,0.0,AEX,EOE,FTA,EUR
20230303,759.54,761.82,757.62,760.57,0.0,AEX,EOE,FTA,EUR
20230306,763.16,763.41,757.74,759.83,0.0,AEX,EOE,FTA,EUR
20230307,756.4,759.77,751.02,751.52,0.0,AEX,EOE,FTA,EUR
20230308,748.6,754.2,748.48,753.35,0.0,AEX,EOE,FTA,EUR
20230309,751.25,755.64,746.57,753.2,0.0,AEX,EOE,FTA,EUR
20230310,742.0,747.53,737.54,743.03,0.0,AEX,EOE,FTA,EUR
20230313,742.28,742.44,720.39,727.25,0.0,AEX,EOE,FTA,EUR
20230314,728.74,739.41,724.88,737.52,0.0,AEX,EOE,FTA,EUR
20230315,735.5,736.1,715.05,716.47,0.0,AEX,EOE,FTA,EUR
20230316,726.24,729.1,711.81,727.06,0.0,AEX,EOE,FTA,EUR
20230317,733.13,738.74,718.73,722.43,0.0,AEX,EOE,FTA,EUR
20230320,718.14,732.24,710.89,729.05,0.0,AEX,EOE,FTA,EUR
20230321,734.18,742.1,733.8,736.18,0.0,AEX,EOE,FTA,EUR
20230322,737.28,744.7,736.09,741.8,0.0,AEX,EOE,FTA,EUR
20230323,740.15,745.63,736.45,743.59,0.0,AEX,EOE,FTA,EUR
20230324,742.03,742.03,727.93,731.81,0.0,AEX,EOE,FTA,EUR
20230327,738.61,740.05,733.53,735.91,0.0,AEX,EOE,FTA,EUR
20230328,740.72,741.85,731.72,733.81,0.0,AEX,EOE,FTA,EUR
20230329,739.3,745.79,738.75,745.54,0.0,AEX,EOE,FTA,EUR
20230330,747.9,753.67,747.9,752.46,0.0,AEX,EOE,FTA,EUR
20230331,752.54,757.73,751.23,756.18,0.0,AEX,EOE,FTA,EUR
20230403,758.91,761.27,757.33,758.41,0.0,AEX,EOE,FTA,EUR
20230404,762.09,765.46,758.33,758.36,0.0,AEX,EOE,FTA,EUR
20230405,756.86,757.88,753.27,755.76,0.0,AEX,EOE,FTA,EUR
20230406,757.45,760.97,756.72,759.84,0.0,AEX,EOE,FTA,EUR
20230411,764.75,765.76,762.57,763.32,0.0,AEX,EOE,FTA,EUR
20230412,761.77,769.14,758.23,759.54,0.0,AEX,EOE,FTA,EUR
20230413,758.35,761.02,757.02,760.57,0.0,AEX,EOE,FTA,EUR
20230414,760.06,763.51,758.55,761.4,0.0,AEX,EOE,FTA,EUR
20230417,761.18,763.36,758.28,758.5,0.0,AEX,EOE,FTA,EUR
20230418,759.27,765.16,758.99,763.15,0.0,AEX,EOE,FTA,EUR
20230419,759.99,761.16,757.25,760.22,0.0,AEX,EOE,FTA,EUR
20230420,761.69,761.98,756.42,761.1,0.0,AEX,EOE,FTA,EUR
20230421,760.54,763.4,758.65,762.19,0.0,AEX,EOE,FTA,EUR
20230424,759.35,764.64,759.27,762.49,0.0,AEX,EOE,FTA,EUR
20230425,758.19,758.47,754.45,755.45,0.0,AEX,EOE,FTA,EUR
20230426,750.38,751.18,745.26,749.6,0.0,AEX,EOE,FTA,EUR
20230427,747.18,752.65,746.4,752.6,0.0,AEX,EOE,FTA,EUR
20230428,754.52,758.94,748.45,758.49,0.0,AEX,EOE,FTA,EUR
20230502,758.74,759.91,743.55,744.31,0.0,AEX,EOE,FTA,EUR
20230503,748.05,748.5,743.1,744.24,0.0,AEX,EOE,FTA,EUR
20230504,744.52,744.82,735.91,741.22,0.0,AEX,EOE,FTA,EUR
20230505,745.16,750.95,743.59,750.48,0.0,AEX,EOE,FTA,EUR
20230508,751.89,754.83,751.22,752.68,0.0,AEX,EOE,FTA,EUR
20230509,751.58,751.93,744.74,748.38,0.0,AEX,EOE,FTA,EUR
20230510,748.03,751.15,745.33,748.29,0.0,AEX,EOE,FTA,EUR
20230511,750.31,755.75,747.14,751.12,0.0,AEX,EOE,FTA,EUR
20230512,753.29,755.87,751.95,752.99,0.0,AEX,EOE,FTA,EUR
20230515,756.0,757.84,753.46,756.18,0.0,AEX,EOE,FTA,EUR
20230516,755.32,759.29,754.61,756.22,0.0,AEX,EOE,FTA,EUR
20230517,754.89,759.04,753.82,757.66,0.0,AEX,EOE,FTA,EUR
20230518,760.08,766.14,759.82,765.28,0.0,AEX,EOE,FTA,EUR
20230519,767.92,771.74,767.1,767.1,0.0,AEX,EOE,FTA,EUR
20230522,766.81,768.59,765.33,767.61,0.0,AEX,EOE,FTA,EUR
20230523,766.54,769.0,765.51,765.98,0.0,AEX,EOE,FTA,EUR
20230524,760.04,760.5,750.22,754.13,0.0,AEX,EOE,FTA,EUR
20230525,758.44,759.34,753.58,755.21,0.0,AEX,EOE,FTA,EUR
20230526,758.75,770.39,756.74,767.86,0.0,AEX,EOE,FTA,EUR
20230529,769.02,769.52,763.66,764.1,0.0,AEX,EOE,FTA,EUR
20230530,765.29,765.95,755.38,756.67,0.0,AEX,EOE,FTA,EUR
20230531,750.14,756.03,748.45,748.86,0.0,AEX,EOE,FTA,EUR
20230601,754.41,758.02,752.55,756.35,0.0,AEX,EOE,FTA,EUR
20230602,759.43,765.82,758.14,764.92,0.0,AEX,EOE,FTA,EUR
20230605,767.41,768.42,763.2,763.34,0.0,AEX,EOE,FTA,EUR
20230606,759.77,762.65,757.08,762.22,0.0,AEX,EOE,FTA,EUR
20230607,761.68,763.65,759.41,761.61,0.0,AEX,EOE,FTA,EUR
20230608,758.12,761.12,757.32,760.94,0.0,AEX,EOE,FTA,EUR
20230609,763.34,763.34,755.93,759.32,0.0,AEX,EOE,FTA,EUR
20230612,761.35,764.09,759.88,760.34,0.0,AEX,EOE,FTA,EUR
20230613,766.15,768.85,761.91,767.71,0.0,AEX,EOE,FTA,EUR
20230614,766.98,773.0,765.96,771.41,0.0,AEX,EOE,FTA,EUR
20230615,770.82,774.38,767.33,772.64,0.0,AEX,EOE,FTA,EUR
20230616,774.88,776.29,772.37,772.72,0.0,AEX,EOE,FTA,EUR
20230619,770.86,772.45,768.24,768.98,0.0,AEX,EOE,FTA,EUR
20230620,765.38,767.4,762.52,763.09,0.0,AEX,EOE,FTA,EUR
20230621,761.43,763.35,758.21,759.16,0.0,AEX,EOE,FTA,EUR
20230622,752.61,759.17,750.74,759.17,0.0,AEX,EOE,FTA,EUR
20230623,756.66,759.19,753.78,756.6,0.0,AEX,EOE,FTA,EUR
20230626,757.15,759.75,751.43,757.5,0.0,AEX,EOE,FTA,EUR
20230627,761.77,763.11,755.48,760.56,0.0,AEX,EOE,FTA,EUR
20230628,762.83,768.68,762.3,767.77,0.0,AEX,EOE,FTA,EUR
20230629,767.99,770.25,766.53,768.94,0.0,AEX,EOE,FTA,EUR
20230630,767.38,775.96,765.72,773.94,0.0,AEX,EOE,FTA,EUR
20230703,777.1,781.11,776.44,776.44,0.0,AEX,EOE,FTA,EUR
20230704,777.89,780.81,777.45,778.72,0.0,AEX,EOE,FTA,EUR
20230705,773.46,775.45,768.92,769.89,0.0,AEX,EOE,FTA,EUR
20230706,764.97,765.1,751.59,753.34,0.0,AEX,EOE,FTA,EUR
20230707,752.92,756.67,747.66,753.52,0.0,AEX,EOE,FTA,EUR
20230710,749.6,757.6,749.6,755.76,0.0,AEX,EOE,FTA,EUR
20230711,757.25,758.97,753.29,755.82,0.0,AEX,EOE,FTA,EUR
20230712,759.98,770.61,759.13,768.14,0.0,AEX,EOE,FTA,EUR
20230713,768.5,777.12,768.5,774.8,0.0,AEX,EOE,FTA,EUR
20230714,775.53,781.49,775.53,778.93,0.0,AEX,EOE,FTA,EUR
20230717,773.58,777.74,771.86,773.45,0.0,AEX,EOE,FTA,EUR
20230718,770.92,775.67,770.92,774.48,0.0,AEX,EOE,FTA,EUR
20230719,777.93,779.19,774.45,775.03,0.0,AEX,EOE,FTA,EUR
20230720,769.74,772.67,768.21,769.62,0.0,AEX,EOE,FTA,EUR
20230721,768.13,773.84,768.03,773.75,0.0,AEX,EOE,FTA,EUR
20230724,771.41,773.79,769.21,771.55,0.0,AEX,EOE,FTA,EUR
20230725,777.74,781.13,775.66,779.81,0.0,AEX,EOE,FTA,EUR
20230726,777.94,778.12,770.53,775.46,0.0,AEX,EOE,FTA,EUR
20230727,779.02,793.07,779.02,792.06,0.0,AEX,EOE,FTA,EUR
20230728,788.54,795.2,787.98,794.27,0.0,AEX,EOE,FTA,EUR
20230731,792.48,794.41,789.52,792.0,0.0,AEX,EOE,FTA,EUR
20230801,790.17,792.13,784.67,786.14,0.0,AEX,EOE,FTA,EUR
20230802,777.0,782.48,772.97,775.03,0.0,AEX,EOE,FTA,EUR
20230803,770.25,771.43,764.09,770.07,0.0,AEX,EOE,FTA,EUR
20230804,770.94,773.36,766.4,772.71,0.0,AEX,EOE,FTA,EUR
20230807,769.48,772.91,768.02,772.13,0.0,AEX,EOE,FTA,EUR
20230808,768.77,772.3,763.11,767.0,0.0,AEX,EOE,FTA,EUR
20230809,772.47,774.97,769.08,770.22,0.0,AEX,EOE,FTA,EUR
20230810,772.87,780.66,772.57,777.79,0.0,AEX,EOE,FTA,EUR
20230811,773.62,773.94,763.36,765.16,0.0,AEX,EOE,FTA,EUR
20230814,764.01,766.83,761.07,766.21,0.0,AEX,EOE,FTA,EUR
20230815,768.56,768.56,756.7,759.28,0.0,AEX,EOE,FTA,EUR
20230816,756.77,759.46,754.04,756.85,0.0,AEX,EOE,FTA,EUR
20230817,755.82,757.99,737.36,737.63,0.0,AEX,EOE,FTA,EUR
20230818,735.91,736.65,729.61,735.04,0.0,AEX,EOE,FTA,EUR
20230821,735.69,740.49,732.95,733.59,0.0,AEX,EOE,FTA,EUR
20230822,738.22,743.84,736.83,738.21,0.0,AEX,EOE,FTA,EUR
20230823,739.85,742.99,737.36,740.73,0.0,AEX,EOE,FTA,EUR
20230824,748.18,749.21,733.34,733.99,0.0,AEX,EOE,FTA,EUR
20230825,732.0,739.16,731.96,733.37,0.0,AEX,EOE,FTA,EUR
20230828,739.34,743.23,737.51,741.76,0.0,AEX,EOE,FTA,EUR
20230829,743.74,746.64,741.97,745.89,0.0,AEX,EOE,FTA,EUR
20230830,746.04,748.2,742.33,745.43,0.0,AEX,EOE,FTA,EUR
20230831,746.65,749.98,743.62,743.62,0.0,AEX,EOE,FTA,EUR
20230901,744.54,749.89,743.88,746.05,0.0,AEX,EOE,FTA,EUR
20230904,750.48,754.76,746.82,747.43,0.0,AEX,EOE,FTA,EUR
20230905,744.25,748.77,740.63,747.11,0.0,AEX,EOE,FTA,EUR
20230906,743.5,748.6,741.1,745.43,0.0,AEX,EOE,FTA,EUR
20230907,741.9,744.35,737.93,739.71,0.0,AEX,EOE,FTA,EUR
20230908,741.98,742.17,732.75,739.09,0.0,AEX,EOE,FTA,EUR
20230911,741.42,744.85,738.48,738.89,0.0,AEX,EOE,FTA,EUR
20230912,741.34,741.68,734.62,736.69,0.0,AEX,EOE,FTA,EUR
20230913,733.66,736.29,731.15,734.93,0.0,AEX,EOE,FTA,EUR
20230914,737.26,745.79,734.64,744.46,0.0,AEX,EOE,FTA,EUR
20230915,748.45,749.27,741.1,741.51,0.0,AEX,EOE,FTA,EUR
20230918,740.68,741.04,734.65,735.85,0.0,AEX,EOE,FTA,EUR
20230919,734.59,739.45,732.96,734.93,0.0,AEX,EOE,FTA,EUR
20230920,735.5,740.74,734.53,738.32,0.0,AEX,EOE,FTA,EUR
20230921,733.12,734.43,728.82,731.72,0.0,AEX,EOE,FTA,EUR
20230922,728.73,732.23,726.66,730.09,0.0,AEX,EOE,FTA,EUR
20230925,728.39,730.57,721.25,726.64,0.0,AEX,EOE,FTA,EUR
20230926,720.8,724.14,718.9,721.43,0.0,AEX,EOE,FTA,EUR
20230927,723.81,726.27,719.66,721.74,0.0,AEX,EOE,FTA,EUR
20230928,720.65,726.02,715.62,725.99,0.0,AEX,EOE,FTA,EUR
20230929,729.81,736.2,728.79,728.79,0.0,AEX,EOE,FTA,EUR
20231002,730.65,731.91,721.29,724.18,0.0,AEX,EOE,FTA,EUR
20231003,721.57,726.18,719.17,719.67,0.0,AEX,EOE,FTA,EUR
20231004,715.56,725.4,715.32,720.86,0.0,AEX,EOE,FTA,EUR
20231005,722.81,726.06,720.95,721.75,0.0,AEX,EOE,FTA,EUR
20231006,721.6,726.89,718.76,726.7,0.0,AEX,EOE,FTA,EUR
20231009,726.86,730.9,724.16,726.0,0.0,AEX,EOE,FTA,EUR
20231010,731.51,739.97,731.38,738.89,0.0,AEX,EOE,FTA,EUR
20231011,736.74,741.8,736.68,737.78,0.0,AEX,EOE,FTA,EUR
20231012,742.19,744.93,740.17,741.52,0.0,AEX,EOE,FTA,EUR
20231013,738.82,743.0,733.08,733.9,0.0,AEX,EOE,FTA,EUR
20231016,736.81,737.56,731.5,735.39,0.0,AEX,EOE,FTA,EUR
20231017,733.45,738.43,730.5,736.77,0.0,AEX,EOE,FTA,EUR
20231018,732.64,737.78,728.2,729.57,0.0,AEX,EOE,FTA,EUR
20231019,728.34,730.85,725.12,727.61,0.0,AEX,EOE,FTA,EUR
20231020,721.92,724.56,716.24,716.24,0.0,AEX,EOE,FTA,EUR
20231023,716.45,719.75,711.69,719.18,0.0,AEX,EOE,FTA,EUR
20231024,718.93,723.53,715.77,721.73,0.0,AEX,EOE,FTA,EUR
20231025,721.96,724.26,718.95,722.24,0.0,AEX,EOE,FTA,EUR
20231026,715.18,722.16,713.78,719.3,0.0,AEX,EOE,FTA,EUR
20231027,719.28,723.43,713.28,714.25,0.0,AEX,EOE,FTA,EUR
20231030,717.4,719.71,712.77,714.05,0.0,AEX,EOE,FTA,EUR
20231031,713.84,721.5,713.74,718.6,0.0,AEX,EOE,FTA,EUR
20231101,720.44,725.29,716.49,722.23,0.0,AEX,EOE,FTA,EUR
20231102,728.45,738.36,728.18,736.03,0.0,AEX,EOE,FTA,EUR
20231103,739.07,739.55,735.07,736.31,0.0,AEX,EOE,FTA,EUR
20231106,738.3,739.17,734.97,735.34,0.0,AEX,EOE,FTA,EUR
20231107,733.85,737.22,733.11,735.74,0.0,AEX,EOE,FTA,EUR
20231108,730.73,737.29,729.94,734.64,0.0,AEX,EOE,FTA,EUR
20231109,732.79,749.83,730.1,749.16,0.0,AEX,EOE,FTA,EUR
20231110,745.68,748.26,742.45,746.31,0.0,AEX,EOE,FTA,EUR
20231113,750.22,753.82,748.91,753.41,0.0,AEX,EOE,FTA,EUR
20231114,754.2,761.01,751.55,758.15,0.0,AEX,EOE,FTA,EUR
20231115,759.87,764.35,759.87,762.82,0.0,AEX,EOE,FTA,EUR
20231116,758.67,760.82,753.85,753.91,0.0,AEX,EOE,FTA,EUR
20231117,752.81,759.3,752.81,758.59,0.0,AEX,EOE,FTA,EUR
20231120,757.89,760.06,757.54,759.47,0.0,AEX,EOE,FTA,EUR
20231121,758.66,760.17,757.12,758.56,0.0,AEX,EOE,FTA,EUR
20231122,759.14,761.12,758.19,760.04,0.0,AEX,EOE,FTA,EUR
20231123,760.91,762.44,759.28,762.32,0.0,AEX,EOE,FTA,EUR
20231124,761.41,766.34,761.38,765.66,0.0,AEX,EOE,FTA,EUR
20231127,764.66,766.74,763.7,764.22,0.0,AEX,EOE,FTA,EUR
20231128,761.5,762.14,758.97,761.37,0.0,AEX,EOE,FTA,EUR
20231129,759.36,764.31,759.03,761.99,0.0,AEX,EOE,FTA,EUR
20231130,764.52,768.03,761.71,765.04,0.0,AEX,EOE,FTA,EUR
20231201,767.45,772.34,767.44,771.37,0.0,AEX,EOE,FTA,EUR
20231204,770.3,773.24,769.54,770.61,0.0,AEX,EOE,FTA,EUR
20231205,768.87,775.25,768.47,774.07,0.0,AEX,EOE,FTA,EUR
20231206,776.1,779.03,775.53,776.18,0.0,AEX,EOE,FTA,EUR
20231207,774.84,777.17,773.99,776.34,0.0,AEX,EOE,FTA,EUR
20231208,777.69,783.6,776.74,781.85,0.0,AEX,EOE,FTA,EUR
20231211,782.42,787.07,780.4,786.45,0.0,AEX,EOE,FTA,EUR
20231212,785.85,790.52,785.23,786.13,0.0,AEX,EOE,FTA,EUR
20231213,787.32,791.07,787.02,787.02,0.0,AEX,EOE,FTA,EUR
20231214,793.39,798.09,786.24,789.91,0.0,AEX,EOE,FTA,EUR
20231215,793.7,796.12,790.96,793.13,0.0,AEX,EOE,FTA,EUR
20231218,790.19,793.11,787.73,789.15,0.0,AEX,EOE,FTA,EUR
20231219,789.94,793.37,789.94,792.48,0.0,AEX,EOE,FTA,EUR
20231220,793.57,796.0,790.03,793.69,0.0,AEX,EOE,FTA,EUR
20231221,789.38,791.3,787.12,789.88,0.0,AEX,EOE,FTA,EUR
20231222,789.15,789.48,782.61,785.45,0.0,AEX,EOE,FTA,EUR
20231227,788.51,789.32,785.46,786.84,0.0,AEX,EOE,FTA,EUR
20231228,789.39,789.58,786.04,787.04,0.0,AEX,EOE,FTA,EUR
20231229,787.79,790.98,785.96,786.82,0.0,AEX,EOE,FTA,EUR
20240102,790.69,792.49,780.13,783.11,0.0,AEX,EOE,FTA,EUR
20240103,782.49,784.65,776.1,779.75,0.0,AEX,EOE,FTA,EUR
20240104,780.51,781.05,776.0,780.31,0.0,AEX,EOE,FTA,EUR
20240105,775.37,779.68,771.57,778.7,0.0,AEX,EOE,FTA,EUR
20240108,777.13,780.1,773.5,779.09,0.0,AEX,EOE,FTA,EUR
20240109,779.56,779.76,774.54,777.58,0.0,AEX,EOE,FTA,EUR
20240110,777.14,778.96,774.24,775.02,0.0,AEX,EOE,FTA,EUR
20240111,780.6,783.2,774.54,774.54,0.0,AEX,EOE,FTA,EUR
20240112,780.68,785.34,780.37,781.86,0.0,AEX,EOE,FTA,EUR
20240115,783.92,784.95,779.21,779.49,0.0,AEX,EOE,FTA,EUR
20240116,775.07,779.31,773.28,778.54,0.0,AEX,EOE,FTA,EUR
20240117,769.89,771.99,766.66,771.43,0.0,AEX,EOE,FTA,EUR
20240118,772.62,778.46,772.62,778.17,0.0,AEX,EOE,FTA,EUR
20240119,782.58,783.52,778.34,778.89,0.0,AEX,EOE,FTA,EUR
20240122,784.82,787.27,783.81,785.6,0.0,AEX,EOE,FTA,EUR
20240123,787.58,789.37,783.1,787.77,0.0,AEX,EOE,FTA,EUR
20240124,799.82,807.93,798.43,806.93,0.0,AEX,EOE,FTA,EUR
20240125,808.41,815.89,807.77,814.87,0.0,AEX,EOE,FTA,EUR
20240126,811.97,818.96,811.97,817.74,0.0,AEX,EOE,FTA,EUR
20240129,818.8,820.98,818.02,819.91,0.0,AEX,EOE,FTA,EUR
20240130,821.39,823.76,819.11,820.64,0.0,AEX,EOE,FTA,EUR
20240131,819.76,822.65,818.19,818.21,0.0,AEX,EOE,FTA,EUR
20240201,817.63,824.72,816.83,822.09,0.0,AEX,EOE,FTA,EUR
20240202,827.25,827.57,821.69,822.53,0.0,AEX,EOE,FTA,EUR
20240205,824.03,825.36,821.58,824.29,0.0,AEX,EOE,FTA,EUR
20240206,829.87,831.78,826.6,831.09,0.0,AEX,EOE,FTA,EUR
20240207,831.22,832.11,829.33,830.13,0.0,AEX,EOE,FTA,EUR
20240208,837.45,845.13,837.27,843.75,0.0,AEX,EOE,FTA,EUR
20240209,845.74,851.95,845.01,851.77,0.0,AEX,EOE,FTA,EUR
20240212,852.71,855.13,851.1,854.88,0.0,AEX,EOE,FTA,EUR
20240213,843.03,851.43,838.22,842.62,0.0,AEX,EOE,FTA,EUR
20240214,843.74,845.38,841.87,843.67,0.0,AEX,EOE,FTA,EUR
20240215,848.73,850.46,844.27,847.59,0.0,AEX,EOE,FTA,EUR
20240216,855.66,858.11,854.17,858.11,0.0,AEX,EOE,FTA,EUR
20240219,853.63,857.68,853.31,855.85,0.0,AEX,EOE,FTA,EUR
20240220,853.09,854.57,846.58,848.28,0.0,AEX,EOE,FTA,EUR
20240221,849.34,849.34,843.5,846.79,0.0,AEX,EOE,FTA,EUR
20240222,857.35,861.63,854.72,857.51,0.0,AEX,EOE,FTA,EUR
20240223,859.04,859.61,854.13,854.97,0.0,AEX,EOE,FTA,EUR
20240226,853.02,854.34,851.16,852.87,0.0,AEX,EOE,FTA,EUR
20240227,851.97,854.04,849.88,852.98,0.0,AEX,EOE,FTA,EUR
20240228,849.14,850.31,845.58,847.46,0.0,AEX,EOE,FTA,EUR
20240229,847.45,849.78,844.09,848.44,0.0,AEX,EOE,FTA,EUR
20240301,852.6,854.23,848.37,854.1,0.0,AEX,EOE,FTA,EUR
20240304,857.15,859.24,854.97,856.55,0.0,AEX,EOE,FTA,EUR
20240305,854.05,855.03,849.81,851.16,0.0,AEX,EOE,FTA,EUR
20240306,851.75,857.85,851.75,857.02,0.0,AEX,EOE,FTA,EUR
20240307,855.88,868.98,853.74,868.74,0.0,AEX,EOE,FTA,EUR
20240308,870.97,872.0,861.96,861.96,0.0,AEX,EOE,FTA,EUR
20240311,855.45,857.5,849.89,852.32,0.0,AEX,EOE,FTA,EUR
20240312,856.42,861.66,854.04,860.97,0.0,AEX,EOE,FTA,EUR
20240313,862.92,864.6,859.64,860.33,0.0,AEX,EOE,FTA,EUR
20240314,863.63,863.82,856.13,858.75,0.0,AEX,EOE,FTA,EUR
20240315,858.57,860.44,851.78,851.78,0.0,AEX,EOE,FTA,EUR
20240318,854.83,856.75,852.79,853.76,0.0,AEX,EOE,FTA,EUR
20240319,857.13,860.69,855.68,860.69,0.0,AEX,EOE,FTA,EUR
20240320,860.96,864.82,859.06,860.54,0.0,AEX,EOE,FTA,EUR
20240321,872.12,876.22,869.81,875.42,0.0,AEX,EOE,FTA,EUR
20240322,873.68,877.09,870.59,876.34,0.0,AEX,EOE,FTA,EUR
20240325,875.81,878.65,873.48,877.15,0.0,AEX,EOE,FTA,EUR
20240326,876.38,880.77,875.14,878.4,0.0,AEX,EOE,FTA,EUR
20240327,878.85,881.2,878.55,879.1,0.0,AEX,EOE,FTA,EUR
20240328,881.85,883.73,881.05,881.78,0.0,AEX,EOE,FTA,EUR
20240402,888.54,892.54,880.32,881.42,0.0,AEX,EOE,FTA,EUR
20240403,883.27,884.51,879.47,884.05,0.0,AEX,EOE,FTA,EUR
20240404,884.88,886.82,883.21,884.17,0.0,AEX,EOE,FTA,EUR
20240405,875.83,880.89,874.26,880.63,0.0,AEX,EOE,FTA,EUR
20240408,879.58,885.52,879.37,884.86,0.0,AEX,EOE,FTA,EUR
20240409,884.25,888.81,879.19,881.03,0.0,AEX,EOE,FTA,EUR
20240410,889.56,891.56,879.35,886.67,0.0,AEX,EOE,FTA,EUR
20240411,886.41,891.11,879.51,883.79,0.0,AEX,EOE,FTA,EUR
20240412,891.55,894.52,881.14,883.45,0.0,AEX,EOE,FTA,EUR
20240415,883.14,890.58,881.62,884.07,0.0,AEX,EOE,FTA,EUR
20240416,872.36,876.96,871.06,874.67,0.0,AEX,EOE,FTA,EUR
20240417,866.5,876.58,865.35,865.35,0.0,AEX,EOE,FTA,EUR
20240418,868.84,868.84,862.43,865.36,0.0,AEX,EOE,FTA,EUR
20240419,859.1,863.3,858.09,860.01,0.0,AEX,EOE,FTA,EUR
20240422,865.48,868.44,864.49,866.51,0.0,AEX,EOE,FTA,EUR
20240423,873.96,875.77,871.02,874.79,0.0,AEX,EOE,FTA,EUR
20240424,879.44,883.13,872.78,874.02,0.0,AEX,EOE,FTA,EUR
20240425,872.77,877.38,864.34,870.27,0.0,AEX,EOE,FTA,EUR
20240426,876.43,884.78,876.37,882.63,0.0,AEX,EOE,FTA,EUR
20240429,882.58,890.12,882.17,882.27,0.0,AEX,EOE,FTA,EUR
20240430,884.15,884.64,877.88,878.83,0.0,AEX,EOE,FTA,EUR
20240502,873.54,881.28,873.51,878.71,0.0,AEX,EOE,FTA,EUR
20240503,881.8,889.77,881.8,887.44,0.0,AEX,EOE,FTA,EUR
20240506,890.64,893.76,888.9,891.13,0.0,AEX,EOE,FTA,EUR
20240507,896.0,900.76,894.25,900.06,0.0,AEX,EOE,FTA,EUR
20240508,901.07,902.49,897.9,899.6,0.0,AEX,EOE,FTA,EUR
20240509,900.84,905.61,900.84,904.21,0.0,AEX,EOE,FTA,EUR
20240510,906.22,911.44,906.22,910.59,0.0,AEX,EOE,FTA,EUR
20240513,912.7,913.54,910.03,911.91,0.0,AEX,EOE,FTA,EUR
20240514,911.16,912.71,908.36,910.63,0.0,AEX,EOE,FTA,EUR
20240515,913.34,914.45,909.36,913.39,0.0,AEX,EOE,FTA,EUR
20240516,913.48,914.05,909.6,913.56,0.0,AEX,EOE,FTA,EUR
20240517,911.09,914.7,908.73,913.25,0.0,AEX,EOE,FTA,EUR
20240520,912.89,915.06,912.66,914.95,0.0,AEX,EOE,FTA,EUR
20240521,911.61,912.66,908.76,911.51,0.0,AEX,EOE,FTA,EUR
20240522,910.76,912.34,908.64,910.52,0.0,AEX,EOE,FTA,EUR
20240523,916.11,918.85,912.45,914.27,0.0,AEX,EOE,FTA,EUR
20240524,906.43,915.7,905.42,915.21,0.0,AEX,EOE,FTA,EUR
20240527,914.18,916.04,913.39,916.04,0.0,AEX,EOE,FTA,EUR
20240528,916.43,916.8,910.24,912.23,0.0,AEX,EOE,FTA,EUR
20240529,912.47,912.82,903.14,905.83,0.0,AEX,EOE,FTA,EUR
20240530,902.92,907.71,902.17,905.58,0.0,AEX,EOE,FTA,EUR
20240531,905.56,909.43,902.32,903.61,0.0,AEX,EOE,FTA,EUR
20240603,913.58,914.29,904.54,905.1,0.0,AEX,EOE,FTA,EUR
20240604,904.54,906.43,897.69,901.68,0.0,AEX,EOE,FTA,EUR
20240605,906.92,919.4,906.26,918.67,0.0,AEX,EOE,FTA,EUR
20240606,923.91,924.87,920.32,923.36,0.0,AEX,EOE,FTA,EUR
20240607,926.61,927.44,919.99,923.71,0.0,AEX,EOE,FTA,EUR
20240610,920.64,924.7,917.76,924.7,0.0,AEX,EOE,FTA,EUR
20240611,927.2,927.79,916.81,921.25,0.0,AEX,EOE,FTA,EUR
20240612,924.79,934.59,924.01,931.79,0.0,AEX,EOE,FTA,EUR
20240613,932.0,933.32,923.18,924.61,0.0,AEX,EOE,FTA,EUR
20240614,926.6,929.39,916.05,918.72,0.0,AEX,EOE,FTA,EUR
20240617,923.18,928.02,918.67,923.12,0.0,AEX,EOE,FTA,EUR
20240618,927.94,928.9,924.55,928.19,0.0,AEX,EOE,FTA,EUR
20240619,928.81,929.28,924.5,924.78,0.0,AEX,EOE,FTA,EUR
20240620,927.21,933.95,926.65,933.84,0.0,AEX,EOE,FTA,EUR
20240621,931.46,931.63,923.1,925.23,0.0,AEX,EOE,FTA,EUR
20240624,924.41,930.05,922.35,926.4,0.0,AEX,EOE,FTA,EUR
20240625,922.27,927.46,920.44,926.64,0.0,AEX,EOE,FTA,EUR
20240626,931.24,933.85,920.57,923.13,0.0,AEX,EOE,FTA,EUR
20240627,925.11,928.84,924.51,925.11,0.0,AEX,EOE,FTA,EUR
20240628,929.67,930.91,922.41,923.85,0.0,AEX,EOE,FTA,EUR
20240701,929.65,929.72,921.71,923.05,0.0,AEX,EOE,FTA,EUR
20240702,920.35,924.61,915.81,924.61,0.0,AEX,EOE,FTA,EUR
20240703,930.28,934.51,930.08,931.09,0.0,AEX,EOE,FTA,EUR
20240704,934.31,937.46,933.26,934.82,0.0,AEX,EOE,FTA,EUR
20240705,938.97,940.16,931.35,933.76,0.0,AEX,EOE,FTA,EUR
20240708,933.33,938.3,932.15,932.85,0.0,AEX,EOE,FTA,EUR
20240709,931.94,937.3,930.0,930.7,0.0,AEX,EOE,FTA,EUR
20240710,931.92,939.62,930.02,939.62,0.0,AEX,EOE,FTA,EUR
20240711,944.25,944.94,936.0,936.06,0.0,AEX,EOE,FTA,EUR
20240712,936.16,946.96,935.99,944.91,0.0,AEX,EOE,FTA,EUR
20240715,943.42,949.14,937.47,937.47,0.0,AEX,EOE,FTA,EUR
20240716,932.21,937.06,931.48,933.47,0.0,AEX,EOE,FTA,EUR
20240717,925.5,927.28,916.54,916.54,0.0,AEX,EOE,FTA,EUR
20240718,922.21,926.53,915.68,916.04,0.0,AEX,EOE,FTA,EUR
20240719,913.98,915.93,906.51,907.31,0.0,AEX,EOE,FTA,EUR
20240722,910.23,920.32,909.65,916.95,0.0,AEX,EOE,FTA,EUR
20240723,918.36,921.71,913.6,914.97,0.0,AEX,EOE,FTA,EUR
20240724,907.52,911.48,902.49,903.46,0.0,AEX,EOE,FTA,EUR
20240725,897.64,900.34,890.54,898.57,0.0,AEX,EOE,FTA,EUR
20240726,897.5,907.55,897.5,906.64,0.0,AEX,EOE,FTA,EUR
20240729,911.1,912.84,904.07,904.12,0.0,AEX,EOE,FTA,EUR
20240730,909.29,912.46,906.45,907.99,0.0,AEX,EOE,FTA,EUR
20240731,926.89,927.21,918.06,920.62,0.0,AEX,EOE,FTA,EUR
20240801,921.42,922.07,905.28,907.14,0.0,AEX,EOE,FTA,EUR
20240802,901.13,902.66,876.48,878.91,0.0,AEX,EOE,FTA,EUR
20240805,849.28,860.44,840.61,860.44,0.0,AEX,EOE,FTA,EUR
20240806,869.58,870.18,857.46,866.7,0.0,AEX,EOE,FTA,EUR
20240807,873.02,888.21,871.35,886.08,0.0,AEX,EOE,FTA,EUR
20240808,878.01,885.3,872.65,884.49,0.0,AEX,EOE,FTA,EUR
20240809,888.01,888.43,877.94,883.37,0.0,AEX,EOE,FTA,EUR
20240812,887.41,888.29,883.98,885.65,0.0,AEX,EOE,FTA,EUR
20240813,889.44,889.78,882.93,888.91,0.0,AEX,EOE,FTA,EUR
20240814,890.62,892.67,886.28,890.24,0.0,AEX,EOE,FTA,EUR
20240815,894.03,906.33,893.49,905.86,0.0,AEX,EOE,FTA,EUR
20240816,908.42,908.42,901.79,905.67,0.0,AEX,EOE,FTA,EUR
20240819,903.27,909.77,902.13,908.85,0.0,AEX,EOE,FTA,EUR
20240820,910.57,910.65,902.16,903.04,0.0,AEX,EOE,FTA,EUR
20240821,902.19,908.26,901.77,907.65,0.0,AEX,EOE,FTA,EUR
20240822,908.87,913.47,908.12,908.36,0.0,AEX,EOE,FTA,EUR
20240823,907.2,910.57,906.15,908.56,0.0,AEX,EOE,FTA,EUR
20240826,907.35,911.09,905.9,907.49,0.0,AEX,EOE,FTA,EUR
20240827,907.74,909.71,905.68,907.94,0.0,AEX,EOE,FTA,EUR
20240828,910.92,913.98,909.26,910.74,0.0,AEX,EOE,FTA,EUR
20240829,911.4,923.78,911.4,923.78,0.0,AEX,EOE,FTA,EUR
20240830,922.82,923.74,918.05,918.66,0.0,AEX,EOE,FTA,EUR
20240902,920.12,920.92,916.42,920.69,0.0,AEX,EOE,FTA,EUR
20240903,921.7,922.49,906.78,908.85,0.0,AEX,EOE,FTA,EUR
20240904,894.18,898.58,893.86,896.98,0.0,AEX,EOE,FTA,EUR
20240905,893.69,896.9,888.32,891.86,0.0,AEX,EOE,FTA,EUR
20240906,889.71,894.28,878.32,879.29,0.0,AEX,EOE,FTA,EUR
20240909,883.54,890.77,883.54,888.31,0.0,AEX,EOE,FTA,EUR
20240910,887.04,890.91,880.22,881.84,0.0,AEX,EOE,FTA,EUR
20240911,884.44,893.04,880.47,884.5,0.0,AEX,EOE,FTA,EUR
20240912,898.42,899.65,889.79,893.25,0.0,AEX,EOE,FTA,EUR
20240913,894.39,901.58,894.39,899.6,0.0,AEX,EOE,FTA,EUR
20240916,896.96,900.05,894.65,895.75,0.0,AEX,EOE,FTA,EUR
20240917,901.02,902.64,899.06,900.32,0.0,AEX,EOE,FTA,EUR
20240918,899.39,900.45,892.56,892.63,0.0,AEX,EOE,FTA,EUR
20240919,902.14,908.94,898.32,908.42,0.0,AEX,EOE,FTA,EUR
20240920,903.67,906.42,895.6,897.55,0.0,AEX,EOE,FTA,EUR
20240923,897.69,904.35,896.71,903.47,0.0,AEX,EOE,FTA,EUR
20240924,909.93,910.38,903.6,907.16,0.0,AEX,EOE,FTA,EUR
20240925,903.07,908.39,903.04,906.03,0.0,AEX,EOE,FTA,EUR
20240926,915.48,915.9,909.24,911.66,0.0,AEX,EOE,FTA,EUR
20240927,913.86,918.71,913.22,917.43,0.0,AEX,EOE,FTA,EUR
20240930,917.02,919.37,910.12,910.12,0.0,AEX,EOE,FTA,EUR
20241001,911.86,915.79,905.8,910.13,0.0,AEX,EOE,FTA,EUR
20241002,915.78,918.41,910.48,916.86,0.0,AEX,EOE,FTA,EUR
20241003,915.74,915.74,907.78,910.35,0.0,AEX,EOE,FTA,EUR
20241004,909.42,914.85,907.87,911.81,0.0,AEX,EOE,FTA,EUR
20241007,914.32,914.99,907.57,912.77,0.0,AEX,EOE,FTA,EUR
20241008,905.84,911.61,904.72,910.19,0.0,AEX,EOE,FTA,EUR
20241009,909.75,915.7,907.78,915.68,0.0,AEX,EOE,FTA,EUR
20241010,915.86,916.46,907.71,911.32,0.0,AEX,EOE,FTA,EUR
20241011,911.57,917.16,910.0,915.96,0.0,AEX,EOE,FTA,EUR
20241014,915.34,922.67,915.21,922.63,0.0,AEX,EOE,FTA,EUR
20241015,922.54,924.75,899.42,899.42,0.0,AEX,EOE,FTA,EUR
20241016,894.6,897.2,892.5,892.74,0.0,AEX,EOE,FTA,EUR
20241017,895.22,902.02,891.13,898.63,0.0,AEX,EOE,FTA,EUR
20241018,900.01,904.17,898.78,903.41,0.0,AEX,EOE,FTA,EUR
20241021,902.76,906.59,898.28,898.33,0.0,AEX,EOE,FTA,EUR
20241022,898.17,900.1,893.02,897.3,0.0,AEX,EOE,FTA,EUR
20241023,894.57,899.78,889.48,889.97,0.0,AEX,EOE,FTA,EUR
20241024,894.69,901.69,894.62,895.9,0.0,AEX,EOE,FTA,EUR
20241025,894.44,899.96,891.87,898.82,0.0,AEX,EOE,FTA,EUR
20241028,899.55,899.55,891.3,896.81,0.0,AEX,EOE,FTA,EUR
20241029,899.68,900.57,893.94,894.64,0.0,AEX,EOE,FTA,EUR
20241030,890.61,890.74,881.02,881.27,0.0,AEX,EOE,FTA,EUR
20241031,875.21,878.56,870.02,874.18,0.0,AEX,EOE,FTA,EUR
20241101,876.95,886.48,875.89,883.62,0.0,AEX,EOE,FTA,EUR
20241104,882.69,885.8,879.51,879.51,0.0,AEX,EOE,FTA,EUR
20241105,880.64,883.46,879.11,882.76,0.0,AEX,EOE,FTA,EUR
20241106,888.69,897.11,873.81,875.41,0.0,AEX,EOE,FTA,EUR
20241107,879.28,881.72,874.62,878.54,0.0,AEX,EOE,FTA,EUR
20241108,880.68,881.83,870.53,874.18,0.0,AEX,EOE,FTA,EUR
20241111,879.57,882.23,877.82,878.29,0.0,AEX,EOE,FTA,EUR
20241112,873.88,874.79,864.71,865.19,0.0,AEX,EOE,FTA,EUR
20241113,862.58,864.0,857.26,862.98,0.0,AEX,EOE,FTA,EUR
20241114,867.1,875.02,862.96,874.48,0.0,AEX,EOE,FTA,EUR
20241115,869.49,871.09,862.11,862.5,0.0,AEX,EOE,FTA,EUR
20241118,863.52,865.37,858.18,865.37,0.0,AEX,EOE,FTA,EUR
20241119,866.64,868.93,854.31,861.98,0.0,AEX,EOE,FTA,EUR
20241120,865.35,865.43,856.81,858.57,0.0,AEX,EOE,FTA,EUR
20241121,857.99,866.51,853.65,866.13,0.0,AEX,EOE,FTA,EUR
20241122,871.44,881.95,867.46,879.8,0.0,AEX,EOE,FTA,EUR
20241125,882.13,884.02,878.08,879.4,0.0,AEX,EOE,FTA,EUR
20241126,875.66,878.63,873.62,875.14,0.0,AEX,EOE,FTA,EUR
20241127,876.05,876.68,872.67,874.48,0.0,AEX,EOE,FTA,EUR
20241128,882.24,882.24,875.16,876.58,0.0,AEX,EOE,FTA,EUR
20241129,874.81,882.71,874.56,881.73,0.0,AEX,EOE,FTA,EUR
20241202,880.54,887.65,880.43,887.65,0.0,AEX,EOE,FTA,EUR
20241203,891.12,893.76,887.26,889.92,0.0,AEX,EOE,FTA,EUR
20241204,891.19,894.5,890.37,891.63,0.0,AEX,EOE,FTA,EUR
20241205,891.71,896.2,891.69,894.4,0.0,AEX,EOE,FTA,EUR
20241206,894.7,895.11,890.68,891.67,0.0,AEX,EOE,FTA,EUR
20241209,894.18,897.36,889.14,894.72,0.0,AEX,EOE,FTA,EUR
20241210,891.92,895.31,891.08,893.42,0.0,AEX,EOE,FTA,EUR
20241211,893.17,899.19,893.17,896.14,0.0,AEX,EOE,FTA,EUR
20241212,896.41,896.61,892.97,894.42,0.0,AEX,EOE,FTA,EUR
20241213,893.61,896.72,891.84,893.55,0.0,AEX,EOE,FTA,EUR
20241216,890.97,892.51,889.08,891.48,0.0,AEX,EOE,FTA,EUR
20241217,888.41,892.66,886.5,889.66,0.0,AEX,EOE,FTA,EUR
20241218,891.0,894.02,890.19,892.66,0.0,AEX,EOE,FTA,EUR
20241219,883.09,885.37,876.47,878.83,0.0,AEX,EOE,FTA,EUR
20241220,874.72,876.09,866.7,875.44,0.0,AEX,EOE,FTA,EUR
20241223,870.21,874.25,867.05,872.22,0.0,AEX,EOE,FTA,EUR
20241224,876.15,878.34,875.83,876.26,0.0,AEX,EOE,FTA,EUR
20241227,874.97,880.84,873.67,879.7,0.0,AEX,EOE,FTA,EUR
20241230,876.95,878.58,869.76,871.8,0.0,AEX,EOE,FTA,EUR
20241231,870.67,879.13,870.6,878.63,0.0,AEX,EOE,FTA,EUR
20250102,878.75,887.17,875.98,887.17,0.0,AEX,EOE,FTA,EUR
20250103,887.31,888.84,883.01,884.59,0.0,AEX,EOE,FTA,EUR
20250106,888.0,892.95,886.63,891.56,0.0,AEX,EOE,FTA,EUR
20250107,890.26,897.16,889.96,893.96,0.0,AEX,EOE,FTA,EUR
20250108,894.58,895.25,884.79,889.0,0.0,AEX,EOE,FTA,EUR
20250109,888.8,896.1,887.9,895.83,0.0,AEX,EOE,FTA,EUR
20250110,895.3,897.26,890.1,890.3,0.0,AEX,EOE,FTA,EUR
20250113,887.13,887.13,879.12,885.28,0.0,AEX,EOE,FTA,EUR
20250114,887.22,891.87,883.55,884.98,0.0,AEX,EOE,FTA,EUR
20250115,886.96,896.81,886.46,893.94,0.0,AEX,EOE,FTA,EUR
20250116,902.12,907.66,900.04,907.66,0.0,AEX,EOE,FTA,EUR
20250117,910.56,917.2,909.49,914.24,0.0,AEX,EOE,FTA,EUR
20250120,915.56,920.76,915.04,917.51,0.0,AEX,EOE,FTA,EUR
20250121,918.35,919.11,912.75,914.64,0.0,AEX,EOE,FTA,EUR
20250122,915.09,919.7,913.07,914.45,0.0,AEX,EOE,FTA,EUR
20250123,908.53,909.77,907.18,909.11,0.0,AEX,EOE,FTA,EUR
20250124,908.59,909.74,899.85,901.33,0.0,AEX,EOE,FTA,EUR
20250127,889.13,896.23,885.79,894.84,0.0,AEX,EOE,FTA,EUR
20250128,899.2,903.27,898.13,898.41,0.0,AEX,EOE,FTA,EUR
20250129,910.44,910.73,904.94,904.94,0.0,AEX,EOE,FTA,EUR
20250130,908.7,920.08,908.7,919.0,0.0,AEX,EOE,FTA,EUR
20250131,921.86,927.8,921.02,921.94,0.0,AEX,EOE,FTA,EUR
20250203,908.29,916.41,908.29,916.27,0.0,AEX,EOE,FTA,EUR
20250204,916.38,920.17,910.59,919.47,0.0,AEX,EOE,FTA,EUR
20250205,915.3,919.45,914.78,919.45,0.0,AEX,EOE,FTA,EUR
20250206,922.53,926.09,920.22,925.13,0.0,AEX,EOE,FTA,EUR
20250207,925.42,927.41,921.89,924.1,0.0,AEX,EOE,FTA,EUR
20250210,926.38,933.35,925.87,931.73,0.0,AEX,EOE,FTA,EUR
20250211,933.38,940.06,932.85,938.92,0.0,AEX,EOE,FTA,EUR
20250212,939.05,942.93,936.66,942.61,0.0,AEX,EOE,FTA,EUR
20250213,944.35,946.58,937.13,946.58,0.0,AEX,EOE,FTA,EUR
20250214,948.35,950.59,945.05,946.61,0.0,AEX,EOE,FTA,EUR
20250217,945.66,948.91,945.21,948.54,0.0,AEX,EOE,FTA,EUR
20250218,950.26,952.45,947.06,947.06,0.0,AEX,EOE,FTA,EUR
20250219,946.91,947.88,937.83,942.28,0.0,AEX,EOE,FTA,EUR
20250220,939.25,942.29,936.75,938.58,0.0,AEX,EOE,FTA,EUR
20250221,938.79,940.17,934.51,937.58,0.0,AEX,EOE,FTA,EUR
20250224,932.94,934.64,928.58,934.42,0.0,AEX,EOE,FTA,EUR
20250225,926.43,932.68,926.43,929.78,0.0,AEX,EOE,FTA,EUR
20250226,931.98,932.89,927.23,932.09,0.0,AEX,EOE,FTA,EUR
20250227,926.09,927.5,921.67,925.91,0.0,AEX,EOE,FTA,EUR
20250228,915.95,923.29,914.8,921.92,0.0,AEX,EOE,FTA,EUR
20250303,924.82,933.21,921.2,930.41,0.0,AEX,EOE,FTA,EUR
20250304,921.64,923.0,913.0,914.05,0.0,AEX,EOE,FTA,EUR
20250305,920.26,922.8,909.51,909.51,0.0,AEX,EOE,FTA,EUR
20250306,916.04,916.37,903.34,910.72,0.0,AEX,EOE,FTA,EUR
20250307,909.34,915.47,907.11,911.34,0.0,AEX,EOE,FTA,EUR
20250310,914.4,914.78,900.69,902.54,0.0,AEX,EOE,FTA,EUR
20250311,903.7,903.93,887.38,889.69,0.0,AEX,EOE,FTA,EUR
20250312,894.36,902.74,891.49,899.24,0.0,AEX,EOE,FTA,EUR
20250313,895.63,903.59,895.23,897.97,0.0,AEX,EOE,FTA,EUR
20250314,898.01,907.23,897.4,905.63,0.0,AEX,EOE,FTA,EUR
20250317,905.03,914.59,904.4,913.95,0.0,AEX,EOE,FTA,EUR
20250318,916.79,919.42,912.05,913.97,0.0,AEX,EOE,FTA,EUR
20250319,913.65,923.5,913.38,922.75,0.0,AEX,EOE,FTA,EUR
20250320,922.15,926.18,917.73,919.26,0.0,AEX,EOE,FTA,EUR
20250321,917.4,917.4,910.06,914.83,0.0,AEX,EOE,FTA,EUR
20250324,920.95,921.57,913.53,915.67,0.0,AEX,EOE,FTA,EUR
20250325,916.97,925.68,916.93,921.0,0.0,AEX,EOE,FTA,EUR
20250326,923.58,924.12,916.82,917.09,0.0,AEX,EOE,FTA,EUR
20250327,914.91,917.19,911.48,914.68,0.0,AEX,EOE,FTA,EUR
20250328,909.26,915.59,905.05,907.46,0.0,AEX,EOE,FTA,EUR
20250331,899.8,901.34,894.35,898.8,0.0,AEX,EOE,FTA,EUR
20250401,904.16,907.72,898.5,905.24,0.0,AEX,EOE,FTA,EUR
20250402,901.85,905.2,897.66,901.52,0.0,AEX,EOE,FTA,EUR
20250403,884.17,889.84,875.01,877.42,0.0,AEX,EOE,FTA,EUR
20250404,871.73,874.6,832.53,841.29,0.0,AEX,EOE,FTA,EUR
20250407,792.54,840.2,784.66,801.26,0.0,AEX,EOE,FTA,EUR
20250408,813.25,832.51,809.97,823.89,0.0,AEX,EOE,FTA,EUR
20250409,797.62,810.08,789.23,796.45,0.0,AEX,EOE,FTA,EUR
20250410,849.12,856.53,819.24,819.24,0.0,AEX,EOE,FTA,EUR
20250411,826.24,827.79,810.94,819.56,0.0,AEX,EOE,FTA,EUR
20250414,837.16,844.06,834.31,839.29,0.0,AEX,EOE,FTA,EUR
20250415,847.27,857.57,846.63,857.12,0.0,AEX,EOE,FTA,EUR
20250416,844.84,854.19,843.53,853.56,0.0,AEX,EOE,FTA,EUR
20250417,851.16,854.05,847.22,852.2,0.0,AEX,EOE,FTA,EUR
20250422,849.9,857.38,847.81,857.21,0.0,AEX,EOE,FTA,EUR
20250423,869.7,876.92,868.08,869.67,0.0,AEX,EOE,FTA,EUR
20250424,866.16,872.48,864.37,871.99,0.0,AEX,EOE,FTA,EUR
20250425,874.6,875.74,868.67,872.84,0.0,AEX,EOE,FTA,EUR
20250428,876.22,877.35,872.64,872.69,0.0,AEX,EOE,FTA,EUR
20250429,874.98,876.59,871.16,874.74,0.0,AEX,EOE,FTA,EUR
20250430,877.19,878.63,868.2,877.89,0.0,AEX,EOE,FTA,EUR
20250502,887.75,899.16,887.12,897.63,0.0,AEX,EOE,FTA,EUR
20250505,896.32,897.53,893.94,896.44,0.0,AEX,EOE,FTA,EUR
20250506,898.94,899.12,890.92,895.58,0.0,AEX,EOE,FTA,EUR
20250507,894.31,898.55,892.93,896.02,0.0,AEX,EOE,FTA,EUR
20250508,903.36,907.95,899.53,901.9,0.0,AEX,EOE,FTA,EUR
20250509,905.76,907.69,903.02,905.74,0.0,AEX,EOE,FTA,EUR
20250512,917.67,924.07,916.73,922.08,0.0,AEX,EOE,FTA,EUR
20250513,922.42,928.08,919.15,927.46,0.0,AEX,EOE,FTA,EUR
20250514,928.05,931.7,925.15,929.24,0.0,AEX,EOE,FTA,EUR
20250515,922.21,929.06,921.18,929.0,0.0,AEX,EOE,FTA,EUR
20250516,929.91,934.55,928.33,930.9,0.0,AEX,EOE,FTA,EUR
20250519,927.56,929.52,922.64,929.52,0.0,AEX,EOE,FTA,EUR
20250520,931.73,933.46,928.92,931.05,0.0,AEX,EOE,FTA,EUR
20250521,928.92,933.36,927.16,933.32,0.0,AEX,EOE,FTA,EUR
20250522,926.99,928.49,920.52,926.91,0.0,AEX,EOE,FTA,EUR
20250523,927.38,928.83,908.12,917.39,0.0,AEX,EOE,FTA,EUR
20250526,926.31,928.61,924.54,924.88,0.0,AEX,EOE,FTA,EUR
20250527,925.89,933.96,925.89,930.06,0.0,AEX,EOE,FTA,EUR
20250528,928.96,930.58,923.31,924.41,0.0,AEX,EOE,FTA,EUR
20250529,933.19,934.56,921.87,924.22,0.0,AEX,EOE,FTA,EUR
20250530,923.78,928.79,922.51,922.93,0.0,AEX,EOE,FTA,EUR
20250602,917.28,920.86,913.19,918.36,0.0,AEX,EOE,FTA,EUR
20250603,919.05,921.17,912.91,920.3,0.0,AEX,EOE,FTA,EUR
20250604,923.13,927.29,920.93,924.01,0.0,AEX,EOE,FTA,EUR
20250605,924.19,928.26,919.62,925.53,0.0,AEX,EOE,FTA,EUR
20250606,924.4,930.22,923.58,929.93,0.0,AEX,EOE,FTA,EUR
20250609,927.74,932.86,926.39,932.11,0.0,AEX,EOE,FTA,EUR
20250610,931.68,939.85,931.14,938.63,0.0,AEX,EOE,FTA,EUR
20250611,938.93,940.4,935.5,935.5,0.0,AEX,EOE,FTA,EUR
20250612,933.65,934.72,928.35,930.48,0.0,AEX,EOE,FTA,EUR
20250613,922.72,927.06,920.27,922.62,0.0,AEX,EOE,FTA,EUR
20250616,924.02,926.11,921.57,924.93,0.0,AEX,EOE,FTA,EUR
20250617,919.01,922.39,916.63,920.63,0.0,AEX,EOE,FTA,EUR
20250618,920.71,921.7,915.77,917.1,0.0,AEX,EOE,FTA,EUR
20250619,913.02,914.89,909.3,909.3,0.0,AEX,EOE,FTA,EUR
20250620,912.62,917.54,906.58,908.52,0.0,AEX,EOE,FTA,EUR
20250623,907.5,918.41,907.5,916.79,0.0,AEX,EOE,FTA,EUR
20250624,927.43,927.7,922.49,924.62,0.0,AEX,EOE,FTA,EUR
20250625,926.89,929.91,917.45,917.86,0.0,AEX,EOE,FTA,EUR
20250626,918.14,918.54,909.17,910.69,0.0,AEX,EOE,FTA,EUR
20250627,916.69,920.29,915.14,920.14,0.0,AEX,EOE,FTA,EUR
20250630,921.05,921.09,913.28,913.28,0.0,AEX,EOE,FTA,EUR
20250701,914.8,914.8,905.4,909.19,0.0,AEX,EOE,FTA,EUR
20250702,912.55,912.89,902.19,910.52,0.0,AEX,EOE,FTA,EUR
20250703,913.14,915.29,907.93,915.29,0.0,AEX,EOE,FTA,EUR
20250704,911.7,911.7,907.0,908.44,0.0,AEX,EOE,FTA,EUR
20250707,907.21,915.15,904.74,913.98,0.0,AEX,EOE,FTA,EUR
20250708,914.0,917.57,909.61,916.76,0.0,AEX,EOE,FTA,EUR
20250709,917.5,920.37,915.04,918.77,0.0,AEX,EOE,FTA,EUR
20250710,922.03,927.7,922.03,927.32,0.0,AEX,EOE,FTA,EUR
20250711,926.11,926.17,920.11,921.49,0.0,AEX,EOE,FTA,EUR
20250714,918.08,920.5,916.24,920.5,0.0,AEX,EOE,FTA,EUR
20250715,924.95,927.29,922.44,923.29,0.0,AEX,EOE,FTA,EUR
20250716,916.0,916.0,902.11,902.11,0.0,AEX,EOE,FTA,EUR
20250717,912.16,915.13,908.11,914.47,0.0,AEX,EOE,FTA,EUR
20250718,916.79,918.96,911.5,911.85,0.0,AEX,EOE,FTA,EUR
20250721,912.39,912.39,905.96,908.42,0.0,AEX,EOE,FTA,EUR
20250722,903.69,905.61,900.89,901.19,0.0,AEX,EOE,FTA,EUR
20250723,908.66,912.7,907.07,908.15,0.0,AEX,EOE,FTA,EUR
20250724,913.17,915.86,910.46,913.35,0.0,AEX,EOE,FTA,EUR
20250725,910.69,910.95,903.64,905.37,0.0,AEX,EOE,FTA,EUR
20250728,913.95,915.3,906.04,908.04,0.0,AEX,EOE,FTA,EUR
20250729,911.01,914.8,909.44,909.99,0.0,AEX,EOE,FTA,EUR
20250730,910.89,912.59,908.46,909.41,0.0,AEX,EOE,FTA,EUR
20250731,913.15,916.46,901.95,902.06,0.0,AEX,EOE,FTA,EUR
20250801,896.17,897.11,882.59,884.87,0.0,AEX,EOE,FTA,EUR
20250804,888.05,890.45,884.91,888.75,0.0,AEX,EOE,FTA,EUR
20250805,891.79,891.8,885.98,887.07,0.0,AEX,EOE,FTA,EUR
20250806,890.13,890.65,882.42,883.93,0.0,AEX,EOE,FTA,EUR
20250807,885.58,895.89,885.27,892.51,0.0,AEX,EOE,FTA,EUR
20250808,892.39,893.59,888.8,891.36,0.0,AEX,EOE,FTA,EUR
20250811,894.98,895.66,891.76,894.13,0.0,AEX,EOE,FTA,EUR
20250812,895.69,896.34,890.98,895.11,0.0,AEX,EOE,FTA,EUR
20250813,898.27,901.89,897.44,900.11,0.0,AEX,EOE,FTA,EUR
20250814,900.45,900.88,890.88,898.34,0.0,AEX,EOE,FTA,EUR
20250815,899.75,900.11,892.34,895.77,0.0,AEX,EOE,FTA,EUR
20250818,896.41,896.95,891.77,896.95,0.0,AEX,EOE,FTA,EUR
20250819,898.86,903.5,896.9,901.95,0.0,AEX,EOE,FTA,EUR
20250820,900.76,910.46,900.23,908.79,0.0,AEX,EOE,FTA,EUR
20250821,908.86,909.08,905.13,907.53,0.0,AEX,EOE,FTA,EUR
20250822,906.43,916.29,906.14,912.92,0.0,AEX,EOE,FTA,EUR
20250825,912.54,913.42,910.46,911.11,0.0,AEX,EOE,FTA,EUR
20250826,908.13,910.39,904.91,904.91,0.0,AEX,EOE,FTA,EUR
20250827,906.66,909.05,903.51,907.7,0.0,AEX,EOE,FTA,EUR
20250828,908.92,908.93,901.07,903.46,0.0,AEX,EOE,FTA,EUR
20250829,902.17,903.85,896.62,896.62,0.0,AEX,EOE,FTA,EUR
20250901,896.49,898.5,894.82,896.26,0.0,AEX,EOE,FTA,EUR
20250902,894.41,894.41,883.89,883.89,0.0,AEX,EOE,FTA,EUR
20250903,889.57,892.16,886.6,888.27,0.0,AEX,EOE,FTA,EUR
20250904,889.85,901.12,889.85,900.19,0.0,AEX,EOE,FTA,EUR
20250905,905.2,905.64,896.27,898.68,0.0,AEX,EOE,FTA,EUR
20250908,901.88,905.68,899.78,904.68,0.0,AEX,EOE,FTA,EUR
20250909,906.28,909.62,904.75,907.69,0.0,AEX,EOE,FTA,EUR
20250910,910.19,911.77,900.78,901.51,0.0,AEX,EOE,FTA,EUR
20250911,902.69,907.25,900.97,905.73,0.0,AEX,EOE,FTA,EUR
20250912,907.83,913.63,906.64,908.89,0.0,AEX,EOE,FTA,EUR
20250915,911.37,919.78,910.46,919.13,0.0,AEX,EOE,FTA,EUR
20250916,922.66,922.66,911.52,911.52,0.0,AEX,EOE,FTA,EUR
20250917,913.75,916.07,910.93,914.81,0.0,AEX,EOE,FTA,EUR
20250918,919.36,934.99,919.36,933.3,0.0,AEX,EOE,FTA,EUR
20250919,930.16,934.06,927.4,929.94,0.0,AEX,EOE,FTA,EUR
20250922,932.68,934.92,929.27,930.62,0.0,AEX,EOE,FTA,EUR
20250923,928.3,938.94,927.6,934.66,0.0,AEX,EOE,FTA,EUR
20250924,933.79,937.16,931.69,935.4,0.0,AEX,EOE,FTA,EUR
20250925,934.15,937.93,931.33,934.36,0.0,AEX,EOE,FTA,EUR
20250926,936.86,939.04,933.33,938.35,0.0,AEX,EOE,FTA,EUR
20250929,940.46,943.4,938.56,941.73,0.0,AEX,EOE,FTA,EUR
20250930,939.28,943.45,937.07,942.78,0.0,AEX,EOE,FTA,EUR
20251001,939.2,949.11,936.8,948.18,0.0,AEX,EOE,FTA,EUR
20251002,955.37,963.46,955.37,958.94,0.0,AEX,EOE,FTA,EUR
20251003,960.35,961.92,958.75,961.51,0.0,AEX,EOE,FTA,EUR
20251006,963.45,968.73,961.67,966.94,0.0,AEX,EOE,FTA,EUR
20251007,967.4,968.62,959.92,960.71,0.0,AEX,EOE,FTA,EUR
20251008,954.33,961.53,954.33,960.62,0.0,AEX,EOE,FTA,EUR
20251009,960.92,964.49,957.46,958.4,0.0,AEX,EOE,FTA,EUR
20251010,956.55,958.66,940.14,940.46,0.0,AEX,EOE,FTA,EUR
20251013,947.6,952.46,946.05,951.83,0.0,AEX,EOE,FTA,EUR
20251014,945.88,949.69,941.76,949.42,0.0,AEX,EOE,FTA,EUR
20251015,956.82,957.67,951.61,955.21,0.0,AEX,EOE,FTA,EUR
20251016,956.87,960.99,953.63,959.0,0.0,AEX,EOE,FTA,EUR
20251017,945.29,959.72,941.88,955.86,0.0,AEX,EOE,FTA,EUR
20251020,960.76,967.41,959.09,966.42,0.0,AEX,EOE,FTA,EUR
20251021,966.02,967.87,963.77,966.58,0.0,AEX,EOE,FTA,EUR
20251022,963.73,971.24,962.05,966.0,0.0,AEX,EOE,FTA,EUR
20251023,971.21,974.97,967.5,973.92,0.0,AEX,EOE,FTA,EUR
20251024,976.58,979.11,975.24,978.97,0.0,AEX,EOE,FTA,EUR
20251027,984.04,985.97,980.38,982.0,0.0,AEX,EOE,FTA,EUR
20251028,979.43,980.17,973.06,974.6,0.0,AEX,EOE,FTA,EUR
20251029,973.78,982.72,973.77,975.35,0.0,AEX,EOE,FTA,EUR
20251030,977.7,981.97,973.89,981.61,0.0,AEX,EOE,FTA,EUR
20251031,979.02,979.57,970.87,971.46,0.0,AEX,EOE,FTA,EUR
20251103,971.89,976.64,970.06,970.97,0.0,AEX,EOE,FTA,EUR
20251104,962.75,970.28,955.23,969.2,0.0,AEX,EOE,FTA,EUR
20251105,961.82,973.58,961.19,970.89,0.0,AEX,EOE,FTA,EUR
20251106,968.77,970.41,959.42,961.06,0.0,AEX,EOE,FTA,EUR
20251107,963.81,963.81,950.65,950.77,0.0,AEX,EOE,FTA,EUR
20251110,964.38,966.05,959.26,961.08,0.0,AEX,EOE,FTA,EUR
20251111,965.01,971.82,963.06,970.59,0.0,AEX,EOE,FTA,EUR
20251112,971.24,972.46,967.62,968.51,0.0,AEX,EOE,FTA,EUR
20251113,969.59,974.29,960.47,961.51,0.0,AEX,EOE,FTA,EUR
20251114,952.35,952.58,939.96,951.92,0.0,AEX,EOE,FTA,EUR
20251117,952.18,952.84,943.04,945.37,0.0,AEX,EOE,FTA,EUR
20251118,935.16,935.93,927.09,930.88,0.0,AEX,EOE,FTA,EUR
20251119,931.12,939.77,928.0,933.34,0.0,AEX,EOE,FTA,EUR
20251120,944.34,945.45,934.93,934.93,0.0,AEX,EOE,FTA,EUR
20251121,919.19,927.95,916.79,926.69,0.0,AEX,EOE,FTA,EUR
20251124,932.02,932.33,923.56,926.92,0.0,AEX,EOE,FTA,EUR
20251125,930.17,934.37,924.2,932.76,0.0,AEX,EOE,FTA,EUR
20251126,936.69,943.98,932.51,943.68,0.0,AEX,EOE,FTA,EUR
20251127,940.28,941.81,937.33,939.83,0.0,AEX,EOE,FTA,EUR
20251128,941.06,945.09,938.68,943.37,0.0,AEX,EOE,FTA,EUR
20251201,940.67,948.56,940.61,947.64,0.0,AEX,EOE,FTA,EUR
20251202,947.66,949.47,944.84,944.84,0.0,AEX,EOE,FTA,EUR
20251203,950.02,953.32,944.3,949.64,0.0,AEX,EOE,FTA,EUR
20251204,953.04,953.74,947.77,947.77,0.0,AEX,EOE,FTA,EUR
20251205,948.78,951.6,947.05,947.5,0.0,AEX,EOE,FTA,EUR
20251208,948.02,950.45,943.94,945.12,0.0,AEX,EOE,FTA,EUR
20251209,945.41,949.55,943.28,947.08,0.0,AEX,EOE,FTA,EUR
20251210,947.14,948.87,942.37,943.74,0.0,AEX,EOE,FTA,EUR
20251211,941.5,949.17,937.3,947.02,0.0,AEX,EOE,FTA,EUR
20251212,949.93,951.02,939.25,939.59,0.0,AEX,EOE,FTA,EUR
20251215,942.29,946.93,942.13,945.77,0.0,AEX,EOE,FTA,EUR
20251216,942.45,944.15,933.14,935.14,0.0,AEX,EOE,FTA,EUR
20251217,940.22,942.7,929.6,929.6,0.0,AEX,EOE,FTA,EUR
20251218,932.02,940.05,930.32,940.05,0.0,AEX,EOE,FTA,EUR
20251219,939.46,946.08,937.48,944.59,0.0,AEX,EOE,FTA,EUR
20251222,944.44,946.67,941.44,942.7,0.0,AEX,EOE,FTA,EUR
20251223,941.59,944.54,939.98,942.26,0.0,AEX,EOE,FTA,EUR
20251224,941.92,943.66,940.53,941.37,0.0,AEX,EOE,FTA,EUR
20251229,945.02,948.43,941.95,946.16,0.0,AEX,EOE,FTA,EUR
20251230,946.15,952.99,946.01,951.27,0.0,AEX,EOE,FTA,EUR
20251231,949.77,951.29,946.48,951.29,0.0,AEX,EOE,FTA,EUR
20260102,953.36,969.9,952.72,967.59,0.0,AEX,EOE,FTA,EUR
20260105,977.64,985.77,973.62,985.12,0.0,AEX,EOE,FTA,EUR
20260106,987.22,992.77,981.96,991.67,0.0,AEX,EOE,FTA,EUR
20260107,986.26,987.26,978.41,979.15,0.0,AEX,EOE,FTA,EUR
20260108,973.37,975.36,964.57,965.03,0.0,AEX,EOE,FTA,EUR
20260109,970.99,989.26,970.96,988.17,0.0,AEX,EOE,FTA,EUR
20260112,991.08,993.56,985.26,993.54,0.0,AEX,EOE,FTA,EUR
20260113,995.65,999.45,993.97,997.17,0.0,AEX,EOE,FTA,EUR
20260114,996.78,997.74,993.11,996.75,0.0,AEX,EOE,FTA,EUR
20260115,1007.68,1012.65,1003.93,1011.01,0.0,AEX,EOE,FTA,EUR
20260116,1010.63,1013.79,1007.17,1010.21,0.0,AEX,EOE,FTA,EUR
20260119,997.7,1002.94,992.4,992.73,0.0,AEX,EOE,FTA,EUR
20260120,989.55,991.88,982.5,991.17,0.0,AEX,EOE,FTA,EUR
20260121,991.44,996.09,984.21,993.94,0.0,AEX,EOE,FTA,EUR
20260122,1004.3,1007.28,999.88,1000.22,0.0,AEX,EOE,FTA,EUR
20260123,997.46,1001.12,993.37,1000.12,0.0,AEX,EOE,FTA,EUR
20260126,1001.47,1002.99,995.61,998.74,0.0,AEX,EOE,FTA,EUR
20260127,1003.62,1005.43,999.23,1001.68,0.0,AEX,EOE,FTA,EUR
20260128,1014.93,1017.39,995.76,997.13,0.0,AEX,EOE,FTA,EUR
20260129,1006.01,1010.84,993.74,996.93,0.0,AEX,EOE,FTA,EUR
20260130,996.51,1004.96,993.7,1001.65,0.0,AEX,EOE,FTA,EUR
20260202,990.62,1010.52,989.59,1009.51,0.0,AEX,EOE,FTA,EUR
20260203,1012.67,1014.73,989.4,993.99,0.0,AEX,EOE,FTA,EUR
20260204,996.97,1001.93,990.32,990.32,0.0,AEX,EOE,FTA,EUR
20260205,992.34,995.69,979.33,985.14,0.0,AEX,EOE,FTA,EUR
20260206,981.93,995.37,980.04,995.35,0.0,AEX,EOE,FTA,EUR
20260209,995.83,999.03,990.79,999.03,0.0,AEX,EOE,FTA,EUR
20260210,998.24,1006.91,997.78,1004.14,0.0,AEX,EOE,FTA,EUR
20260211,1007.13,1013.78,1003.11,1008.96,0.0,AEX,EOE,FTA,EUR
20260212,1008.77,1009.32,986.83,988.03,0.0,AEX,EOE,FTA,EUR
20260213,992.74,997.98,985.87,993.82,0.0,AEX,EOE,FTA,EUR
20260216,997.24,998.05,993.1,993.1,0.0,AEX,EOE,FTA,EUR
20260217,990.82,997.07,988.78,995.8,0.0,AEX,EOE,FTA,EUR
20260218,997.53,1011.38,996.64,1010.54,0.0,AEX,EOE,FTA,EUR
20260219,1011.72,1012.69,1006.05,1007.69,0.0,AEX,EOE,FTA,EUR
20260220,1010.79,1019.18,1007.86,1017.66,0.0,AEX,EOE,FTA,EUR
20260223,1016.22,1022.8,1011.91,1016.45,0.0,AEX,EOE,FTA,EUR
20260224,1019.7,1024.31,1016.57,1019.87,0.0,AEX,EOE,FTA,EUR
20260225,1023.73,1031.79,1023.73,1030.06,0.0,AEX,EOE,FTA,EUR
20260226,1028.91,1031.77,1018.27,1022.4,0.0,AEX,EOE,FTA,EUR
20260227,1022.11,1027.02,1020.16,1027.02,0.0,AEX,EOE,FTA,EUR
20260302,1016.2,1019.58,1014.01,1016.15,0.0,AEX,EOE,FTA,EUR
20260303,1007.45,1007.45,983.27,990.24,0.0,AEX,EOE,FTA,EUR
20260304,994.93,1005.4,993.09,1000.02,0.0,AEX,EOE,FTA,EUR
20260305,1000.71,1007.63,994.43,995.52,0.0,AEX,EOE,FTA,EUR
20260306,1000.41,1000.41,972.28,980.34,0.0,AEX,EOE,FTA,EUR
20260309,963.93,983.86,959.91,983.0,0.0,AEX,EOE,FTA,EUR
20260310,993.73,1005.6,993.22,1002.42,0.0,AEX,EOE,FTA,EUR
20260311,996.81,1005.01,994.21,1002.9,0.0,AEX,EOE,FTA,EUR
20260312,1000.51,1004.21,995.64,996.18,0.0,AEX,EOE,FTA,EUR
20210315,14504.49,14572.24,14409.35,14461.42,0.0,DAX,DAX,EUREX,EUR
20210316,14519.72,14601.79,14511.3,14557.58,0.0,DAX,DAX,EUREX,EUR
20210317,14565.29,14601.63,14539.7,14596.61,0.0,DAX,DAX,EUREX,EUR
20210318,14673.72,14804.01,14669.95,14775.52,0.0,DAX,DAX,EUREX,EUR
20210319,14697.26,14747.56,14563.21,14621.0,0.0,DAX,DAX,EUREX,EUR
20210322,14551.17,14677.12,14539.27,14657.21,0.0,DAX,DAX,EUREX,EUR
20210323,14582.07,14707.37,14516.22,14662.02,0.0,DAX,DAX,EUREX,EUR
20210324,14543.58,14619.04,14523.12,14610.39,0.0,DAX,DAX,EUREX,EUR
20210325,14550.4,14621.36,14422.65,14621.36,0.0,DAX,DAX,EUREX,EUR
20210326,14714.59,14776.32,14693.94,14748.94,0.0,DAX,DAX,EUREX,EUR
20210329,14809.8,14845.42,14756.04,14817.72,0.0,DAX,DAX,EUREX,EUR
20210330,14897.66,15029.7,14890.28,15008.61,0.0,DAX,DAX,EUREX,EUR
20210331,14982.12,15026.49,14973.59,15008.34,0.0,DAX,DAX,EUREX,EUR
20210401,15053.77,15110.92,15032.52,15107.17,0.0,DAX,DAX,EUREX,EUR
20210406,15289.97,15311.86,15209.9,15212.68,0.0,DAX,DAX,EUREX,EUR
20210407,15221.23,15242.73,15160.28,15176.36,0.0,DAX,DAX,EUREX,EUR
20210408,15236.44,15247.78,15144.11,15202.68,0.0,DAX,DAX,EUREX,EUR
20210409,15198.14,15243.56,15157.21,15234.16,0.0,DAX,DAX,EUREX,EUR
20210412,15238.85,15275.33,15212.24,15215.0,0.0,DAX,DAX,EUREX,EUR
20210413,15244.62,15281.65,15184.95,15234.36,0.0,DAX,DAX,EUREX,EUR
20210414,15253.59,15255.92,15191.51,15209.15,0.0,DAX,DAX,EUREX,EUR
20210415,15238.63,15271.69,15227.63,15255.33,0.0,DAX,DAX,EUREX,EUR
20210416,15277.85,15473.83,15274.22,15459.75,0.0,DAX,DAX,EUREX,EUR
20210419,15496.87,15501.84,15368.14,15368.39,0.0,DAX,DAX,EUREX,EUR
20210420,15361.15,15393.13,15109.54,15129.51,0.0,DAX,DAX,EUREX,EUR
20210421,15179.91,15210.69,15071.78,15195.97,0.0,DAX,DAX,EUREX,EUR
20210422,15252.04,15328.33,15230.2,15320.52,0.0,DAX,DAX,EUREX,EUR
20210423,15267.76,15309.09,15149.35,15279.62,0.0,DAX,DAX,EUREX,EUR
20210426,15297.93,15325.89,15237.02,15296.34,0.0,DAX,DAX,EUREX,EUR
20210427,15282.84,15293.89,15186.76,15249.27,0.0,DAX,DAX,EUREX,EUR
20210428,15320.4,15355.28,15266.61,15292.18,0.0,DAX,DAX,EUREX,EUR
20210429,15326.23,15329.72,15085.02,15154.2,0.0,DAX,DAX,EUREX,EUR
20210430,15204.39,15244.26,15135.91,15135.91,0.0,DAX,DAX,EUREX,EUR
20210503,15191.79,15268.56,15111.3,15236.47,0.0,DAX,DAX,EUREX,EUR
20210504,15259.5,15260.75,14845.27,14856.48,0.0,DAX,DAX,EUREX,EUR
20210505,14969.63,15170.78,14963.77,15170.78,0.0,DAX,DAX,EUREX,EUR
20210506,15170.77,15281.4,15092.77,15196.74,0.0,DAX,DAX,EUREX,EUR
20210507,15348.32,15406.41,15290.2,15399.65,0.0,DAX,DAX,EUREX,EUR
20210510,15417.53,15419.43,15347.96,15400.41,0.0,DAX,DAX,EUREX,EUR
20210511,15253.32,15255.89,15006.73,15119.75,0.0,DAX,DAX,EUREX,EUR
20210512,15144.04,15226.36,15058.11,15150.22,0.0,DAX,DAX,EUREX,EUR
20210513,14967.8,15235.89,14816.35,15199.68,0.0,DAX,DAX,EUREX,EUR
20210514,15301.74,15417.24,15214.68,15416.64,0.0,DAX,DAX,EUREX,EUR
20210517,15432.34,15482.23,15353.66,15396.62,0.0,DAX,DAX,EUREX,EUR
20210518,15514.72,15538.01,15344.1,15386.58,0.0,DAX,DAX,EUREX,EUR
20210519,15238.82,15266.53,14961.27,15113.56,0.0,DAX,DAX,EUREX,EUR
20210520,15207.32,15370.26,15102.35,15370.26,0.0,DAX,DAX,EUREX,EUR
20210521,15411.03,15467.19,15364.43,15437.51,0.0,DAX,DAX,EUREX,EUR
20210525,15548.29,15568.6,15465.09,15465.09,0.0,DAX,DAX,EUREX,EUR
20210526,15520.44,15541.86,15407.48,15450.72,0.0,DAX,DAX,EUREX,EUR
20210527,15419.2,15490.06,15350.67,15406.73,0.0,DAX,DAX,EUREX,EUR
20210528,15443.14,15548.72,15435.74,15519.98,0.0,DAX,DAX,EUREX,EUR
20210531,15496.48,15499.64,15414.38,15421.13,0.0,DAX,DAX,EUREX,EUR
20210601,15513.13,15685.4,15512.36,15567.36,0.0,DAX,DAX,EUREX,EUR
20210602,15570.77,15631.02,15554.02,15602.71,0.0,DAX,DAX,EUREX,EUR
20210603,15591.54,15657.15,15477.32,15632.67,0.0,DAX,DAX,EUREX,EUR
20210604,15651.69,15705.89,15607.92,15692.9,0.0,DAX,DAX,EUREX,EUR
20210607,15661.58,15732.06,15614.18,15677.15,0.0,DAX,DAX,EUREX,EUR
20210608,15674.41,15727.23,15638.32,15640.6,0.0,DAX,DAX,EUREX,EUR
20210609,15642.74,15669.14,15505.15,15581.14,0.0,DAX,DAX,EUREX,EUR
20210610,15610.08,15637.94,15513.36,15571.22,0.0,DAX,DAX,EUREX,EUR
20210611,15583.29,15703.84,15548.35,15693.27,0.0,DAX,DAX,EUREX,EUR
20210614,15739.89,15802.67,15673.64,15673.64,0.0,DAX,DAX,EUREX,EUR
20210615,15744.77,15792.35,15714.94,15729.52,0.0,DAX,DAX,EUREX,EUR
20210616,15756.83,15759.66,15674.61,15710.57,0.0,DAX,DAX,EUREX,EUR
20210617,15655.32,15752.34,15649.22,15727.67,0.0,DAX,DAX,EUREX,EUR
20210618,15720.52,15736.93,15426.76,15448.04,0.0,DAX,DAX,EUREX,EUR
20210621,15391.5,15606.57,15309.44,15603.24,0.0,DAX,DAX,EUREX,EUR
20210622,15587.57,15652.75,15518.31,15636.33,0.0,DAX,DAX,EUREX,EUR
20210623,15674.33,15675.9,15456.39,15456.39,0.0,DAX,DAX,EUREX,EUR
20210624,15528.55,15606.89,15476.67,15589.23,0.0,DAX,DAX,EUREX,EUR
20210625,15584.9,15612.66,15533.4,15607.97,0.0,DAX,DAX,EUREX,EUR
20210628,15570.8,15668.08,15542.17,15554.18,0.0,DAX,DAX,EUREX,EUR
20210629,15565.83,15752.93,15555.49,15690.59,0.0,DAX,DAX,EUREX,EUR
20210630,15700.06,15709.34,15461.2,15531.04,0.0,DAX,DAX,EUREX,EUR
20210701,15624.28,15708.78,15488.49,15603.81,0.0,DAX,DAX,EUREX,EUR
20210702,15644.84,15705.53,15616.43,15650.09,0.0,DAX,DAX,EUREX,EUR
20210705,15628.42,15673.88,15535.29,15661.97,0.0,DAX,DAX,EUREX,EUR
20210706,15615.07,15647.88,15466.66,15511.38,0.0,DAX,DAX,EUREX,EUR
20210707,15606.94,15700.95,15604.58,15692.71,0.0,DAX,DAX,EUREX,EUR
20210708,15584.72,15591.65,15304.41,15420.64,0.0,DAX,DAX,EUREX,EUR
20210709,15497.93,15687.93,15479.44,15687.93,0.0,DAX,DAX,EUREX,EUR
20210712,15675.42,15806.9,15631.84,15790.51,0.0,DAX,DAX,EUREX,EUR
20210713,15769.51,15806.57,15747.57,15789.64,0.0,DAX,DAX,EUREX,EUR
20210714,15733.19,15810.68,15717.83,15788.98,0.0,DAX,DAX,EUREX,EUR
20210715,15737.36,15737.36,15592.01,15629.66,0.0,DAX,DAX,EUREX,EUR
20210716,15682.75,15699.93,15476.99,15540.31,0.0,DAX,DAX,EUREX,EUR
20210719,15420.14,15423.84,15048.56,15133.2,0.0,DAX,DAX,EUREX,EUR
20210720,15234.85,15300.29,15091.9,15216.27,0.0,DAX,DAX,EUREX,EUR
20210721,15239.92,15443.76,15194.54,15422.5,0.0,DAX,DAX,EUREX,EUR
20210722,15533.22,15578.75,15471.47,15514.54,0.0,DAX,DAX,EUREX,EUR
20210723,15603.69,15681.41,15583.65,15669.29,0.0,DAX,DAX,EUREX,EUR
20210726,15586.66,15641.61,15544.94,15618.98,0.0,DAX,DAX,EUREX,EUR
20210727,15537.89,15586.9,15423.56,15519.13,0.0,DAX,DAX,EUREX,EUR
20210728,15538.75,15577.13,15497.1,15570.36,0.0,DAX,DAX,EUREX,EUR
20210729,15608.82,15659.22,15563.65,15640.47,0.0,DAX,DAX,EUREX,EUR
20210730,15493.74,15613.66,15440.89,15544.39,0.0,DAX,DAX,EUREX,EUR
20210802,15631.7,15702.89,15511.25,15568.73,0.0,DAX,DAX,EUREX,EUR
20210803,15537.69,15608.07,15492.58,15555.08,0.0,DAX,DAX,EUREX,EUR
20210804,15653.65,15712.27,15600.8,15692.13,0.0,DAX,DAX,EUREX,EUR
20210805,15691.74,15751.88,15672.27,15744.67,0.0,DAX,DAX,EUREX,EUR
20210806,15770.85,15808.24,15737.1,15761.45,0.0,DAX,DAX,EUREX,EUR
20210809,15773.51,15798.51,15699.27,15745.41,0.0,DAX,DAX,EUREX,EUR
20210810,15734.14,15802.15,15733.65,15770.71,0.0,DAX,DAX,EUREX,EUR
20210811,15792.12,15887.16,15724.99,15826.09,0.0,DAX,DAX,EUREX,EUR
20210812,15829.27,15964.38,15823.53,15937.51,0.0,DAX,DAX,EUREX,EUR
20210813,15948.15,16030.33,15940.82,15977.44,0.0,DAX,DAX,EUREX,EUR
20210816,15875.7,15961.18,15851.28,15925.73,0.0,DAX,DAX,EUREX,EUR
20210817,15872.12,15937.47,15811.57,15921.95,0.0,DAX,DAX,EUREX,EUR
20210818,15935.21,15969.85,15872.99,15965.97,0.0,DAX,DAX,EUREX,EUR
20210819,15737.18,15804.85,15621.98,15765.81,0.0,DAX,DAX,EUREX,EUR
20210820,15734.68,15808.04,15656.28,15808.04,0.0,DAX,DAX,EUREX,EUR
20210823,15930.72,15930.72,15799.59,15852.79,0.0,DAX,DAX,EUREX,EUR
20210824,15897.86,15918.72,15856.05,15905.85,0.0,DAX,DAX,EUREX,EUR
20210825,15912.85,15932.62,15853.32,15860.66,0.0,DAX,DAX,EUREX,EUR
20210826,15773.71,15834.91,15701.85,15793.62,0.0,DAX,DAX,EUREX,EUR
20210827,15778.92,15859.77,15752.09,15851.75,0.0,DAX,DAX,EUREX,EUR
20210830,15856.71,15896.73,15847.66,15887.31,0.0,DAX,DAX,EUREX,EUR
20210831,15929.26,16006.76,15761.57,15835.09,0.0,DAX,DAX,EUREX,EUR
20210901,15958.41,15981.7,15773.44,15824.29,0.0,DAX,DAX,EUREX,EUR
20210902,15813.57,15874.67,15810.77,15840.59,0.0,DAX,DAX,EUREX,EUR
20210903,15841.45,15868.69,15690.02,15781.2,0.0,DAX,DAX,EUREX,EUR
20210906,15818.44,15959.74,15814.63,15932.12,0.0,DAX,DAX,EUREX,EUR
20210907,15896.56,15927.77,15826.86,15843.09,0.0,DAX,DAX,EUREX,EUR
20210908,15714.61,15755.3,15590.41,15610.28,0.0,DAX,DAX,EUREX,EUR
20210909,15499.45,15693.22,15453.96,15623.15,0.0,DAX,DAX,EUREX,EUR
20210910,15648.89,15702.6,15574.94,15609.81,0.0,DAX,DAX,EUREX,EUR
20210913,15681.17,15787.66,15674.16,15701.42,0.0,DAX,DAX,EUREX,EUR
20210914,15697.72,15763.58,15663.42,15722.99,0.0,DAX,DAX,EUREX,EUR
20210915,15731.48,15740.01,15613.72,15616.0,0.0,DAX,DAX,EUREX,EUR
20210916,15666.63,15745.19,15638.23,15651.75,0.0,DAX,DAX,EUREX,EUR
20210917,15774.57,15791.9,15455.54,15490.17,0.0,DAX,DAX,EUREX,EUR
20210920,15259.5,15262.76,15019.49,15132.06,0.0,DAX,DAX,EUREX,EUR
20210921,15265.03,15394.33,15205.7,15348.53,0.0,DAX,DAX,EUREX,EUR
20210922,15463.24,15508.42,15378.93,15506.74,0.0,DAX,DAX,EUREX,EUR
20210923,15630.01,15695.65,15593.72,15643.97,0.0,DAX,DAX,EUREX,EUR
20210924,15562.14,15573.46,15497.17,15531.75,0.0,DAX,DAX,EUREX,EUR
20210927,15699.01,15704.05,15552.09,15573.88,0.0,DAX,DAX,EUREX,EUR
20210928,15542.03,15542.41,15232.97,15248.56,0.0,DAX,DAX,EUREX,EUR
20210929,15357.0,15422.75,15301.35,15365.27,0.0,DAX,DAX,EUREX,EUR
20210930,15434.33,15448.52,15246.0,15260.69,0.0,DAX,DAX,EUREX,EUR
20211001,15041.6,15262.75,14983.8,15156.44,0.0,DAX,DAX,EUREX,EUR
20211004,15061.86,15175.25,15016.93,15036.55,0.0,DAX,DAX,EUREX,EUR
20211005,15055.4,15202.2,15011.44,15194.49,0.0,DAX,DAX,EUREX,EUR
20211006,15040.1,15049.49,14818.71,14973.33,0.0,DAX,DAX,EUREX,EUR
20211007,15162.75,15253.29,15116.47,15250.86,0.0,DAX,DAX,EUREX,EUR
20211008,15242.76,15267.92,15184.76,15206.13,0.0,DAX,DAX,EUREX,EUR
20211011,15115.46,15202.74,15094.44,15199.14,0.0,DAX,DAX,EUREX,EUR
20211012,15025.35,15174.29,15012.07,15146.87,0.0,DAX,DAX,EUREX,EUR
20211013,15130.8,15302.43,15109.61,15249.38,0.0,DAX,DAX,EUREX,EUR
20211014,15350.72,15464.38,15303.39,15462.72,0.0,DAX,DAX,EUREX,EUR
20211015,15481.22,15598.58,15465.93,15587.36,0.0,DAX,DAX,EUREX,EUR
20211018,15518.59,15542.17,15416.02,15474.47,0.0,DAX,DAX,EUREX,EUR
20211019,15510.99,15527.97,15457.43,15515.83,0.0,DAX,DAX,EUREX,EUR
20211020,15473.56,15567.07,15465.03,15522.92,0.0,DAX,DAX,EUREX,EUR
20211021,15408.8,15532.94,15406.59,15472.56,0.0,DAX,DAX,EUREX,EUR
20211022,15507.99,15614.76,15492.29,15542.98,0.0,DAX,DAX,EUREX,EUR
20211025,15580.58,15618.88,15531.95,15599.23,0.0,DAX,DAX,EUREX,EUR
20211026,15652.91,15781.0,15650.35,15757.06,0.0,DAX,DAX,EUREX,EUR
20211027,15725.4,15744.79,15671.59,15705.81,0.0,DAX,DAX,EUREX,EUR
20211028,15681.52,15706.39,15629.33,15696.33,0.0,DAX,DAX,EUREX,EUR
20211029,15579.9,15689.66,15495.51,15688.77,0.0,DAX,DAX,EUREX,EUR
20211101,15764.55,15849.4,15760.35,15806.29,0.0,DAX,DAX,EUREX,EUR
20211102,15825.27,15960.21,15824.11,15954.45,0.0,DAX,DAX,EUREX,EUR
20211103,15957.15,15972.71,15922.1,15959.98,0.0,DAX,DAX,EUREX,EUR
20211104,16035.9,16064.79,15997.63,16029.65,0.0,DAX,DAX,EUREX,EUR
20211105,16011.57,16084.9,16008.4,16054.36,0.0,DAX,DAX,EUREX,EUR
20211108,16040.85,16068.73,16016.2,16046.52,0.0,DAX,DAX,EUREX,EUR
20211109,16026.74,16104.13,16022.64,16040.47,0.0,DAX,DAX,EUREX,EUR
20211110,16053.0,16076.56,15985.9,16067.83,0.0,DAX,DAX,EUREX,EUR
20211111,16067.34,16114.55,16032.5,16083.11,0.0,DAX,DAX,EUREX,EUR
20211112,16100.08,16122.76,16065.06,16094.07,0.0,DAX,DAX,EUREX,EUR
20211115,16109.41,16149.87,16072.29,16148.64,0.0,DAX,DAX,EUREX,EUR
20211116,16174.31,16266.26,16157.58,16247.86,0.0,DAX,DAX,EUREX,EUR
20211117,16248.32,16283.52,16240.51,16251.13,0.0,DAX,DAX,EUREX,EUR
20211118,16262.29,16290.19,16193.34,16221.73,0.0,DAX,DAX,EUREX,EUR
20211119,16269.22,16282.87,16092.63,16159.97,0.0,DAX,DAX,EUREX,EUR
20211122,16188.54,16202.77,16090.54,16115.69,0.0,DAX,DAX,EUREX,EUR
20211123,15987.2,16054.38,15866.01,15937.0,0.0,DAX,DAX,EUREX,EUR
20211124,15942.28,15974.3,15740.6,15878.39,0.0,DAX,DAX,EUREX,EUR
20211125,15928.38,15962.54,15865.41,15917.98,0.0,DAX,DAX,EUREX,EUR
20211126,15383.9,15540.29,15244.46,15257.04,0.0,DAX,DAX,EUREX,EUR
20211129,15418.28,15441.91,15237.87,15280.86,0.0,DAX,DAX,EUREX,EUR
20211130,15117.63,15280.04,15015.42,15100.13,0.0,DAX,DAX,EUREX,EUR
20211201,15233.37,15509.46,15187.09,15472.67,0.0,DAX,DAX,EUREX,EUR
20211202,15300.73,15373.52,15172.9,15263.11,0.0,DAX,DAX,EUREX,EUR
20211203,15422.9,15422.9,15101.71,15169.98,0.0,DAX,DAX,EUREX,EUR
20211206,15323.2,15415.46,15150.54,15380.79,0.0,DAX,DAX,EUREX,EUR
20211207,15546.7,15827.94,15544.79,15813.94,0.0,DAX,DAX,EUREX,EUR
20211208,15781.05,15834.04,15683.67,15687.09,0.0,DAX,DAX,EUREX,EUR
20211209,15705.93,15721.48,15613.4,15639.26,0.0,DAX,DAX,EUREX,EUR
20211210,15572.69,15689.5,15550.45,15623.31,0.0,DAX,DAX,EUREX,EUR
20211213,15653.57,15794.31,15591.62,15621.72,0.0,DAX,DAX,EUREX,EUR
20211214,15680.35,15697.98,15448.45,15453.56,0.0,DAX,DAX,EUREX,EUR
20211215,15503.64,15531.04,15451.74,15476.35,0.0,DAX,DAX,EUREX,EUR
20211216,15708.94,15780.93,15621.57,15636.4,0.0,DAX,DAX,EUREX,EUR
20211217,15599.75,15609.51,15419.55,15531.69,0.0,DAX,DAX,EUREX,EUR
20211220,15152.56,15296.08,15060.1,15239.67,0.0,DAX,DAX,EUREX,EUR
20211221,15379.08,15452.42,15305.61,15447.44,0.0,DAX,DAX,EUREX,EUR
20211222,15474.84,15593.47,15425.16,15593.47,0.0,DAX,DAX,EUREX,EUR
20211223,15660.78,15768.45,15622.6,15756.31,0.0,DAX,DAX,EUREX,EUR
20211227,15705.53,15854.62,15697.44,15835.25,0.0,DAX,DAX,EUREX,EUR
20211228,15839.19,15974.79,15832.96,15963.7,0.0,DAX,DAX,EUREX,EUR
20211229,15952.47,15955.03,15803.59,15852.25,0.0,DAX,DAX,EUREX,EUR
20211230,15837.56,15890.74,15834.57,15884.86,0.0,DAX,DAX,EUREX,EUR
20220103,15947.44,16069.38,15943.16,16020.73,0.0,DAX,DAX,EUREX,EUR
20220104,16069.8,16202.58,16036.52,16152.61,0.0,DAX,DAX,EUREX,EUR
20220105,16177.44,16285.35,16161.72,16271.75,0.0,DAX,DAX,EUREX,EUR
20220106,16076.16,16156.56,15988.63,16052.03,0.0,DAX,DAX,EUREX,EUR
20220107,15999.02,16044.28,15862.71,15947.74,0.0,DAX,DAX,EUREX,EUR
20220110,16006.44,16015.34,15724.23,15768.27,0.0,DAX,DAX,EUREX,EUR
20220111,15918.82,15979.99,15880.39,15941.81,0.0,DAX,DAX,EUREX,EUR
20220112,16054.93,16061.5,15955.54,16010.32,0.0,DAX,DAX,EUREX,EUR
20220113,15959.83,16090.29,15941.78,16031.59,0.0,DAX,DAX,EUREX,EUR
20220114,15929.37,15970.7,15833.73,15883.24,0.0,DAX,DAX,EUREX,EUR
20220117,15948.9,15962.7,15894.77,15933.72,0.0,DAX,DAX,EUREX,EUR
20220118,15839.15,15843.58,15669.35,15772.56,0.0,DAX,DAX,EUREX,EUR
20220119,15639.45,15898.05,15629.86,15809.72,0.0,DAX,DAX,EUREX,EUR
20220120,15837.24,15912.33,15737.33,15912.33,0.0,DAX,DAX,EUREX,EUR
20220121,15694.82,15728.29,15456.87,15603.88,0.0,DAX,DAX,EUREX,EUR
20220124,15499.61,15587.39,14952.67,15011.13,0.0,DAX,DAX,EUREX,EUR
20220125,15139.07,15205.75,14979.11,15123.87,0.0,DAX,DAX,EUREX,EUR
20220126,15273.06,15524.96,15272.87,15459.39,0.0,DAX,DAX,EUREX,EUR
20220127,15229.98,15582.45,15197.53,15524.27,0.0,DAX,DAX,EUREX,EUR
20220128,15411.86,15416.59,15122.65,15318.95,0.0,DAX,DAX,EUREX,EUR
20220131,15506.79,15566.38,15338.19,15471.2,0.0,DAX,DAX,EUREX,EUR
20220201,15620.56,15687.96,15537.05,15619.39,0.0,DAX,DAX,EUREX,EUR
20220202,15689.16,15736.52,15604.99,15613.77,0.0,DAX,DAX,EUREX,EUR
20220203,15565.94,15602.5,15367.16,15368.47,0.0,DAX,DAX,EUREX,EUR
20220204,15410.73,15423.94,15060.48,15099.56,0.0,DAX,DAX,EUREX,EUR
20220207,15220.08,15256.08,15076.89,15206.64,0.0,DAX,DAX,EUREX,EUR
20220208,15221.7,15338.0,15158.8,15242.38,0.0,DAX,DAX,EUREX,EUR
20220209,15356.95,15513.94,15351.48,15482.01,0.0,DAX,DAX,EUREX,EUR
20220210,15597.06,15614.47,15413.37,15490.44,0.0,DAX,DAX,EUREX,EUR
20220211,15353.86,15511.34,15308.69,15425.12,0.0,DAX,DAX,EUREX,EUR
20220214,15065.73,15150.54,14844.1,15113.97,0.0,DAX,DAX,EUREX,EUR
20220215,15077.32,15418.41,15068.33,15412.71,0.0,DAX,DAX,EUREX,EUR
20220216,15431.27,15542.84,15327.94,15370.3,0.0,DAX,DAX,EUREX,EUR
20220217,15404.14,15440.08,15206.4,15267.63,0.0,DAX,DAX,EUREX,EUR
20220218,15278.66,15317.39,14989.05,15042.51,0.0,DAX,DAX,EUREX,EUR
20220221,15186.63,15192.47,14617.66,14731.12,0.0,DAX,DAX,EUREX,EUR
20220222,14365.06,14782.16,14357.86,14693.0,0.0,DAX,DAX,EUREX,EUR
20220223,14754.22,14901.09,14586.35,14631.36,0.0,DAX,DAX,EUREX,EUR
20220224,13989.41,14221.71,13807.28,14052.1,0.0,DAX,DAX,EUREX,EUR
20220225,14230.09,14567.62,14027.93,14567.23,0.0,DAX,DAX,EUREX,EUR
20220228,14263.73,14510.77,14106.89,14461.02,0.0,DAX,DAX,EUREX,EUR
20220301,14404.22,14448.61,13904.85,13904.85,0.0,DAX,DAX,EUREX,EUR
20220302,13836.93,14114.79,13707.86,14000.11,0.0,DAX,DAX,EUREX,EUR
20220303,13990.25,14057.15,13669.1,13698.4,0.0,DAX,DAX,EUREX,EUR
20220304,13485.98,13562.6,13094.54,13094.54,0.0,DAX,DAX,EUREX,EUR
20220307,12614.08,13150.35,12438.85,12834.65,0.0,DAX,DAX,EUREX,EUR
20220308,12673.89,13106.78,12672.0,12831.51,0.0,DAX,DAX,EUREX,EUR
20220309,13215.06,13847.93,13199.68,13847.93,0.0,DAX,DAX,EUREX,EUR
20220310,13819.44,13829.97,13341.79,13442.1,0.0,DAX,DAX,EUREX,EUR
20220311,13479.69,13943.97,13407.97,13628.11,0.0,DAX,DAX,EUREX,EUR
20220314,13827.22,14082.06,13815.8,13929.11,0.0,DAX,DAX,EUREX,EUR
20220315,13768.44,13974.84,13577.81,13917.27,0.0,DAX,DAX,EUREX,EUR
20220316,14245.77,14553.1,14183.26,14440.74,0.0,DAX,DAX,EUREX,EUR
20220317,14500.05,14509.23,14243.94,14388.06,0.0,DAX,DAX,EUREX,EUR
20220318,14374.41,14413.09,14109.79,14413.09,0.0,DAX,DAX,EUREX,EUR
20220321,14385.82,14457.3,14306.26,14326.97,0.0,DAX,DAX,EUREX,EUR
20220322,14365.67,14508.01,14343.34,14473.2,0.0,DAX,DAX,EUREX,EUR
20220323,14532.84,14539.31,14226.43,14283.65,0.0,DAX,DAX,EUREX,EUR
20220324,14305.8,14375.82,14187.82,14273.79,0.0,DAX,DAX,EUREX,EUR
20220325,14332.26,14428.03,14247.38,14305.76,0.0,DAX,DAX,EUREX,EUR
20220328,14376.0,14627.58,14371.9,14417.37,0.0,DAX,DAX,EUREX,EUR
20220329,14592.74,14925.25,14553.71,14820.33,0.0,DAX,DAX,EUREX,EUR
20220330,14712.32,14744.72,14555.87,14606.05,0.0,DAX,DAX,EUREX,EUR
20220331,14674.83,14732.0,14404.03,14414.75,0.0,DAX,DAX,EUREX,EUR
20220401,14447.78,14506.02,14403.09,14446.48,0.0,DAX,DAX,EUREX,EUR
20220404,14503.96,14535.07,14334.1,14518.16,0.0,DAX,DAX,EUREX,EUR
20220405,14504.8,14603.44,14347.33,14424.36,0.0,DAX,DAX,EUREX,EUR
20220406,14402.16,14437.91,14027.18,14151.69,0.0,DAX,DAX,EUREX,EUR
20220407,14187.13,14315.35,14069.53,14078.15,0.0,DAX,DAX,EUREX,EUR
20220408,14275.87,14321.82,14178.28,14283.67,0.0,DAX,DAX,EUREX,EUR
20220411,14162.97,14298.02,14094.83,14192.78,0.0,DAX,DAX,EUREX,EUR
20220412,13956.56,14180.09,13887.11,14124.95,0.0,DAX,DAX,EUREX,EUR
20220413,14062.7,14100.03,13961.95,14076.44,0.0,DAX,DAX,EUREX,EUR
20220414,14098.48,14198.78,14038.3,14163.85,0.0,DAX,DAX,EUREX,EUR
20220419,14057.43,14199.09,13991.7,14153.46,0.0,DAX,DAX,EUREX,EUR
20220420,14154.48,14362.03,14149.68,14362.03,0.0,DAX,DAX,EUREX,EUR
20220421,14376.05,14598.11,14374.59,14502.41,0.0,DAX,DAX,EUREX,EUR
20220422,14320.51,14372.47,14142.09,14142.09,0.0,DAX,DAX,EUREX,EUR
20220425,13908.05,14037.63,13863.39,13924.17,0.0,DAX,DAX,EUREX,EUR
20220426,14087.08,14112.84,13749.68,13756.4,0.0,DAX,DAX,EUREX,EUR
20220427,13760.22,13849.43,13566.2,13793.94,0.0,DAX,DAX,EUREX,EUR
20220428,13907.06,14074.71,13822.16,13979.84,0.0,DAX,DAX,EUREX,EUR
20220429,14095.93,14187.02,14038.55,14097.88,0.0,DAX,DAX,EUREX,EUR
20220502,13996.82,14036.11,13778.13,13939.07,0.0,DAX,DAX,EUREX,EUR
20220503,13958.92,14081.15,13920.46,14039.47,0.0,DAX,DAX,EUREX,EUR
20220504,14020.9,14073.21,13970.62,13970.82,0.0,DAX,DAX,EUREX,EUR
20220505,14282.77,14315.24,13857.58,13902.52,0.0,DAX,DAX,EUREX,EUR
20220506,13832.65,13851.45,13592.15,13674.29,0.0,DAX,DAX,EUREX,EUR
20220509,13624.92,13697.9,13380.67,13380.67,0.0,DAX,DAX,EUREX,EUR
20220510,13550.02,13719.95,13514.49,13534.74,0.0,DAX,DAX,EUREX,EUR
20220511,13587.29,13829.1,13508.56,13828.64,0.0,DAX,DAX,EUREX,EUR
20220512,13512.13,13808.09,13479.36,13739.64,0.0,DAX,DAX,EUREX,EUR
20220513,13837.42,14034.15,13795.64,14027.93,0.0,DAX,DAX,EUREX,EUR
20220516,13986.17,14043.1,13864.95,13964.38,0.0,DAX,DAX,EUREX,EUR
20220517,14072.67,14203.09,14056.98,14185.94,0.0,DAX,DAX,EUREX,EUR
20220518,14197.18,14226.47,13999.54,14007.76,0.0,DAX,DAX,EUREX,EUR
20220519,13822.35,13882.3,13683.59,13882.3,0.0,DAX,DAX,EUREX,EUR
20220520,13968.26,14161.32,13944.16,13981.91,0.0,DAX,DAX,EUREX,EUR
20220523,14179.84,14217.48,14026.14,14175.4,0.0,DAX,DAX,EUREX,EUR
20220524,14043.22,14105.06,13917.08,13919.75,0.0,DAX,DAX,EUREX,EUR
20220525,14022.27,14053.59,13871.48,14007.93,0.0,DAX,DAX,EUREX,EUR
20220526,14025.44,14253.61,14025.44,14231.29,0.0,DAX,DAX,EUREX,EUR
20220527,14289.53,14463.5,14246.83,14462.19,0.0,DAX,DAX,EUREX,EUR
20220530,14572.8,14589.45,14509.58,14575.98,0.0,DAX,DAX,EUREX,EUR
20220531,14513.34,14547.09,14359.39,14388.35,0.0,DAX,DAX,EUREX,EUR
20220601,14478.37,14489.0,14329.51,14340.47,0.0,DAX,DAX,EUREX,EUR
20220602,14394.36,14492.78,14393.04,14485.17,0.0,DAX,DAX,EUREX,EUR
20220603,14585.18,14589.91,14443.11,14460.09,0.0,DAX,DAX,EUREX,EUR
20220606,14576.87,14709.38,14548.26,14653.81,0.0,DAX,DAX,EUREX,EUR
20220607,14569.3,14590.69,14458.34,14556.62,0.0,DAX,DAX,EUREX,EUR
20220608,14595.78,14602.06,14378.5,14445.99,0.0,DAX,DAX,EUREX,EUR
20220609,14364.59,14420.73,14186.93,14198.8,0.0,DAX,DAX,EUREX,EUR
20220610,14110.03,14121.07,13749.77,13761.83,0.0,DAX,DAX,EUREX,EUR
20220613,13564.47,13648.84,13379.87,13427.03,0.0,DAX,DAX,EUREX,EUR
20220614,13557.44,13569.93,13294.0,13304.39,0.0,DAX,DAX,EUREX,EUR
20220615,13480.5,13566.8,13358.4,13485.29,0.0,DAX,DAX,EUREX,EUR
20220616,13440.43,13443.32,13007.91,13038.49,0.0,DAX,DAX,EUREX,EUR
20220617,13092.85,13237.7,13020.42,13126.26,0.0,DAX,DAX,EUREX,EUR
20220620,13207.79,13265.6,13106.38,13265.6,0.0,DAX,DAX,EUREX,EUR
20220621,13335.15,13443.77,13273.2,13292.4,0.0,DAX,DAX,EUREX,EUR
20220622,13062.26,13206.11,12965.69,13144.28,0.0,DAX,DAX,EUREX,EUR
20220623,13082.62,13120.31,12912.59,12912.59,0.0,DAX,DAX,EUREX,EUR
20220624,12949.87,13160.71,12904.86,13118.13,0.0,DAX,DAX,EUREX,EUR
20220627,13217.9,13378.42,13126.86,13186.07,0.0,DAX,DAX,EUREX,EUR
20220628,13264.62,13358.62,13221.04,13231.82,0.0,DAX,DAX,EUREX,EUR
20220629,13089.99,13132.36,12946.76,13003.35,0.0,DAX,DAX,EUREX,EUR
20220630,12795.22,12811.43,12618.68,12783.77,0.0,DAX,DAX,EUREX,EUR
20220701,12627.66,12894.38,12623.23,12813.03,0.0,DAX,DAX,EUREX,EUR
20220704,12904.09,12919.7,12741.63,12773.38,0.0,DAX,DAX,EUREX,EUR
20220705,12851.29,12870.24,12390.95,12401.2,0.0,DAX,DAX,EUREX,EUR
20220706,12587.55,12668.68,12509.22,12594.52,0.0,DAX,DAX,EUREX,EUR
20220707,12757.63,12867.71,12693.65,12843.22,0.0,DAX,DAX,EUREX,EUR
20220708,12814.1,13019.13,12766.8,13015.23,0.0,DAX,DAX,EUREX,EUR
20220711,12783.09,12934.87,12774.23,12832.44,0.0,DAX,DAX,EUREX,EUR
20220712,12751.3,12905.48,12655.06,12905.48,0.0,DAX,DAX,EUREX,EUR
20220713,12800.87,12851.9,12625.22,12756.32,0.0,DAX,DAX,EUREX,EUR
20220714,12759.29,12788.01,12434.29,12519.66,0.0,DAX,DAX,EUREX,EUR
20220715,12562.15,12875.67,12532.94,12864.72,0.0,DAX,DAX,EUREX,EUR
20220718,12935.05,13062.23,12913.69,12959.81,0.0,DAX,DAX,EUREX,EUR
20220719,12884.83,13351.2,12827.89,13308.41,0.0,DAX,DAX,EUREX,EUR
20220720,13356.67,13399.4,13129.13,13281.98,0.0,DAX,DAX,EUREX,EUR
20220721,13261.82,13318.64,13097.75,13246.64,0.0,DAX,DAX,EUREX,EUR
20220722,13179.56,13367.04,13171.14,13253.68,0.0,DAX,DAX,EUREX,EUR
20220725,13183.24,13337.06,13151.86,13210.32,0.0,DAX,DAX,EUREX,EUR
20220726,13181.92,13197.95,13042.41,13096.93,0.0,DAX,DAX,EUREX,EUR
20220727,13158.64,13204.58,13089.96,13166.38,0.0,DAX,DAX,EUREX,EUR
20220728,13214.41,13289.39,13091.26,13282.11,0.0,DAX,DAX,EUREX,EUR
20220729,13353.28,13515.03,13340.59,13484.05,0.0,DAX,DAX,EUREX,EUR
20220801,13471.2,13570.22,13464.9,13479.63,0.0,DAX,DAX,EUREX,EUR
20220802,13419.19,13484.55,13335.39,13449.2,0.0,DAX,DAX,EUREX,EUR
20220803,13398.7,13595.07,13388.34,13587.56,0.0,DAX,DAX,EUREX,EUR
20220804,13629.7,13792.88,13628.57,13662.68,0.0,DAX,DAX,EUREX,EUR
20220805,13642.91,13693.34,13562.62,13573.93,0.0,DAX,DAX,EUREX,EUR
20220808,13703.38,13745.59,13604.55,13687.69,0.0,DAX,DAX,EUREX,EUR
20220809,13647.06,13674.6,13514.71,13534.97,0.0,DAX,DAX,EUREX,EUR
20220810,13482.63,13715.56,13455.7,13700.93,0.0,DAX,DAX,EUREX,EUR
20220811,13747.07,13763.26,13661.17,13694.51,0.0,DAX,DAX,EUREX,EUR
20220812,13709.83,13813.05,13705.02,13795.85,0.0,DAX,DAX,EUREX,EUR
20220815,13847.88,13857.98,13736.0,13816.61,0.0,DAX,DAX,EUREX,EUR
20220816,13849.62,13947.85,13824.97,13910.12,0.0,DAX,DAX,EUREX,EUR
20220817,13928.12,13930.57,13610.44,13626.71,0.0,DAX,DAX,EUREX,EUR
20220818,13653.82,13775.66,13638.16,13697.41,0.0,DAX,DAX,EUREX,EUR
20220819,13591.24,13660.34,13525.69,13544.52,0.0,DAX,DAX,EUREX,EUR
20220822,13471.44,13510.29,13189.27,13230.57,0.0,DAX,DAX,EUREX,EUR
20220823,13163.52,13298.26,13156.44,13194.23,0.0,DAX,DAX,EUREX,EUR
20220824,13131.12,13238.61,13085.2,13220.06,0.0,DAX,DAX,EUREX,EUR
20220825,13328.49,13364.55,13210.99,13271.96,0.0,DAX,DAX,EUREX,EUR
20220826,13335.1,13375.02,12939.96,12971.47,0.0,DAX,DAX,EUREX,EUR
20220829,12838.42,12942.46,12758.44,12892.99,0.0,DAX,DAX,EUREX,EUR
20220830,12919.43,13154.15,12885.08,12961.14,0.0,DAX,DAX,EUREX,EUR
20220831,13018.48,13020.54,12814.81,12834.96,0.0,DAX,DAX,EUREX,EUR
20220901,12713.75,12743.05,12603.58,12630.23,0.0,DAX,DAX,EUREX,EUR
20220902,12768.44,13051.57,12736.01,13050.27,0.0,DAX,DAX,EUREX,EUR
20220905,12827.58,12827.58,12617.4,12760.78,0.0,DAX,DAX,EUREX,EUR
20220906,12807.27,12927.79,12760.04,12871.44,0.0,DAX,DAX,EUREX,EUR
20220907,12770.72,12953.99,12736.09,12915.97,0.0,DAX,DAX,EUREX,EUR
20220908,12985.61,13008.82,12688.87,12904.32,0.0,DAX,DAX,EUREX,EUR
20220909,12926.15,13121.13,12925.57,13088.21,0.0,DAX,DAX,EUREX,EUR
20220912,13171.92,13441.54,13165.78,13402.27,0.0,DAX,DAX,EUREX,EUR
20220913,13450.39,13564.83,13183.19,13188.95,0.0,DAX,DAX,EUREX,EUR
20220914,13131.34,13192.82,12952.09,13028.0,0.0,DAX,DAX,EUREX,EUR
20220915,13040.36,13111.38,12927.2,12956.66,0.0,DAX,DAX,EUREX,EUR
20220916,12814.92,12815.33,12699.22,12741.26,0.0,DAX,DAX,EUREX,EUR
20220919,12685.29,12866.7,12606.64,12803.24,0.0,DAX,DAX,EUREX,EUR
20220920,12849.78,12936.57,12638.22,12670.83,0.0,DAX,DAX,EUREX,EUR
20220921,12555.31,12771.78,12520.81,12767.15,0.0,DAX,DAX,EUREX,EUR
20220922,12531.66,12781.56,12526.61,12531.63,0.0,DAX,DAX,EUREX,EUR
20220923,12506.64,12521.25,12180.76,12284.19,0.0,DAX,DAX,EUREX,EUR
20220926,12231.84,12368.49,12184.0,12227.92,0.0,DAX,DAX,EUREX,EUR
20220927,12332.85,12414.09,12139.68,12139.68,0.0,DAX,DAX,EUREX,EUR
20220928,12025.43,12198.37,11862.84,12183.28,0.0,DAX,DAX,EUREX,EUR
20220929,12143.21,12147.31,11866.98,11975.55,0.0,DAX,DAX,EUREX,EUR
20220930,12063.09,12137.77,11973.91,12114.36,0.0,DAX,DAX,EUREX,EUR
20221003,11951.84,12227.87,11893.94,12209.48,0.0,DAX,DAX,EUREX,EUR
20221004,12360.72,12673.35,12358.98,12670.48,0.0,DAX,DAX,EUREX,EUR
20221005,12611.07,12661.88,12455.36,12517.18,0.0,DAX,DAX,EUREX,EUR
20221006,12593.41,12643.22,12421.89,12470.78,0.0,DAX,DAX,EUREX,EUR
20221007,12414.78,12497.52,12272.59,12273.0,0.0,DAX,DAX,EUREX,EUR
20221010,12175.52,12410.83,12174.63,12272.94,0.0,DAX,DAX,EUREX,EUR
20221011,12168.66,12258.15,12097.68,12220.25,0.0,DAX,DAX,EUREX,EUR
20221012,12207.97,12298.62,12104.62,12172.26,0.0,DAX,DAX,EUREX,EUR
20221013,12114.23,12379.24,12000.43,12355.58,0.0,DAX,DAX,EUREX,EUR
20221014,12549.02,12676.42,12395.99,12437.81,0.0,DAX,DAX,EUREX,EUR
20221017,12467.54,12716.81,12398.05,12649.03,0.0,DAX,DAX,EUREX,EUR
20221018,12788.53,12931.76,12746.36,12765.61,0.0,DAX,DAX,EUREX,EUR
20221019,12817.63,12819.11,12705.26,12741.41,0.0,DAX,DAX,EUREX,EUR
20221020,12685.16,12818.34,12628.78,12767.41,0.0,DAX,DAX,EUREX,EUR
20221021,12641.12,12775.52,12548.15,12730.9,0.0,DAX,DAX,EUREX,EUR
20221024,12868.77,13020.45,12747.38,12931.45,0.0,DAX,DAX,EUREX,EUR
20221025,12965.19,13053.24,12789.26,13052.96,0.0,DAX,DAX,EUREX,EUR
20221026,13054.49,13203.24,13023.4,13195.81,0.0,DAX,DAX,EUREX,EUR
20221027,13152.99,13259.49,13062.04,13211.23,0.0,DAX,DAX,EUREX,EUR
20221028,13072.92,13250.66,13051.25,13243.33,0.0,DAX,DAX,EUREX,EUR
20221031,13254.31,13307.09,13216.48,13253.74,0.0,DAX,DAX,EUREX,EUR
20221101,13344.85,13444.07,13287.07,13338.74,0.0,DAX,DAX,EUREX,EUR
20221102,13369.33,13398.64,13255.07,13256.74,0.0,DAX,DAX,EUREX,EUR
20221103,13130.97,13194.32,13022.64,13130.19,0.0,DAX,DAX,EUREX,EUR
20221104,13201.24,13542.35,13193.51,13459.85,0.0,DAX,DAX,EUREX,EUR
20221107,13398.79,13611.3,13391.0,13533.52,0.0,DAX,DAX,EUREX,EUR
20221108,13506.65,13689.61,13487.91,13688.75,0.0,DAX,DAX,EUREX,EUR
20221109,13653.98,13691.12,13557.08,13666.32,0.0,DAX,DAX,EUREX,EUR
20221110,13603.79,14157.25,13599.35,14146.09,0.0,DAX,DAX,EUREX,EUR
20221111,14179.39,14263.53,14172.47,14224.86,0.0,DAX,DAX,EUREX,EUR
20221114,14295.81,14431.18,14243.35,14313.3,0.0,DAX,DAX,EUREX,EUR
20221115,14372.42,14440.78,14266.42,14378.51,0.0,DAX,DAX,EUREX,EUR
20221116,14374.86,14382.62,14195.31,14234.03,0.0,DAX,DAX,EUREX,EUR
20221117,14348.46,14384.54,14149.7,14266.38,0.0,DAX,DAX,EUREX,EUR
20221118,14320.61,14457.76,14300.21,14431.86,0.0,DAX,DAX,EUREX,EUR
20221121,14395.53,14425.95,14321.84,14379.93,0.0,DAX,DAX,EUREX,EUR
20221122,14352.54,14485.49,14343.8,14422.35,0.0,DAX,DAX,EUREX,EUR
20221123,14438.2,14446.33,14363.51,14427.59,0.0,DAX,DAX,EUREX,EUR
20221124,14456.15,14570.71,14447.55,14539.56,0.0,DAX,DAX,EUREX,EUR
20221125,14547.58,14571.66,14498.05,14541.38,0.0,DAX,DAX,EUREX,EUR
20221128,14471.1,14514.73,14374.15,14383.36,0.0,DAX,DAX,EUREX,EUR
20221129,14404.67,14429.87,14327.04,14355.45,0.0,DAX,DAX,EUREX,EUR
20221130,14429.22,14487.7,14363.32,14397.04,0.0,DAX,DAX,EUREX,EUR
20221201,14543.8,14563.7,14423.79,14490.3,0.0,DAX,DAX,EUREX,EUR
20221202,14465.7,14584.59,14372.42,14529.39,0.0,DAX,DAX,EUREX,EUR
20221205,14487.43,14507.16,14394.37,14447.61,0.0,DAX,DAX,EUREX,EUR
20221206,14406.87,14471.5,14305.26,14343.19,0.0,DAX,DAX,EUREX,EUR
20221207,14304.95,14372.35,14218.18,14261.19,0.0,DAX,DAX,EUREX,EUR
20221208,14277.75,14298.81,14196.77,14264.56,0.0,DAX,DAX,EUREX,EUR
20221209,14325.8,14385.57,14217.96,14370.72,0.0,DAX,DAX,EUREX,EUR
20221212,14300.43,14366.39,14262.6,14306.63,0.0,DAX,DAX,EUREX,EUR
20221213,14345.88,14675.84,14302.49,14497.89,0.0,DAX,DAX,EUREX,EUR
20221214,14453.54,14470.74,14375.95,14460.2,0.0,DAX,DAX,EUREX,EUR
20221215,14351.31,14363.12,13982.59,13986.23,0.0,DAX,DAX,EUREX,EUR
20221216,13978.44,14011.26,13815.24,13893.07,0.0,DAX,DAX,EUREX,EUR
20221219,13934.75,14001.37,13927.05,13942.87,0.0,DAX,DAX,EUREX,EUR
20221220,13829.9,13931.29,13791.52,13884.66,0.0,DAX,DAX,EUREX,EUR
20221221,13944.69,14099.75,13912.17,14097.82,0.0,DAX,DAX,EUREX,EUR
20221222,14113.01,14160.87,13890.54,13914.07,0.0,DAX,DAX,EUREX,EUR
20221223,13945.59,14000.68,13874.5,13940.93,0.0,DAX,DAX,EUREX,EUR
20221227,14047.42,14063.14,13966.35,13995.1,0.0,DAX,DAX,EUREX,EUR
20221228,14013.72,14018.47,13914.62,13925.6,0.0,DAX,DAX,EUREX,EUR
20221229,13890.81,14071.72,13871.32,14071.72,0.0,DAX,DAX,EUREX,EUR
20221230,14005.84,14008.97,13922.55,13923.59,0.0,DAX,DAX,EUREX,EUR
20230102,13992.71,14095.91,13976.44,14069.26,0.0,DAX,DAX,EUREX,EUR
20230103,14116.07,14293.87,14083.76,14181.67,0.0,DAX,DAX,EUREX,EUR
20230104,14266.98,14492.78,14264.6,14490.78,0.0,DAX,DAX,EUREX,EUR
20230105,14451.23,14501.6,14403.73,14436.31,0.0,DAX,DAX,EUREX,EUR
20230106,14476.72,14610.23,14388.98,14610.02,0.0,DAX,DAX,EUREX,EUR
20230109,14650.73,14832.89,14628.61,14792.83,0.0,DAX,DAX,EUREX,EUR
20230110,14741.97,14790.82,14692.74,14774.6,0.0,DAX,DAX,EUREX,EUR
20230111,14805.4,14965.47,14794.99,14947.91,0.0,DAX,DAX,EUREX,EUR
20230112,14972.28,15095.03,14934.51,15058.3,0.0,DAX,DAX,EUREX,EUR
20230113,15063.21,15132.37,15041.16,15086.52,0.0,DAX,DAX,EUREX,EUR
20230116,15112.05,15153.19,15083.94,15134.04,0.0,DAX,DAX,EUREX,EUR
20230117,15130.03,15269.71,15083.95,15187.07,0.0,DAX,DAX,EUREX,EUR
20230118,15182.95,15250.36,15156.89,15181.8,0.0,DAX,DAX,EUREX,EUR
20230119,15115.55,15134.07,14906.27,14920.36,0.0,DAX,DAX,EUREX,EUR
20230120,14986.52,15034.43,14940.68,15033.56,0.0,DAX,DAX,EUREX,EUR
20230123,15077.4,15145.9,15022.83,15102.95,0.0,DAX,DAX,EUREX,EUR
20230124,15140.5,15147.45,15022.55,15093.11,0.0,DAX,DAX,EUREX,EUR
20230125,15095.72,15114.41,14969.65,15081.64,0.0,DAX,DAX,EUREX,EUR
20230126,15146.29,15151.54,15068.72,15132.85,0.0,DAX,DAX,EUREX,EUR
20230127,15115.75,15186.49,15077.62,15150.03,0.0,DAX,DAX,EUREX,EUR
20230130,15070.3,15161.07,14988.98,15126.08,0.0,DAX,DAX,EUREX,EUR
20230131,15081.17,15136.22,14993.59,15128.27,0.0,DAX,DAX,EUREX,EUR
20230201,15125.12,15222.34,15107.83,15180.74,0.0,DAX,DAX,EUREX,EUR
20230202,15275.0,15520.97,15264.31,15509.19,0.0,DAX,DAX,EUREX,EUR
20230203,15408.4,15476.67,15347.86,15476.43,0.0,DAX,DAX,EUREX,EUR
20230206,15367.04,15406.93,15275.57,15345.91,0.0,DAX,DAX,EUREX,EUR
20230207,15359.59,15363.41,15273.6,15320.88,0.0,DAX,DAX,EUREX,EUR
20230208,15450.67,15486.13,15371.93,15412.05,0.0,DAX,DAX,EUREX,EUR
20230209,15560.15,15658.56,15519.63,15523.42,0.0,DAX,DAX,EUREX,EUR
20230210,15438.94,15487.98,15246.39,15307.98,0.0,DAX,DAX,EUREX,EUR
20230213,15322.06,15409.27,15305.94,15397.34,0.0,DAX,DAX,EUREX,EUR
20230214,15419.0,15526.28,15366.37,15380.56,0.0,DAX,DAX,EUREX,EUR
20230215,15394.44,15520.39,15388.85,15506.34,0.0,DAX,DAX,EUREX,EUR
20230216,15612.43,15634.04,15417.17,15533.64,0.0,DAX,DAX,EUREX,EUR
20230217,15372.06,15514.72,15300.42,15482.0,0.0,DAX,DAX,EUREX,EUR
20230220,15524.16,15532.44,15436.79,15477.55,0.0,DAX,DAX,EUREX,EUR
20230221,15450.62,15470.52,15286.71,15397.62,0.0,DAX,DAX,EUREX,EUR
20230222,15342.6,15408.58,15247.5,15399.89,0.0,DAX,DAX,EUREX,EUR
20230223,15453.29,15552.77,15433.97,15475.69,0.0,DAX,DAX,EUREX,EUR
20230224,15501.82,15530.46,15162.48,15209.74,0.0,DAX,DAX,EUREX,EUR
20230227,15351.63,15481.06,15351.63,15381.43,0.0,DAX,DAX,EUREX,EUR
20230228,15299.79,15443.17,15289.43,15365.14,0.0,DAX,DAX,EUREX,EUR
20230301,15399.91,15478.84,15254.11,15305.02,0.0,DAX,DAX,EUREX,EUR
20230302,15171.07,15329.29,15150.67,15327.64,0.0,DAX,DAX,EUREX,EUR
20230303,15430.66,15590.44,15409.99,15578.39,0.0,DAX,DAX,EUREX,EUR
20230306,15597.9,15677.93,15587.78,15653.58,0.0,DAX,DAX,EUREX,EUR
20230307,15638.44,15706.37,15544.07,15559.53,0.0,DAX,DAX,EUREX,EUR
20230308,15528.81,15667.21,15524.85,15631.87,0.0,DAX,DAX,EUREX,EUR
20230309,15619.75,15667.05,15535.13,15633.21,0.0,DAX,DAX,EUREX,EUR
20230310,15369.67,15495.87,15316.38,15427.97,0.0,DAX,DAX,EUREX,EUR
20230313,15435.16,15435.81,14887.44,14959.47,0.0,DAX,DAX,EUREX,EUR
20230314,15016.53,15272.11,14951.71,15232.83,0.0,DAX,DAX,EUREX,EUR
20230315,15175.44,15246.17,14702.91,14735.26,0.0,DAX,DAX,EUREX,EUR
20230316,14973.84,15018.31,14664.17,14967.1,0.0,DAX,DAX,EUREX,EUR
20230317,15073.76,15153.11,14694.26,14768.2,0.0,DAX,DAX,EUREX,EUR
20230320,14715.4,14980.43,14458.39,14933.38,0.0,DAX,DAX,EUREX,EUR
20230321,15062.06,15253.1,15055.93,15195.34,0.0,DAX,DAX,EUREX,EUR
20230322,15174.67,15298.49,15166.95,15216.19,0.0,DAX,DAX,EUREX,EUR
20230323,15178.25,15244.32,15078.72,15210.39,0.0,DAX,DAX,EUREX,EUR
20230324,15135.5,15135.65,14809.82,14957.23,0.0,DAX,DAX,EUREX,EUR
20230327,15133.68,15185.35,15020.07,15127.68,0.0,DAX,DAX,EUREX,EUR
20230328,15255.93,15261.49,15103.76,15142.02,0.0,DAX,DAX,EUREX,EUR
20230329,15242.52,15342.27,15186.75,15328.78,0.0,DAX,DAX,EUREX,EUR
20230330,15429.38,15536.42,15424.69,15522.4,0.0,DAX,DAX,EUREX,EUR
20230331,15568.37,15659.06,15499.84,15628.84,0.0,DAX,DAX,EUREX,EUR
20230403,15623.45,15659.35,15553.9,15580.92,0.0,DAX,DAX,EUREX,EUR
20230404,15639.02,15736.56,15601.4,15603.47,0.0,DAX,DAX,EUREX,EUR
20230405,15611.68,15627.29,15482.88,15520.17,0.0,DAX,DAX,EUREX,EUR
20230406,15530.2,15601.49,15509.09,15578.33,0.0,DAX,DAX,EUREX,EUR
20230411,15710.45,15726.02,15625.79,15655.17,0.0,DAX,DAX,EUREX,EUR
20230412,15689.14,15827.28,15668.2,15703.6,0.0,DAX,DAX,EUREX,EUR
20230413,15708.21,15754.99,15675.15,15729.46,0.0,DAX,DAX,EUREX,EUR
20230414,15789.78,15841.47,15760.32,15807.5,0.0,DAX,DAX,EUREX,EUR
20230417,15838.89,15903.25,15764.38,15789.53,0.0,DAX,DAX,EUREX,EUR
20230418,15841.5,15916.28,15802.75,15882.67,0.0,DAX,DAX,EUREX,EUR
20230419,15850.52,15908.47,15829.55,15895.2,0.0,DAX,DAX,EUREX,EUR
20230420,15864.15,15883.31,15734.25,15795.97,0.0,DAX,DAX,EUREX,EUR
20230421,15782.58,15899.62,15706.83,15881.66,0.0,DAX,DAX,EUREX,EUR
20230424,15852.27,15919.11,15831.1,15863.95,0.0,DAX,DAX,EUREX,EUR
20230425,15836.79,15891.73,15794.81,15872.13,0.0,DAX,DAX,EUREX,EUR
20230426,15804.5,15826.02,15694.36,15795.73,0.0,DAX,DAX,EUREX,EUR
20230427,15739.35,15859.25,15706.69,15800.45,0.0,DAX,DAX,EUREX,EUR
20230428,15884.79,15922.38,15688.17,15922.38,0.0,DAX,DAX,EUREX,EUR
20230502,15950.36,16011.56,15707.55,15726.94,0.0,DAX,DAX,EUREX,EUR
20230503,15774.02,15868.88,15745.98,15815.06,0.0,DAX,DAX,EUREX,EUR
20230504,15781.46,15796.71,15662.32,15734.24,0.0,DAX,DAX,EUREX,EUR
20230505,15837.44,15961.54,15755.97,15961.02,0.0,DAX,DAX,EUREX,EUR
20230508,15967.57,15996.16,15933.69,15952.83,0.0,DAX,DAX,EUREX,EUR
20230509,15950.89,15962.62,15879.56,15955.48,0.0,DAX,DAX,EUREX,EUR
20230510,15973.38,15984.82,15848.69,15896.23,0.0,DAX,DAX,EUREX,EUR
20230511,15943.85,15970.54,15754.76,15834.91,0.0,DAX,DAX,EUREX,EUR
20230512,15918.25,15938.01,15852.1,15913.82,0.0,DAX,DAX,EUREX,EUR
20230515,15966.96,15982.1,15874.24,15917.24,0.0,DAX,DAX,EUREX,EUR
20230516,15892.78,15968.41,15862.37,15897.93,0.0,DAX,DAX,EUREX,EUR
20230517,15883.61,15992.77,15862.15,15951.3,0.0,DAX,DAX,EUREX,EUR
20230518,16069.42,16230.44,16069.42,16163.36,0.0,DAX,DAX,EUREX,EUR
20230519,16233.11,16331.94,16203.6,16275.38,0.0,DAX,DAX,EUREX,EUR
20230522,16235.98,16267.93,16196.36,16223.99,0.0,DAX,DAX,EUREX,EUR
20230523,16186.44,16224.32,16143.98,16152.86,0.0,DAX,DAX,EUREX,EUR
20230524,16008.52,16013.29,15802.86,15842.13,0.0,DAX,DAX,EUREX,EUR
20230525,15872.46,15872.6,15726.5,15793.8,0.0,DAX,DAX,EUREX,EUR
20230526,15850.09,16008.59,15726.74,15983.97,0.0,DAX,DAX,EUREX,EUR
20230529,16064.13,16079.73,15925.22,15952.73,0.0,DAX,DAX,EUREX,EUR
20230530,15962.31,16058.43,15889.46,15908.91,0.0,DAX,DAX,EUREX,EUR
20230531,15757.43,15871.7,15629.12,15664.02,0.0,DAX,DAX,EUREX,EUR
20230601,15744.01,15863.41,15734.86,15853.66,0.0,DAX,DAX,EUREX,EUR
20230602,15949.04,16071.32,15922.61,16051.23,0.0,DAX,DAX,EUREX,EUR
20230605,16079.86,16114.84,15928.44,15963.89,0.0,DAX,DAX,EUREX,EUR
20230606,15939.31,16009.28,15925.56,15992.44,0.0,DAX,DAX,EUREX,EUR
20230607,15998.1,16020.28,15909.85,15960.56,0.0,DAX,DAX,EUREX,EUR
20230608,15951.61,16019.0,15913.95,15989.96,0.0,DAX,DAX,EUREX,EUR
20230609,15993.02,15998.9,15924.51,15949.84,0.0,DAX,DAX,EUREX,EUR
20230612,16052.91,16126.3,16021.55,16097.87,0.0,DAX,DAX,EUREX,EUR
20230613,16218.2,16232.7,16088.47,16230.68,0.0,DAX,DAX,EUREX,EUR
20230614,16219.09,16336.27,16217.45,16310.79,0.0,DAX,DAX,EUREX,EUR
20230615,16275.73,16301.73,16165.66,16290.12,0.0,DAX,DAX,EUREX,EUR
20230616,16306.63,16427.42,16276.79,16357.63,0.0,DAX,DAX,EUREX,EUR
20230619,16272.21,16302.29,16189.57,16201.2,0.0,DAX,DAX,EUREX,EUR
20230620,16100.29,16184.3,16069.1,16111.32,0.0,DAX,DAX,EUREX,EUR
20230621,16082.75,16145.29,16002.27,16023.13,0.0,DAX,DAX,EUREX,EUR
20230622,15867.65,15988.21,15810.48,15988.16,0.0,DAX,DAX,EUREX,EUR
20230623,15862.79,15917.14,15733.12,15829.94,0.0,DAX,DAX,EUREX,EUR
20230626,15874.15,15874.9,15713.7,15813.06,0.0,DAX,DAX,EUREX,EUR
20230627,15873.73,15895.7,15758.13,15846.86,0.0,DAX,DAX,EUREX,EUR
20230628,15922.71,15994.31,15906.88,15949.0,0.0,DAX,DAX,EUREX,EUR
20230629,15960.47,15998.67,15920.04,15946.72,0.0,DAX,DAX,EUREX,EUR
20230630,15989.43,16176.55,15978.9,16147.9,0.0,DAX,DAX,EUREX,EUR
20230703,16187.91,16209.29,16070.49,16081.04,0.0,DAX,DAX,EUREX,EUR
20230704,16082.93,16103.95,16023.72,16039.17,0.0,DAX,DAX,EUREX,EUR
20230705,15930.16,15982.96,15901.39,15937.58,0.0,DAX,DAX,EUREX,EUR
20230706,15816.11,15846.25,15495.84,15528.54,0.0,DAX,DAX,EUREX,EUR
20230707,15515.0,15661.41,15456.16,15603.4,0.0,DAX,DAX,EUREX,EUR
20230710,15585.34,15722.03,15545.33,15673.16,0.0,DAX,DAX,EUREX,EUR
20230711,15716.26,15807.66,15659.1,15790.34,0.0,DAX,DAX,EUREX,EUR
20230712,15842.26,16044.28,15806.28,16023.0,0.0,DAX,DAX,EUREX,EUR
20230713,16009.26,16185.11,16000.38,16141.03,0.0,DAX,DAX,EUREX,EUR
20230714,16123.13,16149.12,16071.74,16105.07,0.0,DAX,DAX,EUREX,EUR
20230717,16013.52,16102.51,15995.45,16068.65,0.0,DAX,DAX,EUREX,EUR
20230718,16042.03,16140.2,16031.07,16125.49,0.0,DAX,DAX,EUREX,EUR
20230719,16190.0,16240.79,16075.17,16108.93,0.0,DAX,DAX,EUREX,EUR
20230720,16059.22,16211.43,16050.98,16204.22,0.0,DAX,DAX,EUREX,EUR
20230721,16125.21,16181.34,16103.48,16177.22,0.0,DAX,DAX,EUREX,EUR
20230724,16126.71,16208.76,16121.27,16190.95,0.0,DAX,DAX,EUREX,EUR
20230725,16169.75,16225.89,16135.6,16211.59,0.0,DAX,DAX,EUREX,EUR
20230726,16183.7,16212.91,16000.04,16131.46,0.0,DAX,DAX,EUREX,EUR
20230727,16162.16,16408.8,16131.64,16406.03,0.0,DAX,DAX,EUREX,EUR
20230728,16356.38,16490.13,16336.42,16469.75,0.0,DAX,DAX,EUREX,EUR
20230731,16434.66,16528.97,16427.47,16446.83,0.0,DAX,DAX,EUREX,EUR
20230801,16414.79,16430.66,16240.4,16240.4,0.0,DAX,DAX,EUREX,EUR
20230802,16027.65,16140.76,15955.31,16020.02,0.0,DAX,DAX,EUREX,EUR
20230803,15879.03,15920.32,15807.85,15893.38,0.0,DAX,DAX,EUREX,EUR
20230804,15917.01,15973.96,15784.52,15951.86,0.0,DAX,DAX,EUREX,EUR
20230807,15877.54,15962.61,15824.78,15950.76,0.0,DAX,DAX,EUREX,EUR
20230808,15868.31,15946.57,15706.31,15774.93,0.0,DAX,DAX,EUREX,EUR
20230809,15918.06,15983.78,15831.08,15852.58,0.0,DAX,DAX,EUREX,EUR
20230810,15921.42,16060.27,15880.41,15996.52,0.0,DAX,DAX,EUREX,EUR
20230811,15927.79,15962.45,15803.08,15832.17,0.0,DAX,DAX,EUREX,EUR
20230814,15818.21,15937.78,15817.59,15904.25,0.0,DAX,DAX,EUREX,EUR
20230815,15909.57,15923.13,15703.03,15767.28,0.0,DAX,DAX,EUREX,EUR
20230816,15737.02,15814.66,15725.1,15789.45,0.0,DAX,DAX,EUREX,EUR
20230817,15712.94,15793.53,15664.3,15676.9,0.0,DAX,DAX,EUREX,EUR
20230818,15597.12,15612.88,15468.65,15574.26,0.0,DAX,DAX,EUREX,EUR
20230821,15573.95,15710.21,15571.82,15603.28,0.0,DAX,DAX,EUREX,EUR
20230822,15684.64,15799.34,15677.44,15705.62,0.0,DAX,DAX,EUREX,EUR
20230823,15761.25,15820.95,15672.43,15728.41,0.0,DAX,DAX,EUREX,EUR
20230824,15876.22,15896.74,15618.69,15621.49,0.0,DAX,DAX,EUREX,EUR
20230825,15582.95,15739.78,15578.97,15631.82,0.0,DAX,DAX,EUREX,EUR
20230828,15756.47,15804.95,15673.89,15792.61,0.0,DAX,DAX,EUREX,EUR
20230829,15844.76,15942.12,15805.42,15930.88,0.0,DAX,DAX,EUREX,EUR
20230830,15956.92,15960.4,15823.33,15891.93,0.0,DAX,DAX,EUREX,EUR
20230831,15937.39,16042.66,15914.43,15947.08,0.0,DAX,DAX,EUREX,EUR
20230901,15936.34,15984.59,15840.25,15840.34,0.0,DAX,DAX,EUREX,EUR
20230904,15904.63,15958.74,15795.97,15824.85,0.0,DAX,DAX,EUREX,EUR
20230905,15729.78,15838.44,15691.49,15771.71,0.0,DAX,DAX,EUREX,EUR
20230906,15712.59,15781.89,15676.51,15741.37,0.0,DAX,DAX,EUREX,EUR
20230907,15661.66,15794.72,15661.38,15718.66,0.0,DAX,DAX,EUREX,EUR
20230908,15777.56,15783.38,15577.04,15740.3,0.0,DAX,DAX,EUREX,EUR
20230911,15799.42,15867.57,15771.07,15800.99,0.0,DAX,DAX,EUREX,EUR
20230912,15804.08,15808.38,15686.34,15715.53,0.0,DAX,DAX,EUREX,EUR
20230913,15648.92,15726.6,15564.64,15654.03,0.0,DAX,DAX,EUREX,EUR
20230914,15652.41,15824.06,15588.12,15805.29,0.0,DAX,DAX,EUREX,EUR
20230915,15940.39,15989.3,15871.17,15893.53,0.0,DAX,DAX,EUREX,EUR
20230918,15858.81,15870.62,15693.87,15727.12,0.0,DAX,DAX,EUREX,EUR
20230919,15688.07,15743.9,15630.94,15664.48,0.0,DAX,DAX,EUREX,EUR
20230920,15703.09,15810.36,15699.34,15781.59,0.0,DAX,DAX,EUREX,EUR
20230921,15650.98,15696.66,15548.69,15571.86,0.0,DAX,DAX,EUREX,EUR
20230922,15473.8,15592.27,15471.75,15557.29,0.0,DAX,DAX,EUREX,EUR
20230925,15513.32,15572.14,15329.4,15405.49,0.0,DAX,DAX,EUREX,EUR
20230926,15330.91,15360.43,15229.35,15255.87,0.0,DAX,DAX,EUREX,EUR
20230927,15225.58,15299.68,15194.68,15217.45,0.0,DAX,DAX,EUREX,EUR
20230928,15229.1,15323.73,15138.66,15323.5,0.0,DAX,DAX,EUREX,EUR
20230929,15394.82,15515.99,15382.56,15386.58,0.0,DAX,DAX,EUREX,EUR
20231002,15439.96,15476.38,15192.01,15247.21,0.0,DAX,DAX,EUREX,EUR
20231003,15184.49,15257.86,15074.85,15085.21,0.0,DAX,DAX,EUREX,EUR
20231004,14979.81,15174.63,14948.08,15099.92,0.0,DAX,DAX,EUREX,EUR
20231005,15113.94,15157.7,15048.42,15070.22,0.0,DAX,DAX,EUREX,EUR
20231006,15109.16,15230.89,15033.55,15229.77,0.0,DAX,DAX,EUREX,EUR
20231009,15143.29,15201.06,15077.66,15128.11,0.0,DAX,DAX,EUREX,EUR
20231010,15272.57,15443.45,15272.57,15423.52,0.0,DAX,DAX,EUREX,EUR
20231011,15366.78,15486.11,15361.74,15460.01,0.0,DAX,DAX,EUREX,EUR
20231012,15537.87,15575.28,15413.2,15425.03,0.0,DAX,DAX,EUREX,EUR
20231013,15400.09,15409.89,15178.07,15186.66,0.0,DAX,DAX,EUREX,EUR
20231016,15219.42,15271.51,15103.12,15237.99,0.0,DAX,DAX,EUREX,EUR
20231017,15211.29,15288.32,15117.24,15251.69,0.0,DAX,DAX,EUREX,EUR
20231018,15244.05,15271.15,15081.69,15094.91,0.0,DAX,DAX,EUREX,EUR
20231019,15060.65,15104.37,14984.59,15045.23,0.0,DAX,DAX,EUREX,EUR
20231020,14872.02,14936.49,14798.47,14798.47,0.0,DAX,DAX,EUREX,EUR
20231023,14823.03,14838.01,14630.21,14800.72,0.0,DAX,DAX,EUREX,EUR
20231024,14802.52,14916.6,14750.32,14879.94,0.0,DAX,DAX,EUREX,EUR
20231025,14870.63,14933.69,14789.63,14892.18,0.0,DAX,DAX,EUREX,EUR
20231026,14696.22,14795.41,14655.08,14731.05,0.0,DAX,DAX,EUREX,EUR
20231027,14757.11,14824.29,14667.37,14687.41,0.0,DAX,DAX,EUREX,EUR
20231030,14770.95,14798.0,14678.73,14716.54,0.0,DAX,DAX,EUREX,EUR
20231031,14741.44,14829.62,14722.38,14810.34,0.0,DAX,DAX,EUREX,EUR
20231101,14851.96,14949.58,14786.32,14923.27,0.0,DAX,DAX,EUREX,EUR
20231102,15033.65,15202.43,15028.03,15143.6,0.0,DAX,DAX,EUREX,EUR
20231103,15203.8,15269.5,15149.72,15189.25,0.0,DAX,DAX,EUREX,EUR
20231106,15219.32,15223.41,15110.84,15135.97,0.0,DAX,DAX,EUREX,EUR
20231107,15084.79,15194.53,15068.25,15152.64,0.0,DAX,DAX,EUREX,EUR
20231108,15093.48,15287.73,15086.41,15229.6,0.0,DAX,DAX,EUREX,EUR
20231109,15246.5,15364.49,15212.99,15352.54,0.0,DAX,DAX,EUREX,EUR
20231110,15296.58,15309.52,15171.58,15234.39,0.0,DAX,DAX,EUREX,EUR
20231113,15285.12,15346.79,15252.27,15345.0,0.0,DAX,DAX,EUREX,EUR
20231114,15358.59,15632.44,15337.6,15614.43,0.0,DAX,DAX,EUREX,EUR
20231115,15631.67,15759.84,15628.19,15748.17,0.0,DAX,DAX,EUREX,EUR
20231116,15806.91,15862.09,15783.51,15786.61,0.0,DAX,DAX,EUREX,EUR
20231117,15828.78,15952.45,15826.67,15919.16,0.0,DAX,DAX,EUREX,EUR
20231120,15915.24,15929.93,15854.82,15901.33,0.0,DAX,DAX,EUREX,EUR
20231121,15911.02,15948.07,15891.31,15900.53,0.0,DAX,DAX,EUREX,EUR
20231122,15965.13,15998.41,15931.74,15957.82,0.0,DAX,DAX,EUREX,EUR
20231123,15976.62,16005.45,15958.06,15994.73,0.0,DAX,DAX,EUREX,EUR
20231124,15988.19,16041.17,15972.67,16029.49,0.0,DAX,DAX,EUREX,EUR
20231127,16007.26,16039.42,15957.96,15966.37,0.0,DAX,DAX,EUREX,EUR
20231128,15939.19,15993.42,15915.4,15992.67,0.0,DAX,DAX,EUREX,EUR
20231129,16013.16,16208.97,16010.48,16166.45,0.0,DAX,DAX,EUREX,EUR
20231130,16204.74,16262.96,16169.11,16215.43,0.0,DAX,DAX,EUREX,EUR
20231201,16296.92,16399.06,16279.45,16397.52,0.0,DAX,DAX,EUREX,EUR
20231204,16390.17,16455.68,16386.8,16404.76,0.0,DAX,DAX,EUREX,EUR
20231205,16405.14,16551.34,16394.02,16533.11,0.0,DAX,DAX,EUREX,EUR
20231206,16565.65,16727.07,16536.12,16656.44,0.0,DAX,DAX,EUREX,EUR
20231207,16623.89,16655.3,16595.11,16628.99,0.0,DAX,DAX,EUREX,EUR
20231208,16644.62,16782.72,16630.18,16759.22,0.0,DAX,DAX,EUREX,EUR
20231211,16760.59,16817.81,16734.27,16794.43,0.0,DAX,DAX,EUREX,EUR
20231212,16823.01,16837.18,16753.81,16791.74,0.0,DAX,DAX,EUREX,EUR
20231213,16811.56,16836.45,16760.12,16766.05,0.0,DAX,DAX,EUREX,EUR
20231214,16948.79,17003.28,16670.35,16752.23,0.0,DAX,DAX,EUREX,EUR
20231215,16822.5,16890.11,16713.7,16751.44,0.0,DAX,DAX,EUREX,EUR
20231218,16683.69,16744.27,16624.65,16650.55,0.0,DAX,DAX,EUREX,EUR
20231219,16657.44,16750.51,16656.64,16744.41,0.0,DAX,DAX,EUREX,EUR
20231220,16779.41,16789.96,16694.56,16733.05,0.0,DAX,DAX,EUREX,EUR
20231221,16667.31,16708.35,16624.16,16687.42,0.0,DAX,DAX,EUREX,EUR
20231222,16673.3,16735.32,16651.78,16706.18,0.0,DAX,DAX,EUREX,EUR
20231227,16727.77,16775.71,16697.58,16742.07,0.0,DAX,DAX,EUREX,EUR
20231228,16780.95,16783.79,16688.52,16701.55,0.0,DAX,DAX,EUREX,EUR
20231229,16729.26,16758.53,16726.97,16751.64,0.0,DAX,DAX,EUREX,EUR
20240102,16828.75,16963.47,16648.8,16769.36,0.0,DAX,DAX,EUREX,EUR
20240103,16771.35,16784.07,16479.92,16538.39,0.0,DAX,DAX,EUREX,EUR
20240104,16563.69,16626.84,16501.4,16617.29,0.0,DAX,DAX,EUREX,EUR
20240105,16504.88,16645.89,16448.71,16594.21,0.0,DAX,DAX,EUREX,EUR
20240108,16618.51,16716.47,16517.49,16716.47,0.0,DAX,DAX,EUREX,EUR
20240109,16743.27,16743.27,16611.53,16688.36,0.0,DAX,DAX,EUREX,EUR
20240110,16703.12,16753.69,16654.99,16689.81,0.0,DAX,DAX,EUREX,EUR
20240111,16775.92,16839.49,16541.38,16547.03,0.0,DAX,DAX,EUREX,EUR
20240112,16649.45,16752.24,16608.0,16704.56,0.0,DAX,DAX,EUREX,EUR
20240115,16723.24,16736.16,16609.22,16622.22,0.0,DAX,DAX,EUREX,EUR
20240116,16497.54,16581.93,16476.09,16571.68,0.0,DAX,DAX,EUREX,EUR
20240117,16400.42,16435.68,16345.02,16431.69,0.0,DAX,DAX,EUREX,EUR
20240118,16440.66,16579.12,16421.2,16567.35,0.0,DAX,DAX,EUREX,EUR
20240119,16626.53,16647.85,16513.46,16555.13,0.0,DAX,DAX,EUREX,EUR
20240122,16684.1,16705.49,16607.72,16683.36,0.0,DAX,DAX,EUREX,EUR
20240123,16753.09,16753.09,16626.59,16627.09,0.0,DAX,DAX,EUREX,EUR
20240124,16793.27,16921.41,16760.92,16889.92,0.0,DAX,DAX,EUREX,EUR
20240125,16849.76,16916.6,16785.69,16906.92,0.0,DAX,DAX,EUREX,EUR
20240126,16879.01,16967.72,16849.31,16961.39,0.0,DAX,DAX,EUREX,EUR
20240129,16925.39,16941.71,16860.05,16941.71,0.0,DAX,DAX,EUREX,EUR
20240130,16991.37,16999.58,16946.56,16972.34,0.0,DAX,DAX,EUREX,EUR
20240131,16972.47,16991.84,16884.87,16903.76,0.0,DAX,DAX,EUREX,EUR
20240201,16834.13,16915.92,16821.6,16859.04,0.0,DAX,DAX,EUREX,EUR
20240202,16977.75,17004.55,16894.67,16918.21,0.0,DAX,DAX,EUREX,EUR
20240205,16925.97,16972.62,16859.0,16904.06,0.0,DAX,DAX,EUREX,EUR
20240206,16965.89,17049.52,16871.32,17033.24,0.0,DAX,DAX,EUREX,EUR
20240207,17020.77,17021.55,16907.15,16921.96,0.0,DAX,DAX,EUREX,EUR
20240208,16936.14,17029.54,16889.13,16963.83,0.0,DAX,DAX,EUREX,EUR
20240209,16973.58,16993.12,16876.36,16926.5,0.0,DAX,DAX,EUREX,EUR
20240212,16975.99,17042.74,16958.8,17037.35,0.0,DAX,DAX,EUREX,EUR
20240213,16987.09,16991.61,16831.53,16880.83,0.0,DAX,DAX,EUREX,EUR
20240214,16872.89,16957.78,16857.34,16945.48,0.0,DAX,DAX,EUREX,EUR
20240215,17022.54,17089.12,17003.82,17046.69,0.0,DAX,DAX,EUREX,EUR
20240216,17117.37,17198.45,17060.38,17117.44,0.0,DAX,DAX,EUREX,EUR
20240219,17075.74,17098.61,17049.22,17092.26,0.0,DAX,DAX,EUREX,EUR
20240220,17066.23,17084.87,17019.15,17068.43,0.0,DAX,DAX,EUREX,EUR
20240221,17102.08,17157.95,17063.25,17118.12,0.0,DAX,DAX,EUREX,EUR
20240222,17326.76,17429.66,17279.73,17370.45,0.0,DAX,DAX,EUREX,EUR
20240223,17372.01,17443.74,17354.76,17419.33,0.0,DAX,DAX,EUREX,EUR
20240226,17396.74,17460.53,17396.4,17423.23,0.0,DAX,DAX,EUREX,EUR
20240227,17431.37,17563.41,17428.17,17556.49,0.0,DAX,DAX,EUREX,EUR
20240228,17569.61,17605.61,17552.98,17601.22,0.0,DAX,DAX,EUREX,EUR
20240229,17634.61,17742.48,17620.11,17678.19,0.0,DAX,DAX,EUREX,EUR
20240301,17793.47,17816.52,17690.89,17735.07,0.0,DAX,DAX,EUREX,EUR
20240304,17743.44,17756.39,17684.73,17716.17,0.0,DAX,DAX,EUREX,EUR
20240305,17682.78,17746.57,17643.11,17698.4,0.0,DAX,DAX,EUREX,EUR
20240306,17685.92,17745.16,17682.51,17716.71,0.0,DAX,DAX,EUREX,EUR
20240307,17648.89,17879.11,17619.4,17842.85,0.0,DAX,DAX,EUREX,EUR
20240308,17849.85,17860.51,17795.13,17814.51,0.0,DAX,DAX,EUREX,EUR
20240311,17690.95,17750.72,17662.55,17746.27,0.0,DAX,DAX,EUREX,EUR
20240312,17810.15,17973.22,17746.89,17965.11,0.0,DAX,DAX,EUREX,EUR
20240313,17984.5,18001.42,17939.56,17961.38,0.0,DAX,DAX,EUREX,EUR
20240314,18002.97,18039.05,17899.93,17942.04,0.0,DAX,DAX,EUREX,EUR
20240315,17938.14,18038.11,17926.72,17936.65,0.0,DAX,DAX,EUREX,EUR
20240318,17936.31,18015.49,17902.92,17932.68,0.0,DAX,DAX,EUREX,EUR
20240319,17932.18,17998.04,17914.18,17987.49,0.0,DAX,DAX,EUREX,EUR
20240320,17987.91,18044.49,17955.69,18015.13,0.0,DAX,DAX,EUREX,EUR
20240321,18019.86,18179.25,18019.86,18179.25,0.0,DAX,DAX,EUREX,EUR
20240322,18175.08,18225.97,18140.99,18205.94,0.0,DAX,DAX,EUREX,EUR
20240325,18206.36,18285.58,18176.85,18261.31,0.0,DAX,DAX,EUREX,EUR
20240326,18262.11,18411.98,18256.81,18384.35,0.0,DAX,DAX,EUREX,EUR
20240327,18385.17,18511.17,18385.17,18477.09,0.0,DAX,DAX,EUREX,EUR
20240328,18477.4,18513.83,18468.87,18492.49,0.0,DAX,DAX,EUREX,EUR
20240402,18492.36,18567.16,18275.94,18283.13,0.0,DAX,DAX,EUREX,EUR
20240403,18281.82,18375.59,18281.82,18367.72,0.0,DAX,DAX,EUREX,EUR
20240404,18366.37,18427.43,18340.24,18403.13,0.0,DAX,DAX,EUREX,EUR
20240405,18401.83,18401.83,18088.03,18175.04,0.0,DAX,DAX,EUREX,EUR
20240408,18163.39,18326.37,18163.39,18318.97,0.0,DAX,DAX,EUREX,EUR
20240409,18318.4,18318.51,18058.22,18076.69,0.0,DAX,DAX,EUREX,EUR
20240410,18078.89,18239.5,17975.84,18097.3,0.0,DAX,DAX,EUREX,EUR
20240411,18096.51,18101.31,17864.69,17954.48,0.0,DAX,DAX,EUREX,EUR
20240412,17965.95,18162.56,17860.73,17930.32,0.0,DAX,DAX,EUREX,EUR
20240415,17937.62,18191.95,17937.62,18026.58,0.0,DAX,DAX,EUREX,EUR
20240416,18022.17,18022.69,17713.5,17766.23,0.0,DAX,DAX,EUREX,EUR
20240417,17764.03,17907.58,17731.79,17770.02,0.0,DAX,DAX,EUREX,EUR
20240418,17775.41,17863.32,17716.92,17837.4,0.0,DAX,DAX,EUREX,EUR
20240419,17834.83,17834.87,17626.9,17737.36,0.0,DAX,DAX,EUREX,EUR
20240422,17738.04,17889.47,17738.04,17860.8,0.0,DAX,DAX,EUREX,EUR
20240423,17861.2,18144.66,17861.2,18137.65,0.0,DAX,DAX,EUREX,EUR
20240424,18140.19,18226.32,18060.26,18088.7,0.0,DAX,DAX,EUREX,EUR
20240425,18088.17,18100.75,17795.96,17917.28,0.0,DAX,DAX,EUREX,EUR
20240426,17920.73,18199.71,17920.73,18161.01,0.0,DAX,DAX,EUREX,EUR
20240429,18162.15,18235.8,18103.43,18118.32,0.0,DAX,DAX,EUREX,EUR
20240430,18119.93,18153.69,17920.72,17932.17,0.0,DAX,DAX,EUREX,EUR
20240502,17935.78,17981.04,17875.98,17896.5,0.0,DAX,DAX,EUREX,EUR
20240503,17900.15,18105.82,17900.02,18001.6,0.0,DAX,DAX,EUREX,EUR
20240506,18001.13,18199.15,18001.13,18175.21,0.0,DAX,DAX,EUREX,EUR
20240507,18175.21,18442.4,18175.21,18430.05,0.0,DAX,DAX,EUREX,EUR
20240508,18430.25,18542.1,18427.26,18498.38,0.0,DAX,DAX,EUREX,EUR
20240509,18498.09,18699.29,18488.04,18686.6,0.0,DAX,DAX,EUREX,EUR
20240510,18686.85,18845.86,18686.85,18772.85,0.0,DAX,DAX,EUREX,EUR
20240513,18773.24,18799.77,18706.08,18742.22,0.0,DAX,DAX,EUREX,EUR
20240514,18735.84,18748.76,18629.03,18716.42,0.0,DAX,DAX,EUREX,EUR
20240515,18719.81,18892.92,18719.81,18869.36,0.0,DAX,DAX,EUREX,EUR
20240516,18874.85,18890.78,18716.33,18738.81,0.0,DAX,DAX,EUREX,EUR
20240517,18713.25,18724.02,18627.91,18704.42,0.0,DAX,DAX,EUREX,EUR
20240520,18710.13,18804.0,18710.13,18768.96,0.0,DAX,DAX,EUREX,EUR
20240521,18768.64,18768.64,18638.14,18726.76,0.0,DAX,DAX,EUREX,EUR
20240522,18731.65,18731.65,18642.2,18680.2,0.0,DAX,DAX,EUREX,EUR
20240523,18682.48,18766.68,18639.17,18691.32,0.0,DAX,DAX,EUREX,EUR
20240524,18687.6,18706.65,18515.84,18693.37,0.0,DAX,DAX,EUREX,EUR
20240527,18703.13,18774.71,18680.81,18774.71,0.0,DAX,DAX,EUREX,EUR
20240528,18775.55,18855.05,18635.04,18677.87,0.0,DAX,DAX,EUREX,EUR
20240529,18677.7,18677.7,18438.01,18473.29,0.0,DAX,DAX,EUREX,EUR
20240530,18465.47,18531.85,18394.43,18496.79,0.0,DAX,DAX,EUREX,EUR
20240531,18495.22,18542.27,18426.72,18497.94,0.0,DAX,DAX,EUREX,EUR
20240603,18503.79,18697.09,18503.79,18608.16,0.0,DAX,DAX,EUREX,EUR
20240604,18608.3,18608.3,18365.53,18405.64,0.0,DAX,DAX,EUREX,EUR
20240605,18406.06,18624.36,18406.06,18575.94,0.0,DAX,DAX,EUREX,EUR
20240606,18576.58,18784.65,18576.58,18652.67,0.0,DAX,DAX,EUREX,EUR
20240607,18649.08,18649.08,18424.6,18557.27,0.0,DAX,DAX,EUREX,EUR
20240610,18550.33,18550.33,18359.42,18494.89,0.0,DAX,DAX,EUREX,EUR
20240611,18497.85,18543.04,18281.56,18369.94,0.0,DAX,DAX,EUREX,EUR
20240612,18368.52,18651.7,18368.52,18630.86,0.0,DAX,DAX,EUREX,EUR
20240613,18632.01,18632.01,18253.42,18265.68,0.0,DAX,DAX,EUREX,EUR
20240614,18267.68,18304.79,17951.17,18002.02,0.0,DAX,DAX,EUREX,EUR
20240617,18008.23,18149.33,17969.54,18068.21,0.0,DAX,DAX,EUREX,EUR
20240618,18073.44,18214.2,18073.24,18131.97,0.0,DAX,DAX,EUREX,EUR
20240619,18131.35,18148.01,18055.63,18067.91,0.0,DAX,DAX,EUREX,EUR
20240620,18068.67,18254.18,18068.58,18254.18,0.0,DAX,DAX,EUREX,EUR
20240621,18254.57,18257.94,18090.04,18163.52,0.0,DAX,DAX,EUREX,EUR
20240624,18165.54,18354.71,18165.54,18325.58,0.0,DAX,DAX,EUREX,EUR
20240625,18300.42,18307.61,18075.75,18177.62,0.0,DAX,DAX,EUREX,EUR
20240626,18176.8,18363.39,18045.54,18155.24,0.0,DAX,DAX,EUREX,EUR
20240627,18154.97,18265.52,18141.28,18210.55,0.0,DAX,DAX,EUREX,EUR
20240628,18211.97,18352.65,18198.1,18235.45,0.0,DAX,DAX,EUREX,EUR
20240701,18236.35,18460.72,18236.27,18290.66,0.0,DAX,DAX,EUREX,EUR
20240702,18286.86,18286.86,18030.49,18164.06,0.0,DAX,DAX,EUREX,EUR
20240703,18181.71,18395.6,18181.71,18374.53,0.0,DAX,DAX,EUREX,EUR
20240704,18375.96,18468.16,18375.68,18450.48,0.0,DAX,DAX,EUREX,EUR
20240705,18450.59,18650.36,18420.57,18475.45,0.0,DAX,DAX,EUREX,EUR
20240708,18474.27,18631.61,18444.06,18472.05,0.0,DAX,DAX,EUREX,EUR
20240709,18471.35,18473.0,18213.98,18236.19,0.0,DAX,DAX,EUREX,EUR
20240710,18236.75,18420.13,18236.75,18407.22,0.0,DAX,DAX,EUREX,EUR
20240711,18409.7,18578.45,18409.65,18534.56,0.0,DAX,DAX,EUREX,EUR
20240712,18534.49,18779.4,18528.39,18748.18,0.0,DAX,DAX,EUREX,EUR
20240715,18736.11,18743.68,18581.02,18590.89,0.0,DAX,DAX,EUREX,EUR
20240716,18586.42,18586.42,18448.27,18518.03,0.0,DAX,DAX,EUREX,EUR
20240717,18512.11,18532.66,18347.24,18437.3,0.0,DAX,DAX,EUREX,EUR
20240718,18439.33,18536.26,18354.76,18354.76,0.0,DAX,DAX,EUREX,EUR
20240719,18340.85,18341.82,18162.3,18171.93,0.0,DAX,DAX,EUREX,EUR
20240722,18270.85,18468.6,18231.41,18407.07,0.0,DAX,DAX,EUREX,EUR
20240723,18500.67,18647.1,18464.22,18557.7,0.0,DAX,DAX,EUREX,EUR
20240724,18394.3,18456.39,18348.99,18387.46,0.0,DAX,DAX,EUREX,EUR
20240725,18209.4,18326.18,18096.69,18298.72,0.0,DAX,DAX,EUREX,EUR
20240726,18255.35,18428.88,18218.54,18417.55,0.0,DAX,DAX,EUREX,EUR
20240729,18542.43,18546.32,18309.27,18320.67,0.0,DAX,DAX,EUREX,EUR
20240730,18363.93,18469.08,18341.42,18411.18,0.0,DAX,DAX,EUREX,EUR
20240731,18503.18,18564.39,18434.82,18508.65,0.0,DAX,DAX,EUREX,EUR
20240801,18432.5,18440.92,18077.02,18083.05,0.0,DAX,DAX,EUREX,EUR
20240802,17884.86,17918.02,17623.97,17661.22,0.0,DAX,DAX,EUREX,EUR
20240805,17525.59,17525.59,17024.82,17339.0,0.0,DAX,DAX,EUREX,EUR
20240806,17422.57,17505.23,17233.07,17354.32,0.0,DAX,DAX,EUREX,EUR
20240807,17438.65,17666.82,17386.88,17615.15,0.0,DAX,DAX,EUREX,EUR
20240808,17516.05,17696.67,17439.87,17680.4,0.0,DAX,DAX,EUREX,EUR
20240809,17672.9,17788.72,17618.42,17722.88,0.0,DAX,DAX,EUREX,EUR
20240812,17784.03,17829.1,17677.79,17726.47,0.0,DAX,DAX,EUREX,EUR
20240813,17799.66,17817.07,17669.64,17812.05,0.0,DAX,DAX,EUREX,EUR
20240814,17882.18,17921.99,17827.08,17885.6,0.0,DAX,DAX,EUREX,EUR
20240815,17977.81,18198.09,17909.74,18183.24,0.0,DAX,DAX,EUREX,EUR
20240816,18236.02,18344.22,18226.6,18322.4,0.0,DAX,DAX,EUREX,EUR
20240819,18312.51,18454.94,18284.86,18421.69,0.0,DAX,DAX,EUREX,EUR
20240820,18473.23,18495.28,18354.33,18357.52,0.0,DAX,DAX,EUREX,EUR
20240821,18358.79,18476.63,18352.19,18448.95,0.0,DAX,DAX,EUREX,EUR
20240822,18459.28,18551.39,18458.61,18493.39,0.0,DAX,DAX,EUREX,EUR
20240823,18538.87,18670.45,18519.29,18633.1,0.0,DAX,DAX,EUREX,EUR
20240826,18589.9,18638.97,18554.51,18617.02,0.0,DAX,DAX,EUREX,EUR
20240827,18637.2,18724.39,18622.66,18681.81,0.0,DAX,DAX,EUREX,EUR
20240828,18745.14,18856.59,18731.45,18782.29,0.0,DAX,DAX,EUREX,EUR
20240829,18791.17,18936.04,18781.16,18912.57,0.0,DAX,DAX,EUREX,EUR
20240830,18891.35,18970.71,18886.09,18906.92,0.0,DAX,DAX,EUREX,EUR
20240902,18913.53,18937.98,18778.54,18930.85,0.0,DAX,DAX,EUREX,EUR
20240903,18979.53,18990.78,18728.46,18747.11,0.0,DAX,DAX,EUREX,EUR
20240904,18531.98,18654.2,18531.98,18591.85,0.0,DAX,DAX,EUREX,EUR
20240905,18539.15,18677.63,18536.56,18576.5,0.0,DAX,DAX,EUREX,EUR
20240906,18534.87,18607.79,18274.98,18301.9,0.0,DAX,DAX,EUREX,EUR
20240909,18379.52,18484.28,18353.25,18443.56,0.0,DAX,DAX,EUREX,EUR
20240910,18417.11,18490.68,18233.86,18265.92,0.0,DAX,DAX,EUREX,EUR
20240911,18342.57,18434.62,18208.84,18330.27,0.0,DAX,DAX,EUREX,EUR
20240912,18533.41,18595.83,18382.26,18518.39,0.0,DAX,DAX,EUREX,EUR
20240913,18546.22,18722.19,18542.23,18699.4,0.0,DAX,DAX,EUREX,EUR
20240916,18621.78,18672.23,18599.53,18633.11,0.0,DAX,DAX,EUREX,EUR
20240917,18686.76,18805.09,18671.64,18726.08,0.0,DAX,DAX,EUREX,EUR
20240918,18729.64,18756.53,18695.37,18711.49,0.0,DAX,DAX,EUREX,EUR
20240919,18877.57,19044.96,18806.16,19002.38,0.0,DAX,DAX,EUREX,EUR
20240920,18895.82,18900.44,18710.34,18720.01,0.0,DAX,DAX,EUREX,EUR
20240923,18766.92,18857.37,18684.34,18846.79,0.0,DAX,DAX,EUREX,EUR
20240924,18982.4,19029.45,18903.48,18996.63,0.0,DAX,DAX,EUREX,EUR
20240925,18845.92,18965.01,18840.13,18918.5,0.0,DAX,DAX,EUREX,EUR
20240926,19107.86,19253.07,19088.42,19238.36,0.0,DAX,DAX,EUREX,EUR
20240927,19257.68,19491.93,19239.86,19473.63,0.0,DAX,DAX,EUREX,EUR
20240930,19412.33,19449.98,19314.34,19324.93,0.0,DAX,DAX,EUREX,EUR
20241001,19409.39,19448.95,19143.79,19213.14,0.0,DAX,DAX,EUREX,EUR
20241002,19221.66,19250.89,19059.6,19164.75,0.0,DAX,DAX,EUREX,EUR
20241003,19074.45,19110.31,18964.31,19015.41,0.0,DAX,DAX,EUREX,EUR
20241004,18968.85,19171.54,18952.44,19120.93,0.0,DAX,DAX,EUREX,EUR
20241007,19150.27,19151.97,19011.94,19104.1,0.0,DAX,DAX,EUREX,EUR
20241008,18937.7,19098.48,18911.72,19066.47,0.0,DAX,DAX,EUREX,EUR
20241009,19065.18,19258.25,19007.85,19254.93,0.0,DAX,DAX,EUREX,EUR
20241010,19242.85,19285.16,19145.42,19210.9,0.0,DAX,DAX,EUREX,EUR
20241011,19206.31,19373.83,19175.78,19373.83,0.0,DAX,DAX,EUREX,EUR
20241014,19409.69,19518.44,19392.64,19508.29,0.0,DAX,DAX,EUREX,EUR
20241015,19581.57,19633.91,19457.49,19486.19,0.0,DAX,DAX,EUREX,EUR
20241016,19465.3,19510.26,19401.54,19432.81,0.0,DAX,DAX,EUREX,EUR
20241017,19509.79,19674.68,19499.46,19583.39,0.0,DAX,DAX,EUREX,EUR
20241018,19543.71,19667.34,19540.2,19657.37,0.0,DAX,DAX,EUREX,EUR
20241021,19609.42,19645.02,19454.17,19461.19,0.0,DAX,DAX,EUREX,EUR
20241022,19528.91,19591.49,19368.69,19421.91,0.0,DAX,DAX,EUREX,EUR
20241023,19399.33,19464.54,19330.11,19377.62,0.0,DAX,DAX,EUREX,EUR
20241024,19417.73,19555.45,19417.73,19443.0,0.0,DAX,DAX,EUREX,EUR
20241025,19419.52,19516.24,19388.91,19463.59,0.0,DAX,DAX,EUREX,EUR
20241028,19528.67,19570.92,19399.16,19531.62,0.0,DAX,DAX,EUREX,EUR
20241029,19634.33,19643.12,19465.0,19478.07,0.0,DAX,DAX,EUREX,EUR
20241030,19403.43,19420.94,19201.24,19257.34,0.0,DAX,DAX,EUREX,EUR
20241031,19096.68,19184.31,19004.97,19077.54,0.0,DAX,DAX,EUREX,EUR
20241101,19093.99,19297.64,19082.1,19254.97,0.0,DAX,DAX,EUREX,EUR
20241104,19231.86,19286.04,19147.85,19147.85,0.0,DAX,DAX,EUREX,EUR
20241105,19170.15,19263.14,19104.59,19256.27,0.0,DAX,DAX,EUREX,EUR
20241106,19360.75,19563.97,19007.88,19039.31,0.0,DAX,DAX,EUREX,EUR
20241107,19157.22,19437.88,19148.79,19362.52,0.0,DAX,DAX,EUREX,EUR
20241108,19411.59,19411.6,19146.53,19215.48,0.0,DAX,DAX,EUREX,EUR
20241111,19386.7,19546.9,19382.48,19448.6,0.0,DAX,DAX,EUREX,EUR
20241112,19260.58,19339.82,19019.67,19033.64,0.0,DAX,DAX,EUREX,EUR
20241113,19024.28,19125.69,18838.68,19003.11,0.0,DAX,DAX,EUREX,EUR
20241114,19072.19,19307.57,19060.44,19263.7,0.0,DAX,DAX,EUREX,EUR
20241115,19135.64,19288.89,19121.14,19210.81,0.0,DAX,DAX,EUREX,EUR
20241118,19249.26,19279.16,19091.9,19189.19,0.0,DAX,DAX,EUREX,EUR
20241119,19175.84,19211.8,18812.53,19060.31,0.0,DAX,DAX,EUREX,EUR
20241120,19153.03,19198.74,18962.19,19004.78,0.0,DAX,DAX,EUREX,EUR
20241121,19060.92,19151.62,18900.02,19146.17,0.0,DAX,DAX,EUREX,EUR
20241122,19240.23,19338.1,19036.41,19322.59,0.0,DAX,DAX,EUREX,EUR
20241125,19462.24,19468.3,19329.88,19405.2,0.0,DAX,DAX,EUREX,EUR
20241126,19309.16,19385.35,19239.37,19295.98,0.0,DAX,DAX,EUREX,EUR
20241127,19257.77,19287.04,19145.01,19261.75,0.0,DAX,DAX,EUREX,EUR
20241128,19366.72,19437.57,19346.59,19425.73,0.0,DAX,DAX,EUREX,EUR
20241129,19400.38,19640.15,19380.21,19626.45,0.0,DAX,DAX,EUREX,EUR
20241202,19586.17,19933.62,19568.5,19933.62,0.0,DAX,DAX,EUREX,EUR
20241203,19947.18,20038.01,19926.26,20016.75,0.0,DAX,DAX,EUREX,EUR
20241204,20103.89,20260.61,20085.31,20232.14,0.0,DAX,DAX,EUREX,EUR
20241205,20218.29,20373.43,20216.33,20358.8,0.0,DAX,DAX,EUREX,EUR
20241206,20374.54,20425.86,20331.24,20384.61,0.0,DAX,DAX,EUREX,EUR
20241209,20461.85,20461.85,20318.26,20345.96,0.0,DAX,DAX,EUREX,EUR
20241210,20278.74,20393.86,20277.63,20329.16,0.0,DAX,DAX,EUREX,EUR
20241211,20296.19,20414.92,20292.86,20399.16,0.0,DAX,DAX,EUREX,EUR
20241212,20440.07,20453.44,20388.03,20426.27,0.0,DAX,DAX,EUREX,EUR
20241213,20450.96,20522.82,20367.12,20405.92,0.0,DAX,DAX,EUREX,EUR
20241216,20360.75,20387.88,20304.78,20313.81,0.0,DAX,DAX,EUREX,EUR
20241217,20290.96,20356.58,20241.5,20246.37,0.0,DAX,DAX,EUREX,EUR
20241218,20273.85,20329.67,20241.98,20242.57,0.0,DAX,DAX,EUREX,EUR
20241219,20032.05,20105.1,19959.18,19969.86,0.0,DAX,DAX,EUREX,EUR
20241220,19822.87,19924.7,19649.87,19884.75,0.0,DAX,DAX,EUREX,EUR
20241223,19847.97,19901.32,19805.57,19848.77,0.0,DAX,DAX,EUREX,EUR
20241227,19831.68,19984.32,19801.33,19984.32,0.0,DAX,DAX,EUREX,EUR
20241230,19892.97,19978.0,19882.67,19909.14,0.0,DAX,DAX,EUREX,EUR
20250102,19923.07,20024.79,19833.82,20024.66,0.0,DAX,DAX,EUREX,EUR
20250103,20028.4,20031.11,19868.14,19906.08,0.0,DAX,DAX,EUREX,EUR
20250106,19982.66,20216.19,19921.12,20216.19,0.0,DAX,DAX,EUREX,EUR
20250107,20206.04,20391.17,20152.7,20340.57,0.0,DAX,DAX,EUREX,EUR
20250108,20322.17,20480.49,20242.56,20329.94,0.0,DAX,DAX,EUREX,EUR
20250109,20284.2,20360.38,20245.96,20317.1,0.0,DAX,DAX,EUREX,EUR
20250110,20316.55,20400.52,20187.97,20214.79,0.0,DAX,DAX,EUREX,EUR
20250113,20157.24,20176.11,20025.28,20132.85,0.0,DAX,DAX,EUREX,EUR
20250114,20266.14,20362.59,20234.26,20271.33,0.0,DAX,DAX,EUREX,EUR
20250115,20305.24,20629.77,20290.62,20574.68,0.0,DAX,DAX,EUREX,EUR
20250116,20665.61,20675.08,20580.09,20655.39,0.0,DAX,DAX,EUREX,EUR
20250117,20732.04,20924.5,20716.38,20903.39,0.0,DAX,DAX,EUREX,EUR
20250120,20900.68,21054.6,20880.57,20990.31,0.0,DAX,DAX,EUREX,EUR
20250121,20925.75,21045.64,20922.8,21042.0,0.0,DAX,DAX,EUREX,EUR
20250122,21169.61,21330.87,21162.31,21254.27,0.0,DAX,DAX,EUREX,EUR
20250123,21277.58,21423.02,21254.08,21411.53,0.0,DAX,DAX,EUREX,EUR
20250124,21463.15,21520.5,21353.01,21394.93,0.0,DAX,DAX,EUREX,EUR
20250127,21201.99,21344.98,21081.61,21282.18,0.0,DAX,DAX,EUREX,EUR
20250128,21374.29,21475.9,21296.33,21430.58,0.0,DAX,DAX,EUREX,EUR
20250129,21511.47,21671.59,21475.64,21637.53,0.0,DAX,DAX,EUREX,EUR
20250130,21676.22,21732.05,21650.78,21727.2,0.0,DAX,DAX,EUREX,EUR
20250131,21771.49,21800.52,21689.29,21732.05,0.0,DAX,DAX,EUREX,EUR
20250203,21301.53,21462.79,21252.71,21428.24,0.0,DAX,DAX,EUREX,EUR
20250204,21474.79,21518.54,21298.71,21505.7,0.0,DAX,DAX,EUREX,EUR
20250205,21429.83,21585.93,21387.72,21585.93,0.0,DAX,DAX,EUREX,EUR
20250206,21718.1,21921.02,21691.57,21902.42,0.0,DAX,DAX,EUREX,EUR
20250207,21908.48,21945.31,21759.97,21787.0,0.0,DAX,DAX,EUREX,EUR
20250210,21830.93,21945.57,21785.02,21911.74,0.0,DAX,DAX,EUREX,EUR
20250211,21909.96,22046.41,21884.38,22037.83,0.0,DAX,DAX,EUREX,EUR
20250212,22077.82,22193.65,21971.63,22148.03,0.0,DAX,DAX,EUREX,EUR
20250213,22410.58,22624.57,22306.33,22612.02,0.0,DAX,DAX,EUREX,EUR
20250214,22526.87,22609.97,22467.37,22513.42,0.0,DAX,DAX,EUREX,EUR
20250217,22589.91,22803.88,22550.73,22798.09,0.0,DAX,DAX,EUREX,EUR
20250218,22851.37,22882.77,22715.25,22844.5,0.0,DAX,DAX,EUREX,EUR
20250219,22875.96,22935.06,22416.11,22433.63,0.0,DAX,DAX,EUREX,EUR
20250220,22501.21,22574.59,22280.23,22314.65,0.0,DAX,DAX,EUREX,EUR
20250221,22329.22,22393.59,22226.34,22287.56,0.0,DAX,DAX,EUREX,EUR
20250224,22470.68,22515.36,22235.26,22425.93,0.0,DAX,DAX,EUREX,EUR
20250225,22362.81,22576.12,22332.15,22410.27,0.0,DAX,DAX,EUREX,EUR
20250226,22571.93,22833.25,22554.37,22794.11,0.0,DAX,DAX,EUREX,EUR
20250227,22587.27,22686.41,22378.06,22550.89,0.0,DAX,DAX,EUREX,EUR
20250228,22409.25,22551.43,22329.06,22551.43,0.0,DAX,DAX,EUREX,EUR
20250303,22682.95,23307.97,22531.6,23147.02,0.0,DAX,DAX,EUREX,EUR
20250304,22852.72,22869.92,22320.07,22326.81,0.0,DAX,DAX,EUREX,EUR
20250305,22804.81,23176.39,22790.89,23081.03,0.0,DAX,DAX,EUREX,EUR
20250306,23245.34,23475.88,23061.57,23419.48,0.0,DAX,DAX,EUREX,EUR
20250307,23195.22,23234.28,22860.08,23008.94,0.0,DAX,DAX,EUREX,EUR
20250310,23163.78,23164.24,22519.21,22620.95,0.0,DAX,DAX,EUREX,EUR
20250311,22680.39,22835.1,22258.3,22328.77,0.0,DAX,DAX,EUREX,EUR
20250312,22525.74,22813.84,22461.77,22676.41,0.0,DAX,DAX,EUREX,EUR
20250313,22578.1,22752.83,22417.52,22567.14,0.0,DAX,DAX,EUREX,EUR
20250314,22501.34,23049.48,22465.12,22986.82,0.0,DAX,DAX,EUREX,EUR
20250317,22998.53,23154.57,22933.57,23154.57,0.0,DAX,DAX,EUREX,EUR
20250318,23266.65,23476.01,23240.56,23380.7,0.0,DAX,DAX,EUREX,EUR
20250319,23272.15,23372.08,23136.54,23288.06,0.0,DAX,DAX,EUREX,EUR
20250320,23295.72,23315.49,22819.76,22999.15,0.0,DAX,DAX,EUREX,EUR
20250321,22926.42,22956.98,22723.19,22891.68,0.0,DAX,DAX,EUREX,EUR
20250324,23075.76,23137.48,22813.11,22852.66,0.0,DAX,DAX,EUREX,EUR
20250325,22913.42,23182.78,22845.52,23109.79,0.0,DAX,DAX,EUREX,EUR
20250326,23202.25,23204.59,22826.37,22839.03,0.0,DAX,DAX,EUREX,EUR
20250327,22574.46,22740.47,22469.88,22678.74,0.0,DAX,DAX,EUREX,EUR
20250328,22558.84,22614.96,22377.91,22461.52,0.0,DAX,DAX,EUREX,EUR
20250331,22253.05,22320.02,21978.46,22163.49,0.0,DAX,DAX,EUREX,EUR
20250401,22343.41,22573.71,22297.37,22539.98,0.0,DAX,DAX,EUREX,EUR
20250402,22483.93,22485.41,22139.27,22390.84,0.0,DAX,DAX,EUREX,EUR
20250403,21842.08,22147.45,21670.96,21717.39,0.0,DAX,DAX,EUREX,EUR
20250404,21543.47,21642.17,20437.37,20641.72,0.0,DAX,DAX,EUREX,EUR
20250407,18751.75,20799.68,18489.91,19789.62,0.0,DAX,DAX,EUREX,EUR
20250408,20039.69,20468.43,19884.48,20280.26,0.0,DAX,DAX,EUREX,EUR
20250409,19833.56,20025.38,19384.39,19670.88,0.0,DAX,DAX,EUREX,EUR
20250410,21207.76,21300.31,20562.73,20562.73,0.0,DAX,DAX,EUREX,EUR
20250411,20787.06,20796.45,20114.54,20374.1,0.0,DAX,DAX,EUREX,EUR
20250414,20802.42,21048.33,20698.91,20954.83,0.0,DAX,DAX,EUREX,EUR
20250415,21076.06,21288.12,21042.27,21253.7,0.0,DAX,DAX,EUREX,EUR
20250416,21117.78,21315.96,20956.38,21311.02,0.0,DAX,DAX,EUREX,EUR
20250417,21433.55,21436.66,21142.26,21205.86,0.0,DAX,DAX,EUREX,EUR
20250422,21150.54,21293.53,21044.61,21293.53,0.0,DAX,DAX,EUREX,EUR
20250423,21801.66,22043.75,21722.84,21961.97,0.0,DAX,DAX,EUREX,EUR
20250424,21890.1,22081.52,21731.79,22064.51,0.0,DAX,DAX,EUREX,EUR
20250425,22210.51,22318.36,22078.34,22242.45,0.0,DAX,DAX,EUREX,EUR
20250428,22339.89,22443.41,22255.33,22271.67,0.0,DAX,DAX,EUREX,EUR
20250429,22377.17,22455.68,22319.28,22425.83,0.0,DAX,DAX,EUREX,EUR
20250430,22520.49,22607.32,22235.74,22496.98,0.0,DAX,DAX,EUREX,EUR
20250502,22818.18,23086.65,22764.51,23086.65,0.0,DAX,DAX,EUREX,EUR
20250505,23064.26,23364.24,23064.26,23344.54,0.0,DAX,DAX,EUREX,EUR
20250506,23387.35,23389.86,22861.4,23249.65,0.0,DAX,DAX,EUREX,EUR
20250507,23252.95,23300.88,23101.1,23115.96,0.0,DAX,DAX,EUREX,EUR
20250508,23265.77,23408.5,23238.46,23352.69,0.0,DAX,DAX,EUREX,EUR
20250509,23480.38,23543.27,23428.88,23499.32,0.0,DAX,DAX,EUREX,EUR
20250512,23758.58,23911.98,23361.72,23566.54,0.0,DAX,DAX,EUREX,EUR
20250513,23583.74,23649.88,23543.05,23638.56,0.0,DAX,DAX,EUREX,EUR
20250514,23679.03,23702.2,23444.41,23527.01,0.0,DAX,DAX,EUREX,EUR
20250515,23422.18,23695.59,23338.89,23695.59,0.0,DAX,DAX,EUREX,EUR
20250516,23775.68,23887.14,23664.39,23767.43,0.0,DAX,DAX,EUREX,EUR
20250519,23705.93,23934.98,23676.35,23934.98,0.0,DAX,DAX,EUREX,EUR
20250520,24004.39,24082.48,23898.85,24036.11,0.0,DAX,DAX,EUREX,EUR
20250521,23966.42,24152.24,23871.47,24122.4,0.0,DAX,DAX,EUREX,EUR
20250522,24017.06,24040.21,23843.07,23999.17,0.0,DAX,DAX,EUREX,EUR
20250523,24026.69,24149.08,23274.85,23629.58,0.0,DAX,DAX,EUREX,EUR
20250526,24009.1,24050.6,23932.04,24027.65,0.0,DAX,DAX,EUREX,EUR
20250527,24054.16,24300.97,24027.75,24226.49,0.0,DAX,DAX,EUREX,EUR
20250528,24250.99,24325.97,24038.19,24038.19,0.0,DAX,DAX,EUREX,EUR
20250529,24255.01,24255.01,23917.06,23933.23,0.0,DAX,DAX,EUREX,EUR
20250530,23963.49,24181.53,23958.43,23997.48,0.0,DAX,DAX,EUREX,EUR
20250602,23865.38,23993.22,23740.09,23930.67,0.0,DAX,DAX,EUREX,EUR
20250603,24031.96,24091.62,23826.39,24091.62,0.0,DAX,DAX,EUREX,EUR
20250604,24253.69,24346.15,24129.32,24276.48,0.0,DAX,DAX,EUREX,EUR
20250605,24281.21,24479.42,24220.71,24323.58,0.0,DAX,DAX,EUREX,EUR
20250606,24304.37,24355.03,24214.53,24304.46,0.0,DAX,DAX,EUREX,EUR
20250609,24252.26,24289.51,24097.09,24174.32,0.0,DAX,DAX,EUREX,EUR
20250610,24156.53,24168.59,23964.77,23987.56,0.0,DAX,DAX,EUREX,EUR
20250611,23996.66,24151.39,23948.9,23948.9,0.0,DAX,DAX,EUREX,EUR
20250612,23768.05,23885.06,23618.85,23771.45,0.0,DAX,DAX,EUREX,EUR
20250613,23448.19,23557.71,23360.16,23516.23,0.0,DAX,DAX,EUREX,EUR
20250616,23589.47,23711.73,23505.54,23699.12,0.0,DAX,DAX,EUREX,EUR
20250617,23495.06,23550.99,23315.07,23434.65,0.0,DAX,DAX,EUREX,EUR
20250618,23426.97,23502.95,23262.64,23317.81,0.0,DAX,DAX,EUREX,EUR
20250619,23178.6,23254.86,23052.69,23057.38,0.0,DAX,DAX,EUREX,EUR
20250620,23197.12,23481.97,23187.48,23350.55,0.0,DAX,DAX,EUREX,EUR
20250623,23242.9,23385.6,23080.29,23269.01,0.0,DAX,DAX,EUREX,EUR
20250624,23689.19,23812.79,23580.21,23641.58,0.0,DAX,DAX,EUREX,EUR
20250625,23713.24,23713.24,23466.73,23498.33,0.0,DAX,DAX,EUREX,EUR
20250626,23609.3,23710.58,23521.1,23649.3,0.0,DAX,DAX,EUREX,EUR
20250627,23864.67,24033.22,23784.62,24033.22,0.0,DAX,DAX,EUREX,EUR
20250630,24109.15,24120.82,23854.31,23909.61,0.0,DAX,DAX,EUREX,EUR
20250701,23966.95,23978.3,23673.29,23673.29,0.0,DAX,DAX,EUREX,EUR
20250702,23789.06,23824.5,23620.42,23790.11,0.0,DAX,DAX,EUREX,EUR
20250703,23884.8,23944.1,23762.42,23934.13,0.0,DAX,DAX,EUREX,EUR
20250704,23833.14,23868.93,23702.65,23787.45,0.0,DAX,DAX,EUREX,EUR
20250707,23845.88,24073.67,23836.58,24073.67,0.0,DAX,DAX,EUREX,EUR
20250708,24135.74,24244.09,24063.42,24206.91,0.0,DAX,DAX,EUREX,EUR
20250709,24278.89,24609.15,24261.01,24549.56,0.0,DAX,DAX,EUREX,EUR
20250710,24638.58,24639.1,24450.97,24456.81,0.0,DAX,DAX,EUREX,EUR
20250711,24333.11,24369.05,24166.63,24255.31,0.0,DAX,DAX,EUREX,EUR
20250714,24038.29,24166.15,23975.46,24160.64,0.0,DAX,DAX,EUREX,EUR
20250715,24220.52,24266.81,24060.29,24060.29,0.0,DAX,DAX,EUREX,EUR
20250716,24011.99,24207.81,23968.95,24009.38,0.0,DAX,DAX,EUREX,EUR
20250717,24227.54,24370.93,24174.76,24370.93,0.0,DAX,DAX,EUREX,EUR
20250718,24483.66,24494.88,24251.36,24289.51,0.0,DAX,DAX,EUREX,EUR
20250721,24309.39,24335.26,24191.63,24307.8,0.0,DAX,DAX,EUREX,EUR
20250722,24236.09,24237.41,23921.83,24041.9,0.0,DAX,DAX,EUREX,EUR
20250723,24246.8,24310.96,24122.19,24240.82,0.0,DAX,DAX,EUREX,EUR
20250724,24502.99,24514.93,24235.44,24295.93,0.0,DAX,DAX,EUREX,EUR
20250725,24097.33,24252.59,24065.19,24217.5,0.0,DAX,DAX,EUREX,EUR
20250728,24424.67,24444.47,23942.12,23970.36,0.0,DAX,DAX,EUREX,EUR
20250729,24051.71,24310.0,24051.71,24217.37,0.0,DAX,DAX,EUREX,EUR
20250730,24169.26,24302.77,24138.21,24262.22,0.0,DAX,DAX,EUREX,EUR
20250731,24340.21,24433.4,24039.92,24065.47,0.0,DAX,DAX,EUREX,EUR
20250801,23786.91,23802.73,23380.94,23425.97,0.0,DAX,DAX,EUREX,EUR
20250804,23523.24,23783.79,23521.61,23757.69,0.0,DAX,DAX,EUREX,EUR
20250805,23914.32,23979.59,23785.08,23846.07,0.0,DAX,DAX,EUREX,EUR
20250806,23972.03,23996.89,23806.92,23924.36,0.0,DAX,DAX,EUREX,EUR
20250807,23910.87,24392.04,23899.46,24192.5,0.0,DAX,DAX,EUREX,EUR
20250808,24165.88,24268.82,24095.99,24162.86,0.0,DAX,DAX,EUREX,EUR
20250811,24206.26,24219.09,24030.05,24081.34,0.0,DAX,DAX,EUREX,EUR
20250812,24147.01,24156.25,23940.24,24024.78,0.0,DAX,DAX,EUREX,EUR
20250813,24156.51,24247.39,24138.79,24185.59,0.0,DAX,DAX,EUREX,EUR
20250814,24205.59,24409.35,24205.37,24377.5,0.0,DAX,DAX,EUREX,EUR
20250815,24530.7,24536.11,24327.6,24359.3,0.0,DAX,DAX,EUREX,EUR
20250818,24313.82,24336.74,24245.17,24314.77,0.0,DAX,DAX,EUREX,EUR
20250819,24357.23,24441.0,24283.55,24423.07,0.0,DAX,DAX,EUREX,EUR
20250820,24252.72,24369.87,24217.51,24276.97,0.0,DAX,DAX,EUREX,EUR
20250821,24274.42,24306.06,24179.91,24293.34,0.0,DAX,DAX,EUREX,EUR
20250822,24254.81,24444.41,24222.54,24363.09,0.0,DAX,DAX,EUREX,EUR
20250825,24232.02,24377.38,24224.15,24273.12,0.0,DAX,DAX,EUREX,EUR
20250826,24110.08,24263.11,24036.88,24152.87,0.0,DAX,DAX,EUREX,EUR
20250827,24174.62,24198.3,23977.99,24046.21,0.0,DAX,DAX,EUREX,EUR
20250828,24180.62,24206.53,23972.54,24039.92,0.0,DAX,DAX,EUREX,EUR
20250829,23949.43,24063.55,23881.98,23902.21,0.0,DAX,DAX,EUREX,EUR
20250901,24012.04,24046.85,23969.36,24037.33,0.0,DAX,DAX,EUREX,EUR
20250902,23975.34,23990.81,23487.33,23487.33,0.0,DAX,DAX,EUREX,EUR
20250903,23606.69,23705.95,23507.11,23594.8,0.0,DAX,DAX,EUREX,EUR
20250904,23664.79,23800.12,23610.45,23770.33,0.0,DAX,DAX,EUREX,EUR
20250905,23851.94,23854.68,23546.7,23596.98,0.0,DAX,DAX,EUREX,EUR
20250908,23771.86,23830.12,23655.47,23807.13,0.0,DAX,DAX,EUREX,EUR
20250909,23802.61,23859.56,23633.95,23718.45,0.0,DAX,DAX,EUREX,EUR
20250910,23837.17,23883.58,23600.47,23632.95,0.0,DAX,DAX,EUREX,EUR
20250911,23654.93,23787.18,23563.37,23703.65,0.0,DAX,DAX,EUREX,EUR
20250912,23767.34,23793.06,23604.36,23698.15,0.0,DAX,DAX,EUREX,EUR
20250915,23785.26,23855.35,23664.11,23748.86,0.0,DAX,DAX,EUREX,EUR
20250916,23711.99,23717.67,23317.3,23329.24,0.0,DAX,DAX,EUREX,EUR
20250917,23407.39,23476.71,23284.67,23359.18,0.0,DAX,DAX,EUREX,EUR
20250918,23577.06,23690.47,23557.81,23674.53,0.0,DAX,DAX,EUREX,EUR
20250919,23723.34,23785.24,23599.26,23639.41,0.0,DAX,DAX,EUREX,EUR
20250922,23567.49,23589.25,23424.44,23527.05,0.0,DAX,DAX,EUREX,EUR
20250923,23604.36,23723.2,23564.97,23611.33,0.0,DAX,DAX,EUREX,EUR
20250924,23601.5,23736.6,23499.98,23666.81,0.0,DAX,DAX,EUREX,EUR
20250925,23620.4,23629.37,23383.84,23534.83,0.0,DAX,DAX,EUREX,EUR
20250926,23601.19,23756.04,23579.25,23739.47,0.0,DAX,DAX,EUREX,EUR
20250929,23835.61,23835.61,23666.81,23745.06,0.0,DAX,DAX,EUREX,EUR
20250930,23726.43,23887.73,23676.36,23880.72,0.0,DAX,DAX,EUREX,EUR
20251001,23755.23,24162.23,23753.08,24113.62,0.0,DAX,DAX,EUREX,EUR
20251002,24293.83,24502.33,24247.45,24422.56,0.0,DAX,DAX,EUREX,EUR
20251003,24511.57,24524.11,24343.21,24378.8,0.0,DAX,DAX,EUREX,EUR
20251006,24357.59,24482.9,24269.94,24378.29,0.0,DAX,DAX,EUREX,EUR
20251007,24400.77,24452.93,24308.04,24385.78,0.0,DAX,DAX,EUREX,EUR
20251008,24382.66,24630.97,24360.65,24597.13,0.0,DAX,DAX,EUREX,EUR
20251009,24674.65,24771.34,24602.12,24611.25,0.0,DAX,DAX,EUREX,EUR
20251010,24664.23,24690.72,24241.46,24241.46,0.0,DAX,DAX,EUREX,EUR
20251013,24372.9,24448.77,24260.77,24387.93,0.0,DAX,DAX,EUREX,EUR
20251014,24169.03,24242.85,23986.93,24236.94,0.0,DAX,DAX,EUREX,EUR
20251015,24263.71,24339.27,24181.37,24181.37,0.0,DAX,DAX,EUREX,EUR
20251016,24188.15,24283.57,24051.85,24272.19,0.0,DAX,DAX,EUREX,EUR
20251017,23833.11,23987.75,23684.37,23830.99,0.0,DAX,DAX,EUREX,EUR
20251020,24035.19,24296.39,24026.59,24258.8,0.0,DAX,DAX,EUREX,EUR
20251021,24310.44,24384.24,24201.29,24330.03,0.0,DAX,DAX,EUREX,EUR
20251022,24296.16,24342.18,24138.25,24151.13,0.0,DAX,DAX,EUREX,EUR
20251023,24202.78,24222.84,24035.21,24207.79,0.0,DAX,DAX,EUREX,EUR
20251024,24275.99,24275.99,24145.26,24239.89,0.0,DAX,DAX,EUREX,EUR
20251027,24332.85,24348.59,24185.84,24308.78,0.0,DAX,DAX,EUREX,EUR
20251028,24228.18,24339.94,24188.37,24278.63,0.0,DAX,DAX,EUREX,EUR
20251029,24261.09,24322.9,24090.58,24124.21,0.0,DAX,DAX,EUREX,EUR
20251030,24187.82,24215.3,24034.75,24118.89,0.0,DAX,DAX,EUREX,EUR
20251031,24115.31,24119.66,23922.95,23958.3,0.0,DAX,DAX,EUREX,EUR
20251103,23990.34,24248.67,23982.28,24132.41,0.0,DAX,DAX,EUREX,EUR
20251104,23801.24,23974.31,23674.65,23949.11,0.0,DAX,DAX,EUREX,EUR
20251105,23774.55,24103.53,23732.38,24049.74,0.0,DAX,DAX,EUREX,EUR
20251106,23996.24,24058.73,23721.99,23734.02,0.0,DAX,DAX,EUREX,EUR
20251107,23801.97,23837.12,23452.89,23569.96,0.0,DAX,DAX,EUREX,EUR
20251110,23925.36,24022.69,23854.49,23959.99,0.0,DAX,DAX,EUREX,EUR
20251111,23990.14,24108.43,23952.41,24088.06,0.0,DAX,DAX,EUREX,EUR
20251112,24245.89,24441.28,24234.94,24381.46,0.0,DAX,DAX,EUREX,EUR
20251113,24367.7,24416.33,24040.52,24041.62,0.0,DAX,DAX,EUREX,EUR
20251114,23977.72,23992.12,23609.06,23876.55,0.0,DAX,DAX,EUREX,EUR
20251117,23890.48,23928.48,23529.73,23590.52,0.0,DAX,DAX,EUREX,EUR
20251118,23238.33,23358.75,23085.38,23180.53,0.0,DAX,DAX,EUREX,EUR
20251119,23180.93,23379.36,23105.55,23162.92,0.0,DAX,DAX,EUREX,EUR
20251120,23387.42,23512.49,23278.85,23278.85,0.0,DAX,DAX,EUREX,EUR
20251121,22963.17,23256.27,22943.06,23091.87,0.0,DAX,DAX,EUREX,EUR
20251124,23280.32,23392.22,23149.7,23239.18,0.0,DAX,DAX,EUREX,EUR
20251125,23254.46,23487.23,23139.27,23464.63,0.0,DAX,DAX,EUREX,EUR
20251126,23585.26,23726.22,23445.28,23726.22,0.0,DAX,DAX,EUREX,EUR
20251127,23732.81,23830.97,23708.42,23767.96,0.0,DAX,DAX,EUREX,EUR
20251128,23780.75,23883.98,23720.56,23836.79,0.0,DAX,DAX,EUREX,EUR
20251201,23731.29,23734.2,23433.48,23589.44,0.0,DAX,DAX,EUREX,EUR
20251202,23637.49,23792.05,23607.7,23710.86,0.0,DAX,DAX,EUREX,EUR
20251203,23788.82,23838.05,23646.43,23693.71,0.0,DAX,DAX,EUREX,EUR
20251204,23836.23,23930.52,23797.71,23882.03,0.0,DAX,DAX,EUREX,EUR
20251205,23942.73,24130.92,23929.26,24028.14,0.0,DAX,DAX,EUREX,EUR
20251208,24015.97,24116.99,23985.28,24046.01,0.0,DAX,DAX,EUREX,EUR
20251209,24094.99,24186.92,24092.5,24162.65,0.0,DAX,DAX,EUREX,EUR
20251210,24131.39,24168.72,24001.43,24130.14,0.0,DAX,DAX,EUREX,EUR
20251211,24055.17,24364.01,24007.98,24294.61,0.0,DAX,DAX,EUREX,EUR
20251212,24368.94,24474.62,24173.28,24186.49,0.0,DAX,DAX,EUREX,EUR
20251215,24297.64,24318.3,24170.45,24229.91,0.0,DAX,DAX,EUREX,EUR
20251216,24124.11,24191.6,24011.8,24076.87,0.0,DAX,DAX,EUREX,EUR
20251217,24159.62,24185.47,23949.17,23960.59,0.0,DAX,DAX,EUREX,EUR
20251218,23947.03,24215.98,23923.97,24199.5,0.0,DAX,DAX,EUREX,EUR
20251219,24196.19,24305.82,24153.23,24288.4,0.0,DAX,DAX,EUREX,EUR
20251222,24291.85,24356.11,24203.37,24283.97,0.0,DAX,DAX,EUREX,EUR
20251223,24297.62,24362.01,24257.47,24340.06,0.0,DAX,DAX,EUREX,EUR
20251229,24370.94,24389.15,24253.73,24351.12,0.0,DAX,DAX,EUREX,EUR
20251230,24343.19,24527.94,24328.42,24490.41,0.0,DAX,DAX,EUREX,EUR
20260102,24499.51,24676.79,24448.98,24539.34,0.0,DAX,DAX,EUREX,EUR
20260105,24681.35,24868.69,24639.68,24868.69,0.0,DAX,DAX,EUREX,EUR
20260106,24904.68,24969.17,24836.33,24892.2,0.0,DAX,DAX,EUREX,EUR
20260107,24995.0,25122.26,24982.62,25122.26,0.0,DAX,DAX,EUREX,EUR
20260108,25128.46,25217.52,25024.65,25127.46,0.0,DAX,DAX,EUREX,EUR
20260109,25124.02,25281.18,25107.92,25261.64,0.0,DAX,DAX,EUREX,EUR
20260112,25248.37,25421.42,25236.88,25405.34,0.0,DAX,DAX,EUREX,EUR
20260113,25408.37,25507.79,25338.3,25420.66,0.0,DAX,DAX,EUREX,EUR
20260114,25429.75,25461.36,25268.27,25286.24,0.0,DAX,DAX,EUREX,EUR
20260115,25275.83,25378.55,25233.32,25352.39,0.0,DAX,DAX,EUREX,EUR
20260116,25336.01,25354.11,25198.53,25297.13,0.0,DAX,DAX,EUREX,EUR
20260119,24940.47,25070.61,24911.59,24959.06,0.0,DAX,DAX,EUREX,EUR
20260120,24747.35,24758.32,24507.11,24703.12,0.0,DAX,DAX,EUREX,EUR
20260121,24636.55,24656.73,24349.54,24560.98,0.0,DAX,DAX,EUREX,EUR
20260122,24877.63,24937.08,24772.54,24856.47,0.0,DAX,DAX,EUREX,EUR
20260123,24819.94,24930.15,24796.93,24900.71,0.0,DAX,DAX,EUREX,EUR
20260126,24890.3,24985.15,24790.74,24933.08,0.0,DAX,DAX,EUREX,EUR
20260127,25008.03,25020.22,24848.53,24894.44,0.0,DAX,DAX,EUREX,EUR
20260128,24878.23,24926.03,24707.19,24822.79,0.0,DAX,DAX,EUREX,EUR
20260129,24697.38,24758.73,24266.33,24309.46,0.0,DAX,DAX,EUREX,EUR
20260130,24376.15,24585.45,24366.39,24538.81,0.0,DAX,DAX,EUREX,EUR
20260202,24392.09,24851.7,24384.21,24797.52,0.0,DAX,DAX,EUREX,EUR
20260203,24956.76,25098.71,24703.62,24780.79,0.0,DAX,DAX,EUREX,EUR
20260204,24845.59,24877.91,24603.04,24603.04,0.0,DAX,DAX,EUREX,EUR
20260205,24607.47,24663.81,24272.62,24491.06,0.0,DAX,DAX,EUREX,EUR
20260206,24452.15,24737.97,24393.11,24721.46,0.0,DAX,DAX,EUREX,EUR
20260209,24860.67,25014.87,24714.89,25014.87,0.0,DAX,DAX,EUREX,EUR
20260210,24960.59,25075.75,24935.34,24987.85,0.0,DAX,DAX,EUREX,EUR
20260211,24956.46,25001.52,24834.79,24856.15,0.0,DAX,DAX,EUREX,EUR
20260212,25060.8,25239.01,24813.23,24852.69,0.0,DAX,DAX,EUREX,EUR
20260213,24822.3,24953.15,24750.47,24914.88,0.0,DAX,DAX,EUREX,EUR
20260216,24988.61,25020.83,24793.58,24800.91,0.0,DAX,DAX,EUREX,EUR
20260217,24796.82,25020.64,24734.04,24998.4,0.0,DAX,DAX,EUREX,EUR
20260218,25127.13,25315.01,25100.92,25278.21,0.0,DAX,DAX,EUREX,EUR
20260219,25198.38,25228.94,24983.89,25043.57,0.0,DAX,DAX,EUREX,EUR
20260220,25070.0,25331.06,25004.81,25260.69,0.0,DAX,DAX,EUREX,EUR
20260223,25114.39,25194.93,24937.56,24991.97,0.0,DAX,DAX,EUREX,EUR
20260224,24952.16,25091.95,24878.1,24986.25,0.0,DAX,DAX,EUREX,EUR
20260225,25051.84,25184.41,24988.61,25175.94,0.0,DAX,DAX,EUREX,EUR
20260226,25095.86,25318.95,25088.49,25289.02,0.0,DAX,DAX,EUREX,EUR
20260227,25294.37,25405.97,25188.3,25284.26,0.0,DAX,DAX,EUREX,EUR
20260302,24695.44,24897.61,24577.42,24638.0,0.0,DAX,DAX,EUREX,EUR
20260303,24207.44,24239.52,23601.11,23790.65,0.0,DAX,DAX,EUREX,EUR
20260304,23901.32,24242.49,23814.89,24205.36,0.0,DAX,DAX,EUREX,EUR
20260305,24145.44,24366.81,23754.65,23815.75,0.0,DAX,DAX,EUREX,EUR
20260306,23942.89,24028.44,23342.88,23591.03,0.0,DAX,DAX,EUREX,EUR
20260309,22998.94,23470.8,22927.55,23409.37,0.0,DAX,DAX,EUREX,EUR
20260310,23886.38,24061.15,23765.24,23968.63,0.0,DAX,DAX,EUREX,EUR
20260311,23725.21,23824.73,23533.7,23640.03,0.0,DAX,DAX,EUREX,EUR
20260312,23577.82,23703.55,23395.91,23472.15,0.0,DAX,DAX,EUREX,EUR
20210315,12936.13,13085.01,12885.64,13082.54,0.0,NDX,NDX,NASDAQ,USD
20210316,13156.65,13297.48,13091.78,13152.28,0.0,NDX,NDX,NASDAQ,USD
20210317,13024.83,13280.29,12950.08,13202.38,0.0,NDX,NDX,NASDAQ,USD
20210318,13006.29,13040.36,12781.53,12789.14,0.0,NDX,NDX,NASDAQ,USD
20210319,12792.67,12906.02,12704.07,12866.99,0.0,NDX,NDX,NASDAQ,USD
20210322,12943.14,13167.46,12943.14,13086.51,0.0,NDX,NDX,NASDAQ,USD
20210323,13127.17,13180.66,12993.5,13017.79,0.0,NDX,NDX,NASDAQ,USD
20210324,13072.82,13077.49,12797.84,12798.88,0.0,NDX,NDX,NASDAQ,USD
20210325,12707.58,12845.66,12627.92,12780.51,0.0,NDX,NDX,NASDAQ,USD
20210326,12777.27,12992.3,12721.66,12979.12,0.0,NDX,NDX,NASDAQ,USD
20210329,12950.51,13013.47,12836.6,12965.74,0.0,NDX,NDX,NASDAQ,USD
20210330,12904.01,12929.46,12798.03,12896.53,0.0,NDX,NDX,NASDAQ,USD
20210331,12970.33,13167.06,12966.65,13091.44,0.0,NDX,NDX,NASDAQ,USD
20210401,13268.88,13333.41,13255.82,13329.51,0.0,NDX,NDX,NASDAQ,USD
20210405,13434.04,13623.6,13420.81,13598.16,0.0,NDX,NDX,NASDAQ,USD
20210406,13567.21,13660.29,13551.6,13578.46,0.0,NDX,NDX,NASDAQ,USD
20210407,13553.9,13648.8,13532.63,13616.7,0.0,NDX,NDX,NASDAQ,USD
20210408,13730.73,13763.18,13703.51,13758.5,0.0,NDX,NDX,NASDAQ,USD
20210409,13709.67,13849.31,13674.92,13845.05,0.0,NDX,NDX,NASDAQ,USD
20210412,13792.74,13839.39,13747.63,13819.35,0.0,NDX,NDX,NASDAQ,USD
20210413,13874.58,14002.53,13874.58,13986.49,0.0,NDX,NDX,NASDAQ,USD
20210414,13988.87,13990.54,13782.17,13803.91,0.0,NDX,NDX,NASDAQ,USD
20210415,13934.87,14040.11,13931.01,14026.19,0.0,NDX,NDX,NASDAQ,USD
20210416,14035.96,14050.38,13966.54,14041.91,0.0,NDX,NDX,NASDAQ,USD
20210419,13970.83,14025.64,13835.75,13907.67,0.0,NDX,NDX,NASDAQ,USD
20210420,13891.96,13934.89,13730.59,13809.3,0.0,NDX,NDX,NASDAQ,USD
20210421,13768.92,13939.7,13717.44,13935.15,0.0,NDX,NDX,NASDAQ,USD
20210422,13920.88,13954.03,13716.76,13762.36,0.0,NDX,NDX,NASDAQ,USD
20210423,13794.49,13989.43,13789.45,13941.44,0.0,NDX,NDX,NASDAQ,USD
20210426,13954.94,14039.4,13919.93,14026.16,0.0,NDX,NDX,NASDAQ,USD
20210427,14048.13,14048.34,13931.18,13960.28,0.0,NDX,NDX,NASDAQ,USD
20210428,13953.61,13992.08,13895.15,13901.62,0.0,NDX,NDX,NASDAQ,USD
20210429,14063.94,14073.48,13836.1,13970.21,0.0,NDX,NDX,NASDAQ,USD
20210430,13857.79,13969.21,13838.82,13860.76,0.0,NDX,NDX,NASDAQ,USD
20210503,13923.04,13955.0,13784.66,13799.72,0.0,NDX,NDX,NASDAQ,USD
20210504,13680.63,13705.38,13396.11,13544.67,0.0,NDX,NDX,NASDAQ,USD
20210505,13649.12,13676.86,13478.58,13503.37,0.0,NDX,NDX,NASDAQ,USD
20210506,13490.94,13617.33,13403.46,13613.73,0.0,NDX,NDX,NASDAQ,USD
20210507,13715.56,13814.66,13669.78,13719.63,0.0,NDX,NDX,NASDAQ,USD
20210510,13647.73,13648.49,13358.62,13359.08,0.0,NDX,NDX,NASDAQ,USD
20210511,13102.64,13381.66,13094.76,13351.27,0.0,NDX,NDX,NASDAQ,USD
20210512,13155.07,13236.89,12967.18,13001.63,0.0,NDX,NDX,NASDAQ,USD
20210513,13133.73,13226.64,13006.77,13109.15,0.0,NDX,NDX,NASDAQ,USD
20210514,13238.99,13430.0,13220.18,13393.12,0.0,NDX,NDX,NASDAQ,USD
20210517,13329.86,13350.14,13196.57,13312.91,0.0,NDX,NDX,NASDAQ,USD
20210518,13352.26,13400.52,13212.85,13217.68,0.0,NDX,NDX,NASDAQ,USD
20210519,12998.53,13243.97,12994.35,13237.91,0.0,NDX,NDX,NASDAQ,USD
20210520,13294.59,13526.01,13293.1,13494.09,0.0,NDX,NDX,NASDAQ,USD
20210521,13573.22,13573.84,13401.53,13411.74,0.0,NDX,NDX,NASDAQ,USD
20210524,13504.39,13687.61,13500.12,13641.75,0.0,NDX,NDX,NASDAQ,USD
20210525,13701.3,13734.41,13614.54,13657.73,0.0,NDX,NDX,NASDAQ,USD
20210526,13687.71,13726.06,13661.06,13702.74,0.0,NDX,NDX,NASDAQ,USD
20210527,13686.87,13724.76,13652.13,13657.85,0.0,NDX,NDX,NASDAQ,USD
20210528,13717.0,13765.8,13684.83,13686.51,0.0,NDX,NDX,NASDAQ,USD
20210601,13764.27,13773.45,13602.12,13654.59,0.0,NDX,NDX,NASDAQ,USD
20210602,13655.71,13712.68,13610.16,13675.79,0.0,NDX,NDX,NASDAQ,USD
20210603,13568.91,13608.54,13469.85,13529.68,0.0,NDX,NDX,NASDAQ,USD
20210604,13619.79,13784.77,13613.58,13770.77,0.0,NDX,NDX,NASDAQ,USD
20210607,13744.15,13808.42,13710.11,13802.89,0.0,NDX,NDX,NASDAQ,USD
20210608,13873.46,13913.4,13746.42,13810.86,0.0,NDX,NDX,NASDAQ,USD
20210609,13865.51,13900.71,13811.05,13814.94,0.0,NDX,NDX,NASDAQ,USD
20210610,13834.26,13962.99,13817.83,13960.35,0.0,NDX,NDX,NASDAQ,USD
20210611,13959.47,13998.65,13934.0,13998.3,0.0,NDX,NDX,NASDAQ,USD
20210614,14002.14,14128.2,13963.94,14128.2,0.0,NDX,NDX,NASDAQ,USD
20210615,14120.81,14126.25,14008.93,14030.41,0.0,NDX,NDX,NASDAQ,USD
20210616,14053.12,14100.11,13843.6,13983.01,0.0,NDX,NDX,NASDAQ,USD
20210617,13946.7,14205.43,13946.52,14163.81,0.0,NDX,NDX,NASDAQ,USD
20210618,14125.12,14140.62,14024.61,14049.58,0.0,NDX,NDX,NASDAQ,USD
20210621,14055.04,14150.91,13967.89,14137.23,0.0,NDX,NDX,NASDAQ,USD
20210622,14140.29,14288.49,14128.01,14270.42,0.0,NDX,NDX,NASDAQ,USD
20210623,14275.09,14324.74,14247.58,14274.24,0.0,NDX,NDX,NASDAQ,USD
20210624,14358.3,14429.14,14337.65,14365.96,0.0,NDX,NDX,NASDAQ,USD
20210625,14396.63,14401.71,14324.26,14345.18,0.0,NDX,NDX,NASDAQ,USD
20210628,14401.63,14530.07,14400.59,14524.98,0.0,NDX,NDX,NASDAQ,USD
20210629,14523.63,14575.19,14481.84,14572.75,0.0,NDX,NDX,NASDAQ,USD
20210630,14560.07,14582.3,14530.87,14554.8,0.0,NDX,NDX,NASDAQ,USD
20210701,14530.63,14576.64,14483.42,14560.05,0.0,NDX,NDX,NASDAQ,USD
20210702,14633.51,14738.14,14626.82,14727.63,0.0,NDX,NDX,NASDAQ,USD
20210706,14755.15,14797.45,14635.31,14786.36,0.0,NDX,NDX,NASDAQ,USD
20210707,14889.76,14891.19,14735.75,14810.54,0.0,NDX,NDX,NASDAQ,USD
20210708,14577.67,14763.67,14551.76,14722.14,0.0,NDX,NDX,NASDAQ,USD
20210709,14709.33,14838.72,14685.54,14826.09,0.0,NDX,NDX,NASDAQ,USD
20210712,14878.71,14899.46,14813.79,14877.89,0.0,NDX,NDX,NASDAQ,USD
20210713,14871.04,15002.28,14843.8,14874.54,0.0,NDX,NDX,NASDAQ,USD
20210714,14984.86,15001.13,14871.73,14900.44,0.0,NDX,NDX,NASDAQ,USD
20210715,14903.49,14907.51,14717.55,14794.69,0.0,NDX,NDX,NASDAQ,USD
20210716,14842.08,14875.97,14667.1,14681.38,0.0,NDX,NDX,NASDAQ,USD
20210719,14517.96,14578.96,14455.07,14549.09,0.0,NDX,NDX,NASDAQ,USD
20210720,14601.33,14790.6,14530.78,14728.21,0.0,NDX,NDX,NASDAQ,USD
20210721,14723.67,14842.7,14710.11,14842.63,0.0,NDX,NDX,NASDAQ,USD
20210722,14865.46,14941.38,14865.46,14940.17,0.0,NDX,NDX,NASDAQ,USD
20210723,15004.43,15125.84,14948.04,15111.79,0.0,NDX,NDX,NASDAQ,USD
20210726,15088.28,15142.35,15048.23,15125.95,0.0,NDX,NDX,NASDAQ,USD
20210727,15103.01,15107.74,14787.8,14956.97,0.0,NDX,NDX,NASDAQ,USD
20210728,15005.17,15078.85,14913.55,15018.1,0.0,NDX,NDX,NASDAQ,USD
20210729,15015.3,15091.96,15004.42,15048.36,0.0,NDX,NDX,NASDAQ,USD
20210730,14882.39,14990.86,14882.39,14959.9,0.0,NDX,NDX,NASDAQ,USD
20210802,15046.1,15059.89,14945.13,14963.62,0.0,NDX,NDX,NASDAQ,USD
20210803,14997.2,15063.66,14864.53,15061.42,0.0,NDX,NDX,NASDAQ,USD
20210804,15059.17,15117.38,15017.14,15083.39,0.0,NDX,NDX,NASDAQ,USD
20210805,15105.4,15184.27,15083.83,15181.64,0.0,NDX,NDX,NASDAQ,USD
20210806,15125.74,15162.34,15063.02,15109.36,0.0,NDX,NDX,NASDAQ,USD
20210809,15136.13,15154.68,15081.75,15133.11,0.0,NDX,NDX,NASDAQ,USD
20210810,15157.37,15169.45,15010.16,15053.58,0.0,NDX,NDX,NASDAQ,USD
20210811,15101.82,15127.78,14972.6,15027.76,0.0,NDX,NDX,NASDAQ,USD
20210812,15012.6,15097.91,14956.25,15088.98,0.0,NDX,NDX,NASDAQ,USD
20210813,15101.84,15150.48,15079.3,15136.68,0.0,NDX,NDX,NASDAQ,USD
20210816,15090.05,15142.03,14931.15,15140.77,0.0,NDX,NDX,NASDAQ,USD
20210817,15018.94,15062.7,14906.22,15002.83,0.0,NDX,NDX,NASDAQ,USD
20210818,14975.02,15039.9,14846.51,14857.92,0.0,NDX,NDX,NASDAQ,USD
20210819,14773.19,15000.19,14773.19,14933.94,0.0,NDX,NDX,NASDAQ,USD
20210820,14974.06,15103.94,14968.87,15092.57,0.0,NDX,NDX,NASDAQ,USD
20210823,15140.14,15341.47,15140.14,15312.82,0.0,NDX,NDX,NASDAQ,USD
20210824,15338.92,15384.42,15319.55,15357.68,0.0,NDX,NDX,NASDAQ,USD
20210825,15384.83,15404.36,15341.92,15368.92,0.0,NDX,NDX,NASDAQ,USD
20210826,15348.98,15369.28,15265.23,15278.52,0.0,NDX,NDX,NASDAQ,USD
20210827,15305.75,15447.03,15292.74,15432.95,0.0,NDX,NDX,NASDAQ,USD
20210830,15460.93,15620.62,15459.74,15605.09,0.0,NDX,NDX,NASDAQ,USD
20210831,15601.34,15604.45,15522.78,15582.51,0.0,NDX,NDX,NASDAQ,USD
20210901,15637.13,15696.42,15603.67,15611.57,0.0,NDX,NDX,NASDAQ,USD
20210902,15656.28,15681.75,15554.29,15604.25,0.0,NDX,NDX,NASDAQ,USD
20210903,15578.96,15668.12,15554.97,15652.86,0.0,NDX,NDX,NASDAQ,USD
20210907,15662.3,15701.4,15610.23,15675.76,0.0,NDX,NDX,NASDAQ,USD
20210908,15669.01,15669.01,15528.45,15620.85,0.0,NDX,NDX,NASDAQ,USD
20210909,15639.44,15675.46,15556.74,15561.05,0.0,NDX,NDX,NASDAQ,USD
20210910,15648.04,15673.5,15433.43,15440.75,0.0,NDX,NDX,NASDAQ,USD
20210913,15545.66,15562.28,15351.7,15434.5,0.0,NDX,NDX,NASDAQ,USD
20210914,15505.78,15525.97,15352.06,15382.9,0.0,NDX,NDX,NASDAQ,USD
20210915,15419.95,15518.95,15316.4,15503.53,0.0,NDX,NDX,NASDAQ,USD
20210916,15452.67,15539.14,15370.88,15515.91,0.0,NDX,NDX,NASDAQ,USD
20210917,15481.43,15485.21,15291.04,15333.47,0.0,NDX,NDX,NASDAQ,USD
20210920,15068.65,15157.26,14821.03,15012.19,0.0,NDX,NDX,NASDAQ,USD
20210921,15096.97,15139.89,14986.98,15027.77,0.0,NDX,NDX,NASDAQ,USD
20210922,15073.96,15230.34,15029.9,15176.51,0.0,NDX,NDX,NASDAQ,USD
20210923,15231.2,15356.92,15199.43,15316.58,0.0,NDX,NDX,NASDAQ,USD
20210924,15222.97,15345.54,15209.16,15329.68,0.0,NDX,NDX,NASDAQ,USD
20210927,15205.23,15240.58,15106.45,15204.83,0.0,NDX,NDX,NASDAQ,USD
20210928,15001.98,15040.57,14758.98,14770.3,0.0,NDX,NDX,NASDAQ,USD
20210929,14835.51,14914.92,14727.41,14752.89,0.0,NDX,NDX,NASDAQ,USD
20210930,14830.3,14888.22,14684.55,14689.62,0.0,NDX,NDX,NASDAQ,USD
20211001,14731.38,14830.84,14555.12,14791.87,0.0,NDX,NDX,NASDAQ,USD
20211004,14713.6,14727.6,14384.93,14472.12,0.0,NDX,NDX,NASDAQ,USD
20211005,14533.43,14763.64,14520.23,14674.15,0.0,NDX,NDX,NASDAQ,USD
20211006,14529.89,14775.64,14499.48,14766.75,0.0,NDX,NDX,NASDAQ,USD
20211007,14899.07,15010.32,14878.22,14897.13,0.0,NDX,NDX,NASDAQ,USD
20211008,14942.36,14948.35,14805.5,14820.75,0.0,NDX,NDX,NASDAQ,USD
20211011,14765.69,14907.57,14709.05,14713.73,0.0,NDX,NDX,NASDAQ,USD
20211012,14772.29,14784.78,14636.33,14662.11,0.0,NDX,NDX,NASDAQ,USD
20211013,14751.8,14800.83,14676.58,14774.6,0.0,NDX,NDX,NASDAQ,USD
20211014,14925.58,15059.89,14901.59,15052.42,0.0,NDX,NDX,NASDAQ,USD
20211015,15106.97,15150.14,15064.59,15146.92,0.0,NDX,NDX,NASDAQ,USD
20211018,15091.58,15307.51,15074.71,15300.89,0.0,NDX,NDX,NASDAQ,USD
20211019,15349.45,15414.97,15320.62,15410.72,0.0,NDX,NDX,NASDAQ,USD
20211020,15448.0,15457.11,15333.43,15388.71,0.0,NDX,NDX,NASDAQ,USD
20211021,15365.81,15497.58,15350.5,15489.59,0.0,NDX,NDX,NASDAQ,USD
20211022,15422.07,15474.28,15291.95,15355.07,0.0,NDX,NDX,NASDAQ,USD
20211025,15417.25,15555.65,15338.49,15514.19,0.0,NDX,NDX,NASDAQ,USD
20211026,15615.36,15710.79,15518.59,15559.49,0.0,NDX,NDX,NASDAQ,USD
20211027,15603.16,15729.75,15578.68,15598.39,0.0,NDX,NDX,NASDAQ,USD
20211028,15674.39,15784.0,15650.01,15778.16,0.0,NDX,NDX,NASDAQ,USD
20211029,15638.74,15856.9,15638.74,15850.47,0.0,NDX,NDX,NASDAQ,USD
20211101,15879.61,15910.35,15785.31,15905.28,0.0,NDX,NDX,NASDAQ,USD
20211102,15885.34,15988.33,15877.27,15972.49,0.0,NDX,NDX,NASDAQ,USD
20211103,16000.6,16157.6,15950.59,16144.5,0.0,NDX,NDX,NASDAQ,USD
20211104,16193.22,16387.95,16169.56,16346.24,0.0,NDX,NDX,NASDAQ,USD
20211105,16397.59,16454.48,16302.06,16359.38,0.0,NDX,NDX,NASDAQ,USD
20211108,16351.49,16401.93,16314.0,16336.03,0.0,NDX,NDX,NASDAQ,USD
20211109,16389.99,16401.89,16168.63,16219.94,0.0,NDX,NDX,NASDAQ,USD
20211110,16087.01,16224.51,15905.28,15985.57,0.0,NDX,NDX,NASDAQ,USD
20211111,16114.05,16116.25,16019.39,16032.47,0.0,NDX,NDX,NASDAQ,USD
20211112,16078.13,16218.55,16012.78,16199.88,0.0,NDX,NDX,NASDAQ,USD
20211115,16227.01,16256.73,16096.37,16189.12,0.0,NDX,NDX,NASDAQ,USD
20211116,16170.29,16329.5,16156.69,16309.77,0.0,NDX,NDX,NASDAQ,USD
20211117,16329.07,16398.95,16276.77,16308.07,0.0,NDX,NDX,NASDAQ,USD
20211118,16398.76,16501.92,16309.51,16482.97,0.0,NDX,NDX,NASDAQ,USD
20211119,16558.56,16625.86,16523.83,16573.34,0.0,NDX,NDX,NASDAQ,USD
20211122,16644.77,16764.86,16374.78,16380.98,0.0,NDX,NDX,NASDAQ,USD
20211123,16330.18,16417.5,16121.7,16306.72,0.0,NDX,NDX,NASDAQ,USD
20211124,16202.26,16370.56,16106.02,16367.81,0.0,NDX,NDX,NASDAQ,USD
20211126,16237.42,16302.58,15988.95,16025.58,0.0,NDX,NDX,NASDAQ,USD
20211129,16263.43,16437.16,16214.56,16399.24,0.0,NDX,NDX,NASDAQ,USD
20211130,16333.95,16454.56,16073.76,16135.92,0.0,NDX,NDX,NASDAQ,USD
20211201,16347.96,16427.19,15864.0,15877.72,0.0,NDX,NDX,NASDAQ,USD
20211202,15791.3,16066.32,15770.92,15990.76,0.0,NDX,NDX,NASDAQ,USD
20211203,16039.41,16089.61,15543.31,15712.04,0.0,NDX,NDX,NASDAQ,USD
20211206,15744.91,15898.59,15557.78,15846.16,0.0,NDX,NDX,NASDAQ,USD
20211207,16139.56,16343.67,16128.44,16325.66,0.0,NDX,NDX,NASDAQ,USD
20211208,16313.88,16401.1,16250.39,16394.34,0.0,NDX,NDX,NASDAQ,USD
20211209,16337.81,16413.28,16141.39,16149.57,0.0,NDX,NDX,NASDAQ,USD
20211210,16278.3,16339.12,16139.0,16331.98,0.0,NDX,NDX,NASDAQ,USD
20211213,16317.9,16332.63,16075.54,16082.55,0.0,NDX,NDX,NASDAQ,USD
20211214,15877.65,15995.21,15742.8,15914.9,0.0,NDX,NDX,NASDAQ,USD
20211215,15908.45,16301.27,15746.94,16289.59,0.0,NDX,NDX,NASDAQ,USD
20211216,16335.03,16340.53,15802.63,15863.94,0.0,NDX,NDX,NASDAQ,USD
20211217,15714.54,15960.25,15664.1,15801.46,0.0,NDX,NDX,NASDAQ,USD
20211220,15566.83,15662.61,15508.74,15627.64,0.0,NDX,NDX,NASDAQ,USD
20211221,15794.38,15997.61,15617.48,15986.28,0.0,NDX,NDX,NASDAQ,USD
20211222,15963.54,16186.25,15947.56,16180.14,0.0,NDX,NDX,NASDAQ,USD
20211223,16203.76,16360.75,16188.03,16308.21,0.0,NDX,NDX,NASDAQ,USD
20211227,16361.07,16567.51,16361.07,16567.5,0.0,NDX,NDX,NASDAQ,USD
20211228,16602.92,16607.19,16458.48,16488.66,0.0,NDX,NDX,NASDAQ,USD
20211229,16510.63,16548.92,16396.16,16491.01,0.0,NDX,NDX,NASDAQ,USD
20211230,16485.39,16569.62,16415.12,16429.1,0.0,NDX,NDX,NASDAQ,USD
20211231,16411.26,16464.62,16317.26,16320.08,0.0,NDX,NDX,NASDAQ,USD
20220103,16395.51,16504.13,16306.64,16501.77,0.0,NDX,NDX,NASDAQ,USD
20220104,16513.87,16513.87,16151.91,16279.73,0.0,NDX,NDX,NASDAQ,USD
20220105,16190.55,16249.23,15763.84,15771.78,0.0,NDX,NDX,NASDAQ,USD
20220106,15675.22,15900.6,15608.57,15765.36,0.0,NDX,NDX,NASDAQ,USD
20220107,15774.13,15835.0,15526.8,15592.19,0.0,NDX,NDX,NASDAQ,USD
20220110,15383.18,15627.92,15165.53,15614.43,0.0,NDX,NDX,NASDAQ,USD
20220111,15582.72,15848.56,15496.91,15844.12,0.0,NDX,NDX,NASDAQ,USD
20220112,15955.48,16017.39,15815.95,15905.1,0.0,NDX,NDX,NASDAQ,USD
20220113,15970.09,15990.38,15468.09,15495.62,0.0,NDX,NDX,NASDAQ,USD
20220114,15396.47,15617.18,15396.47,15611.59,0.0,NDX,NDX,NASDAQ,USD
20220118,15378.06,15446.29,15182.96,15210.76,0.0,NDX,NDX,NASDAQ,USD
20220119,15287.25,15382.0,15038.43,15047.84,0.0,NDX,NDX,NASDAQ,USD
20220120,15176.38,15347.62,14832.69,14846.46,0.0,NDX,NDX,NASDAQ,USD
20220121,14728.66,14868.46,14432.64,14438.4,0.0,NDX,NDX,NASDAQ,USD
20220124,14160.91,14532.57,13724.85,14509.58,0.0,NDX,NDX,NASDAQ,USD
20220125,14237.6,14410.43,14033.81,14149.12,0.0,NDX,NDX,NASDAQ,USD
20220126,14492.52,14646.54,14006.4,14172.76,0.0,NDX,NDX,NASDAQ,USD
20220127,14346.46,14419.45,13972.88,14003.11,0.0,NDX,NDX,NASDAQ,USD
20220128,14091.32,14457.78,13880.48,14454.61,0.0,NDX,NDX,NASDAQ,USD
20220131,14505.07,14934.53,14442.88,14930.05,0.0,NDX,NDX,NASDAQ,USD
20220201,14966.6,15034.42,14749.49,15019.68,0.0,NDX,NDX,NASDAQ,USD
20220202,15173.03,15196.4,14960.85,15139.74,0.0,NDX,NDX,NASDAQ,USD
20220203,14693.85,14856.51,14471.2,14501.11,0.0,NDX,NDX,NASDAQ,USD
20220204,14566.28,14832.05,14452.28,14694.35,0.0,NDX,NDX,NASDAQ,USD
20220207,14716.43,14813.86,14524.63,14571.25,0.0,NDX,NDX,NASDAQ,USD
20220208,14533.25,14785.22,14485.78,14747.03,0.0,NDX,NDX,NASDAQ,USD
20220209,14930.99,15056.96,14870.36,15056.96,0.0,NDX,NDX,NASDAQ,USD
20220210,14770.67,15037.26,14636.62,14705.64,0.0,NDX,NDX,NASDAQ,USD
20220211,14739.46,14769.64,14194.54,14253.84,0.0,NDX,NDX,NASDAQ,USD
20220214,14233.4,14400.78,14119.73,14268.59,0.0,NDX,NDX,NASDAQ,USD
20220215,14482.11,14624.53,14444.46,14620.82,0.0,NDX,NDX,NASDAQ,USD
20220216,14514.84,14647.79,14399.29,14603.64,0.0,NDX,NDX,NASDAQ,USD
20220217,14485.08,14497.46,14155.43,14171.74,0.0,NDX,NDX,NASDAQ,USD
20220218,14207.55,14225.72,13918.76,14009.54,0.0,NDX,NDX,NASDAQ,USD
20220222,13892.81,14109.26,13720.92,13870.53,0.0,NDX,NDX,NASDAQ,USD
20220223,14016.94,14035.93,13502.58,13509.43,0.0,NDX,NDX,NASDAQ,USD
20220224,13065.44,13989.1,13065.44,13974.67,0.0,NDX,NDX,NASDAQ,USD
20220225,13973.9,14193.0,13850.29,14189.16,0.0,NDX,NDX,NASDAQ,USD
20220228,14058.61,14296.6,14009.37,14237.81,0.0,NDX,NDX,NASDAQ,USD
20220301,14197.66,14271.58,13906.92,14005.99,0.0,NDX,NDX,NASDAQ,USD
20220302,14075.11,14292.72,13962.69,14243.69,0.0,NDX,NDX,NASDAQ,USD
20220303,14339.71,14342.56,13965.11,14035.21,0.0,NDX,NDX,NASDAQ,USD
20220304,13957.6,13992.97,13738.61,13837.83,0.0,NDX,NDX,NASDAQ,USD
20220307,13853.53,13879.1,13314.44,13319.38,0.0,NDX,NDX,NASDAQ,USD
20220308,13275.23,13663.27,13129.4,13267.61,0.0,NDX,NDX,NASDAQ,USD
20220309,13610.48,13793.11,13504.48,13742.2,0.0,NDX,NDX,NASDAQ,USD
20220310,13577.84,13633.69,13399.46,13591.0,0.0,NDX,NDX,NASDAQ,USD
20220311,13701.8,13714.44,13285.19,13301.83,0.0,NDX,NDX,NASDAQ,USD
20220314,13248.09,13386.67,13020.4,13046.64,0.0,NDX,NDX,NASDAQ,USD
20220315,13174.97,13488.18,13092.45,13458.56,0.0,NDX,NDX,NASDAQ,USD
20220316,13633.12,13960.25,13475.09,13956.79,0.0,NDX,NDX,NASDAQ,USD
20220317,13878.99,14118.6,13827.34,14118.6,0.0,NDX,NDX,NASDAQ,USD
20220318,14061.29,14427.46,14014.43,14420.08,0.0,NDX,NDX,NASDAQ,USD
20220321,14377.15,14470.68,14190.53,14376.09,0.0,NDX,NDX,NASDAQ,USD
20220322,14396.03,14688.97,14385.55,14654.33,0.0,NDX,NDX,NASDAQ,USD
20220323,14525.22,14681.33,14446.04,14447.54,0.0,NDX,NDX,NASDAQ,USD
20220324,14529.72,14767.73,14440.67,14765.69,0.0,NDX,NDX,NASDAQ,USD
20220325,14766.9,14805.88,14577.59,14754.31,0.0,NDX,NDX,NASDAQ,USD
20220328,14763.16,14988.02,14705.92,14987.4,0.0,NDX,NDX,NASDAQ,USD
20220329,15142.93,15265.42,15039.61,15239.32,0.0,NDX,NDX,NASDAQ,USD
20220330,15177.15,15229.01,15010.34,15071.55,0.0,NDX,NDX,NASDAQ,USD
20220331,15074.23,15088.38,14838.11,14838.49,0.0,NDX,NDX,NASDAQ,USD
20220401,14886.91,14925.93,14723.83,14861.21,0.0,NDX,NDX,NASDAQ,USD
20220404,14903.38,15161.88,14884.57,15159.58,0.0,NDX,NDX,NASDAQ,USD
20220405,15109.27,15120.67,14782.57,14820.64,0.0,NDX,NDX,NASDAQ,USD
20220406,14600.3,14639.35,14395.4,14498.88,0.0,NDX,NDX,NASDAQ,USD
20220407,14469.5,14624.24,14315.69,14531.81,0.0,NDX,NDX,NASDAQ,USD
20220408,14450.53,14490.19,14307.68,14327.26,0.0,NDX,NDX,NASDAQ,USD
20220411,14149.6,14187.67,13979.14,13990.21,0.0,NDX,NDX,NASDAQ,USD
20220412,14175.66,14264.74,13882.75,13940.24,0.0,NDX,NDX,NASDAQ,USD
20220413,13939.61,14258.81,13919.48,14217.29,0.0,NDX,NDX,NASDAQ,USD
20220414,14225.46,14235.39,13884.82,13893.21,0.0,NDX,NDX,NASDAQ,USD
20220418,13859.47,13997.92,13788.96,13910.76,0.0,NDX,NDX,NASDAQ,USD
20220419,13882.75,14236.51,13844.74,14210.26,0.0,NDX,NDX,NASDAQ,USD
20220420,14246.2,14263.61,13962.86,13998.53,0.0,NDX,NDX,NASDAQ,USD
20220421,14174.92,14277.21,13682.68,13720.45,0.0,NDX,NDX,NASDAQ,USD
20220422,13714.63,13769.4,13342.79,13356.87,0.0,NDX,NDX,NASDAQ,USD
20220425,13275.41,13541.77,13239.73,13533.22,0.0,NDX,NDX,NASDAQ,USD
20220426,13447.66,13447.66,13009.71,13009.71,0.0,NDX,NDX,NASDAQ,USD
20220427,13009.4,13241.94,12936.41,13003.36,0.0,NDX,NDX,NASDAQ,USD
20220428,13254.96,13542.56,13038.17,13456.06,0.0,NDX,NDX,NASDAQ,USD
20220429,13274.94,13428.53,12835.48,12854.8,0.0,NDX,NDX,NASDAQ,USD
20220502,12864.83,13083.57,12716.63,13075.85,0.0,NDX,NDX,NASDAQ,USD
20220503,13045.35,13178.74,12982.7,13089.9,0.0,NDX,NDX,NASDAQ,USD
20220504,13110.3,13556.67,12887.53,13535.71,0.0,NDX,NDX,NASDAQ,USD
20220505,13344.79,13344.79,12710.59,12850.55,0.0,NDX,NDX,NASDAQ,USD
20220506,12776.86,12926.58,12522.77,12693.54,0.0,NDX,NDX,NASDAQ,USD
20220509,12465.91,12542.32,12136.19,12187.72,0.0,NDX,NDX,NASDAQ,USD
20220510,12496.84,12537.89,12173.47,12345.86,0.0,NDX,NDX,NASDAQ,USD
20220511,12240.21,12470.89,11939.09,11967.56,0.0,NDX,NDX,NASDAQ,USD
20220512,11790.13,12128.73,11692.12,11945.5,0.0,NDX,NDX,NASDAQ,USD
20220513,12125.93,12429.29,12069.13,12387.4,0.0,NDX,NDX,NASDAQ,USD
20220516,12297.07,12395.51,12196.21,12243.58,0.0,NDX,NDX,NASDAQ,USD
20220517,12496.63,12572.99,12333.99,12564.1,0.0,NDX,NDX,NASDAQ,USD
20220518,12352.92,12389.96,11887.0,11928.31,0.0,NDX,NDX,NASDAQ,USD
20220519,11872.56,12066.85,11795.79,11875.63,0.0,NDX,NDX,NASDAQ,USD
20220520,12037.03,12044.7,11492.29,11835.62,0.0,NDX,NDX,NASDAQ,USD
20220523,11867.08,12047.81,11785.76,12034.28,0.0,NDX,NDX,NASDAQ,USD
20220524,11807.78,11842.81,11576.11,11769.84,0.0,NDX,NDX,NASDAQ,USD
20220525,11732.45,12028.89,11714.27,11943.93,0.0,NDX,NDX,NASDAQ,USD
20220526,11906.83,12337.73,11901.87,12276.79,0.0,NDX,NDX,NASDAQ,USD
20220527,12421.8,12681.42,12405.29,12681.42,0.0,NDX,NDX,NASDAQ,USD
20220531,12688.95,12762.84,12482.33,12642.1,0.0,NDX,NDX,NASDAQ,USD
20220601,12750.31,12820.47,12457.91,12548.36,0.0,NDX,NDX,NASDAQ,USD
20220602,12498.63,12897.63,12447.77,12892.89,0.0,NDX,NDX,NASDAQ,USD
20220603,12650.38,12724.81,12505.76,12548.03,0.0,NDX,NDX,NASDAQ,USD
20220606,12745.89,12804.46,12534.58,12599.63,0.0,NDX,NDX,NASDAQ,USD
20220607,12456.49,12737.3,12413.55,12711.68,0.0,NDX,NDX,NASDAQ,USD
20220608,12682.81,12776.65,12578.55,12615.13,0.0,NDX,NDX,NASDAQ,USD
20220609,12543.37,12666.41,12265.86,12269.78,0.0,NDX,NDX,NASDAQ,USD
20220610,12052.59,12082.69,11825.35,11832.82,0.0,NDX,NDX,NASDAQ,USD
20220613,11472.19,11568.65,11254.18,11288.32,0.0,NDX,NDX,NASDAQ,USD
20220614,11385.18,11418.22,11205.92,11311.69,0.0,NDX,NDX,NASDAQ,USD
20220615,11468.13,11751.29,11346.54,11593.77,0.0,NDX,NDX,NASDAQ,USD
20220616,11286.87,11311.05,11037.21,11127.57,0.0,NDX,NDX,NASDAQ,USD
20220617,11172.65,11357.97,11089.93,11265.99,0.0,NDX,NDX,NASDAQ,USD
20220621,11446.98,11638.47,11446.98,11546.76,0.0,NDX,NDX,NASDAQ,USD
20220622,11427.74,11708.08,11423.2,11527.71,0.0,NDX,NDX,NASDAQ,USD
20220623,11622.09,11729.62,11515.49,11697.68,0.0,NDX,NDX,NASDAQ,USD
20220624,11826.95,12112.82,11812.18,12105.85,0.0,NDX,NDX,NASDAQ,USD
20220627,12157.93,12175.98,11965.67,12008.24,0.0,NDX,NDX,NASDAQ,USD
20220628,12021.34,12133.87,11633.13,11637.77,0.0,NDX,NDX,NASDAQ,USD
20220629,11619.01,11710.21,11537.72,11658.26,0.0,NDX,NDX,NASDAQ,USD
20220630,11532.32,11650.96,11322.86,11503.72,0.0,NDX,NDX,NASDAQ,USD
20220701,11472.63,11592.85,11378.63,11585.68,0.0,NDX,NDX,NASDAQ,USD
20220705,11419.34,11781.45,11366.07,11779.9,0.0,NDX,NDX,NASDAQ,USD
20220706,11807.08,11941.31,11727.36,11852.59,0.0,NDX,NDX,NASDAQ,USD
20220707,11913.73,12137.71,11897.51,12109.05,0.0,NDX,NDX,NASDAQ,USD
20220708,11977.95,12179.32,11956.03,12125.69,0.0,NDX,NDX,NASDAQ,USD
20220711,12008.76,12026.06,11830.88,11860.28,0.0,NDX,NDX,NASDAQ,USD
20220712,11926.84,11990.44,11684.02,11744.99,0.0,NDX,NDX,NASDAQ,USD
20220713,11523.91,11819.69,11498.96,11728.53,0.0,NDX,NDX,NASDAQ,USD
20220714,11637.18,11801.11,11488.27,11768.4,0.0,NDX,NDX,NASDAQ,USD
20220715,11896.15,11987.52,11828.13,11983.62,0.0,NDX,NDX,NASDAQ,USD
20220718,12089.68,12156.09,11836.52,11877.5,0.0,NDX,NDX,NASDAQ,USD
20220719,12046.69,12258.37,11967.92,12249.42,0.0,NDX,NDX,NASDAQ,USD
20220720,12269.07,12488.39,12232.2,12439.68,0.0,NDX,NDX,NASDAQ,USD
20220721,12466.13,12619.41,12351.42,12619.41,0.0,NDX,NDX,NASDAQ,USD
20220722,12575.76,12662.86,12322.82,12396.47,0.0,NDX,NDX,NASDAQ,USD
20220725,12391.21,12415.59,12244.4,12328.41,0.0,NDX,NDX,NASDAQ,USD
20220726,12248.21,12259.01,12051.21,12086.9,0.0,NDX,NDX,NASDAQ,USD
20220727,12299.34,12660.77,12256.93,12601.47,0.0,NDX,NDX,NASDAQ,USD
20220728,12580.62,12741.83,12433.55,12717.87,0.0,NDX,NDX,NASDAQ,USD
20220729,12784.2,12986.64,12726.25,12947.97,0.0,NDX,NDX,NASDAQ,USD
20220801,12877.04,13084.61,12833.16,12940.78,0.0,NDX,NDX,NASDAQ,USD
20220802,12853.04,13073.27,12809.01,12901.6,0.0,NDX,NDX,NASDAQ,USD
20220803,12983.58,13289.19,12974.85,13253.26,0.0,NDX,NDX,NASDAQ,USD
20220804,13253.77,13326.72,13170.44,13311.04,0.0,NDX,NDX,NASDAQ,USD
20220805,13107.45,13286.02,13070.36,13207.69,0.0,NDX,NDX,NASDAQ,USD
20220808,13227.09,13394.54,13103.8,13159.16,0.0,NDX,NDX,NASDAQ,USD
20220809,13064.24,13095.7,12945.6,13008.17,0.0,NDX,NDX,NASDAQ,USD
20220810,13330.66,13386.85,13220.05,13378.32,0.0,NDX,NDX,NASDAQ,USD
20220811,13471.03,13555.38,13271.35,13291.99,0.0,NDX,NDX,NASDAQ,USD
20220812,13384.65,13565.87,13341.65,13565.87,0.0,NDX,NDX,NASDAQ,USD
20220815,13529.66,13685.65,13524.53,13667.18,0.0,NDX,NDX,NASDAQ,USD
20220816,13617.66,13720.91,13508.47,13635.21,0.0,NDX,NDX,NASDAQ,USD
20220817,13499.24,13591.58,13389.82,13470.86,0.0,NDX,NDX,NASDAQ,USD
20220818,13474.24,13553.28,13405.74,13505.99,0.0,NDX,NDX,NASDAQ,USD
20220819,13370.25,13402.61,13210.82,13242.9,0.0,NDX,NDX,NASDAQ,USD
20220822,13056.39,13073.07,12859.82,12890.54,0.0,NDX,NDX,NASDAQ,USD
20220823,12885.28,13000.71,12852.7,12881.79,0.0,NDX,NDX,NASDAQ,USD
20220824,12876.23,12995.14,12843.58,12917.86,0.0,NDX,NDX,NASDAQ,USD
20220825,12984.74,13146.84,12951.61,13143.58,0.0,NDX,NDX,NASDAQ,USD
20220826,13129.91,13175.25,12603.41,12605.17,0.0,NDX,NDX,NASDAQ,USD
20220829,12488.46,12594.34,12440.4,12484.32,0.0,NDX,NDX,NASDAQ,USD
20220830,12562.4,12572.88,12240.82,12342.7,0.0,NDX,NDX,NASDAQ,USD
20220831,12448.07,12502.15,12268.08,12272.03,0.0,NDX,NDX,NASDAQ,USD
20220901,12158.88,12290.33,12012.98,12274.63,0.0,NDX,NDX,NASDAQ,USD
20220902,12392.46,12451.29,12035.53,12098.44,0.0,NDX,NDX,NASDAQ,USD
20220906,12106.57,12152.42,11928.81,12011.31,0.0,NDX,NDX,NASDAQ,USD
20220907,12038.18,12298.12,12026.98,12259.39,0.0,NDX,NDX,NASDAQ,USD
20220908,12139.57,12374.13,12120.26,12321.19,0.0,NDX,NDX,NASDAQ,USD
20220909,12424.15,12610.43,12424.15,12588.29,0.0,NDX,NDX,NASDAQ,USD
20220912,12649.23,12752.83,12639.76,12739.72,0.0,NDX,NDX,NASDAQ,USD
20220913,12364.83,12420.01,12004.42,12033.62,0.0,NDX,NDX,NASDAQ,USD
20220914,12092.03,12170.25,12016.43,12134.4,0.0,NDX,NDX,NASDAQ,USD
20220915,12034.43,12153.34,11867.88,11927.49,0.0,NDX,NDX,NASDAQ,USD
20220916,11775.94,11875.09,11710.25,11861.38,0.0,NDX,NDX,NASDAQ,USD
20220919,11753.6,11956.79,11752.43,11953.27,0.0,NDX,NDX,NASDAQ,USD
20220920,11855.83,11951.13,11761.69,11851.54,0.0,NDX,NDX,NASDAQ,USD
20220921,11892.72,12062.52,11636.61,11637.79,0.0,NDX,NDX,NASDAQ,USD
20220922,11574.32,11617.99,11448.86,11501.65,0.0,NDX,NDX,NASDAQ,USD
20220923,11398.75,11402.41,11169.66,11311.24,0.0,NDX,NDX,NASDAQ,USD
20220926,11283.14,11473.36,11235.74,11254.11,0.0,NDX,NDX,NASDAQ,USD
20220927,11411.34,11502.38,11175.29,11271.75,0.0,NDX,NDX,NASDAQ,USD
20220928,11258.74,11546.87,11210.81,11493.83,0.0,NDX,NDX,NASDAQ,USD
20220929,11334.57,11339.91,11038.94,11164.78,0.0,NDX,NDX,NASDAQ,USD
20220930,11123.11,11296.16,10966.95,10971.22,0.0,NDX,NDX,NASDAQ,USD
20221003,11059.17,11296.43,10985.01,11229.73,0.0,NDX,NDX,NASDAQ,USD
20221004,11477.85,11609.25,11462.37,11582.54,0.0,NDX,NDX,NASDAQ,USD
20221005,11429.47,11647.62,11312.52,11573.18,0.0,NDX,NDX,NASDAQ,USD
20221006,11556.4,11660.55,11472.83,11485.5,0.0,NDX,NDX,NASDAQ,USD
20221007,11272.46,11293.65,10991.66,11039.47,0.0,NDX,NDX,NASDAQ,USD
20221010,11048.51,11063.21,10824.25,10926.97,0.0,NDX,NDX,NASDAQ,USD
20221011,10865.32,10981.91,10716.33,10791.35,0.0,NDX,NDX,NASDAQ,USD
20221012,10810.3,10886.49,10754.85,10785.62,0.0,NDX,NDX,NASDAQ,USD
20221013,10481.58,11087.66,10440.64,11033.58,0.0,NDX,NDX,NASDAQ,USD
20221014,11130.08,11152.89,10677.48,10692.06,0.0,NDX,NDX,NASDAQ,USD
20221017,10967.25,11090.87,10959.75,11062.53,0.0,NDX,NDX,NASDAQ,USD
20221018,11368.76,11374.38,11035.8,11147.74,0.0,NDX,NDX,NASDAQ,USD
20221019,11081.82,11231.46,11008.11,11103.38,0.0,NDX,NDX,NASDAQ,USD
20221020,11081.22,11279.81,11001.28,11046.71,0.0,NDX,NDX,NASDAQ,USD
20221021,10998.17,11327.77,10962.01,11310.33,0.0,NDX,NDX,NASDAQ,USD
20221024,11321.11,11468.18,11166.49,11430.26,0.0,NDX,NDX,NASDAQ,USD
20221025,11482.87,11681.85,11480.41,11669.99,0.0,NDX,NDX,NASDAQ,USD
20221026,11409.79,11657.06,11388.34,11405.9,0.0,NDX,NDX,NASDAQ,USD
20221027,11387.71,11417.04,11179.9,11191.63,0.0,NDX,NDX,NASDAQ,USD
20221028,11176.99,11563.16,11176.99,11546.21,0.0,NDX,NDX,NASDAQ,USD
20221031,11465.21,11482.99,11331.26,11405.57,0.0,NDX,NDX,NASDAQ,USD
20221101,11571.53,11574.39,11278.28,11288.95,0.0,NDX,NDX,NASDAQ,USD
20221102,11300.27,11410.91,10903.48,10906.34,0.0,NDX,NDX,NASDAQ,USD
20221103,10769.43,10852.18,10680.83,10690.6,0.0,NDX,NDX,NASDAQ,USD
20221104,10911.98,10934.62,10632.39,10857.03,0.0,NDX,NDX,NASDAQ,USD
20221107,10900.83,11001.16,10817.59,10977.0,0.0,NDX,NDX,NASDAQ,USD
20221108,11039.58,11191.9,10897.53,11059.5,0.0,NDX,NDX,NASDAQ,USD
20221109,10971.43,11012.66,10790.35,10797.55,0.0,NDX,NDX,NASDAQ,USD
20221110,11350.42,11612.2,11235.74,11605.96,0.0,NDX,NDX,NASDAQ,USD
20221111,11604.36,11840.07,11535.56,11817.01,0.0,NDX,NDX,NASDAQ,USD
20221114,11728.11,11863.82,11669.1,11700.94,0.0,NDX,NDX,NASDAQ,USD
20221115,12006.45,12024.95,11735.4,11871.15,0.0,NDX,NDX,NASDAQ,USD
20221116,11767.42,11796.99,11673.14,11699.09,0.0,NDX,NDX,NASDAQ,USD
20221117,11521.64,11737.61,11519.38,11676.86,0.0,NDX,NDX,NASDAQ,USD
20221118,11791.85,11794.68,11579.64,11677.02,0.0,NDX,NDX,NASDAQ,USD
20221121,11623.35,11664.94,11524.44,11553.45,0.0,NDX,NDX,NASDAQ,USD
20221122,11590.83,11731.76,11503.34,11724.84,0.0,NDX,NDX,NASDAQ,USD
20221123,11725.08,11866.42,11722.01,11838.72,0.0,NDX,NDX,NASDAQ,USD
20221125,11777.33,11803.91,11748.79,11756.03,0.0,NDX,NDX,NASDAQ,USD
20221128,11684.07,11764.83,11555.26,11587.75,0.0,NDX,NDX,NASDAQ,USD
20221129,11590.3,11613.33,11450.34,11503.45,0.0,NDX,NDX,NASDAQ,USD
20221130,11505.74,12030.06,11481.89,12030.06,0.0,NDX,NDX,NASDAQ,USD
20221201,12030.24,12115.34,11928.66,12041.89,0.0,NDX,NDX,NASDAQ,USD
20221202,11845.53,12027.62,11825.53,11994.26,0.0,NDX,NDX,NASDAQ,USD
20221205,11899.54,11957.36,11732.15,11786.8,0.0,NDX,NDX,NASDAQ,USD
20221206,11775.21,11790.93,11488.6,11549.69,0.0,NDX,NDX,NASDAQ,USD
20221207,11490.99,11577.69,11431.96,11497.39,0.0,NDX,NDX,NASDAQ,USD
20221208,11543.68,11672.14,11470.68,11637.5,0.0,NDX,NDX,NASDAQ,USD
20221209,11594.38,11707.08,11550.31,11563.33,0.0,NDX,NDX,NASDAQ,USD
20221212,11572.26,11706.44,11529.41,11706.44,0.0,NDX,NDX,NASDAQ,USD
20221213,12141.24,12166.41,11724.91,11834.21,0.0,NDX,NDX,NASDAQ,USD
20221214,11824.54,11941.28,11617.41,11740.92,0.0,NDX,NDX,NASDAQ,USD
20221215,11573.38,11591.33,11300.35,11345.22,0.0,NDX,NDX,NASDAQ,USD
20221216,11313.64,11383.39,11175.54,11243.72,0.0,NDX,NDX,NASDAQ,USD
20221219,11243.0,11251.57,11029.77,11084.59,0.0,NDX,NDX,NASDAQ,USD
20221220,11023.47,11143.62,10967.07,11072.42,0.0,NDX,NDX,NASDAQ,USD
20221221,11110.65,11285.78,11083.36,11235.88,0.0,NDX,NDX,NASDAQ,USD
20221222,11099.36,11114.23,10784.01,10956.14,0.0,NDX,NDX,NASDAQ,USD
20221223,10911.04,11007.09,10830.9,10985.45,0.0,NDX,NDX,NASDAQ,USD
20221227,10944.3,10957.44,10807.61,10822.51,0.0,NDX,NDX,NASDAQ,USD
20221228,10807.12,10898.63,10671.19,10679.34,0.0,NDX,NDX,NASDAQ,USD
20221229,10800.8,10981.06,10776.62,10951.05,0.0,NDX,NDX,NASDAQ,USD
20221230,10835.59,10942.9,10778.64,10939.76,0.0,NDX,NDX,NASDAQ,USD
20230103,11038.42,11093.1,10770.93,10862.64,0.0,NDX,NDX,NASDAQ,USD
20230104,10949.34,10981.46,10785.53,10914.8,0.0,NDX,NDX,NASDAQ,USD
20230105,10837.25,10842.33,10728.26,10741.22,0.0,NDX,NDX,NASDAQ,USD
20230106,10807.46,11082.59,10696.42,11040.35,0.0,NDX,NDX,NASDAQ,USD
20230109,11133.07,11304.84,11085.33,11108.45,0.0,NDX,NDX,NASDAQ,USD
20230110,11069.05,11206.52,11050.68,11205.78,0.0,NDX,NDX,NASDAQ,USD
20230111,11259.16,11403.89,11220.75,11402.52,0.0,NDX,NDX,NASDAQ,USD
20230112,11441.46,11500.86,11246.02,11459.61,0.0,NDX,NDX,NASDAQ,USD
20230113,11362.13,11547.96,11347.6,11541.48,0.0,NDX,NDX,NASDAQ,USD
20230117,11531.54,11615.95,11484.02,11557.19,0.0,NDX,NDX,NASDAQ,USD
20230118,11636.61,11690.27,11403.32,11410.29,0.0,NDX,NDX,NASDAQ,USD
20230119,11345.19,11388.46,11251.94,11295.67,0.0,NDX,NDX,NASDAQ,USD
20230120,11363.85,11623.2,11329.54,11619.03,0.0,NDX,NDX,NASDAQ,USD
20230123,11652.0,11918.86,11617.83,11872.54,0.0,NDX,NDX,NASDAQ,USD
20230124,11802.95,11889.37,11780.07,11846.64,0.0,NDX,NDX,NASDAQ,USD
20230125,11636.01,11841.81,11550.07,11814.69,0.0,NDX,NDX,NASDAQ,USD
20230126,11972.57,12055.8,11853.37,12051.48,0.0,NDX,NDX,NASDAQ,USD
20230127,12000.21,12248.15,11999.87,12166.6,0.0,NDX,NDX,NASDAQ,USD
20230130,12047.16,12087.68,11906.11,11912.39,0.0,NDX,NDX,NASDAQ,USD
20230131,11915.94,12104.13,11915.94,12101.93,0.0,NDX,NDX,NASDAQ,USD
20230201,12087.92,12458.88,12010.74,12363.1,0.0,NDX,NDX,NASDAQ,USD
20230202,12655.18,12880.98,12600.76,12803.14,0.0,NDX,NDX,NASDAQ,USD
20230203,12520.95,12828.71,12520.95,12573.36,0.0,NDX,NDX,NASDAQ,USD
20230206,12468.8,12558.88,12411.88,12464.51,0.0,NDX,NDX,NASDAQ,USD
20230207,12474.95,12771.58,12419.71,12728.27,0.0,NDX,NDX,NASDAQ,USD
20230208,12680.03,12709.45,12471.12,12495.38,0.0,NDX,NDX,NASDAQ,USD
20230209,12677.54,12679.54,12327.44,12381.17,0.0,NDX,NDX,NASDAQ,USD
20230210,12306.59,12375.72,12204.21,12304.92,0.0,NDX,NDX,NASDAQ,USD
20230213,12356.5,12522.78,12313.45,12502.31,0.0,NDX,NDX,NASDAQ,USD
20230214,12413.1,12627.4,12356.32,12590.89,0.0,NDX,NDX,NASDAQ,USD
20230215,12531.6,12688.44,12486.42,12687.89,0.0,NDX,NDX,NASDAQ,USD
20230216,12495.07,12653.4,12440.0,12442.48,0.0,NDX,NDX,NASDAQ,USD
20230217,12352.3,12385.52,12233.79,12358.18,0.0,NDX,NDX,NASDAQ,USD
20230221,12205.21,12257.06,12058.23,12060.3,0.0,NDX,NDX,NASDAQ,USD
20230222,12085.67,12156.21,12006.04,12066.27,0.0,NDX,NDX,NASDAQ,USD
20230223,12224.44,12227.4,12003.31,12180.14,0.0,NDX,NDX,NASDAQ,USD
20230224,11979.8,12018.32,11900.84,11969.65,0.0,NDX,NDX,NASDAQ,USD
20230227,12106.79,12159.64,12034.61,12057.79,0.0,NDX,NDX,NASDAQ,USD
20230228,12041.75,12146.52,12021.32,12042.12,0.0,NDX,NDX,NASDAQ,USD
20230301,12026.72,12054.48,11906.58,11938.57,0.0,NDX,NDX,NASDAQ,USD
20230302,11830.09,12074.59,11830.09,12044.87,0.0,NDX,NDX,NASDAQ,USD
20230303,12110.71,12300.46,12095.24,12290.81,0.0,NDX,NDX,NASDAQ,USD
20230306,12344.65,12466.88,12297.57,12302.48,0.0,NDX,NDX,NASDAQ,USD
20230307,12303.19,12344.04,12130.01,12152.17,0.0,NDX,NDX,NASDAQ,USD
20230308,12181.06,12237.72,12102.28,12215.33,0.0,NDX,NDX,NASDAQ,USD
20230309,12230.84,12340.45,11970.34,11995.88,0.0,NDX,NDX,NASDAQ,USD
20230310,12001.7,12069.62,11789.86,11830.28,0.0,NDX,NDX,NASDAQ,USD
20230313,11752.1,12073.96,11695.41,11923.17,0.0,NDX,NDX,NASDAQ,USD
20230314,12078.46,12217.87,12035.22,12199.79,0.0,NDX,NDX,NASDAQ,USD
20230315,12083.24,12269.45,12026.18,12251.32,0.0,NDX,NDX,NASDAQ,USD
20230316,12211.87,12595.69,12190.65,12581.39,0.0,NDX,NDX,NASDAQ,USD
20230317,12570.16,12674.34,12444.08,12519.88,0.0,NDX,NDX,NASDAQ,USD
20230320,12487.79,12578.35,12407.82,12562.61,0.0,NDX,NDX,NASDAQ,USD
20230321,12643.35,12762.45,12582.76,12741.44,0.0,NDX,NDX,NASDAQ,USD
20230322,12742.41,12943.62,12564.96,12567.15,0.0,NDX,NDX,NASDAQ,USD
20230323,12735.6,12900.1,12611.67,12729.23,0.0,NDX,NDX,NASDAQ,USD
20230324,12700.51,12770.28,12608.15,12767.05,0.0,NDX,NDX,NASDAQ,USD
20230327,12797.9,12839.42,12647.94,12673.07,0.0,NDX,NDX,NASDAQ,USD
20230328,12654.91,12654.91,12517.87,12610.57,0.0,NDX,NDX,NASDAQ,USD
20230329,12768.14,12867.32,12734.68,12846.03,0.0,NDX,NDX,NASDAQ,USD
20230330,12934.99,12987.97,12894.14,12963.14,0.0,NDX,NDX,NASDAQ,USD
20230331,12968.96,13188.83,12968.0,13181.35,0.0,NDX,NDX,NASDAQ,USD
20230403,13084.1,13157.47,13036.55,13148.35,0.0,NDX,NDX,NASDAQ,USD
20230404,13165.32,13204.08,13049.98,13100.08,0.0,NDX,NDX,NASDAQ,USD
20230405,13056.79,13065.28,12894.44,12967.2,0.0,NDX,NDX,NASDAQ,USD
20230406,12892.9,13078.1,12846.03,13062.6,0.0,NDX,NDX,NASDAQ,USD
20230410,12936.52,13051.23,12861.52,13051.23,0.0,NDX,NDX,NASDAQ,USD
20230411,13040.49,13049.56,12947.66,12964.16,0.0,NDX,NDX,NASDAQ,USD
20230412,13043.97,13071.98,12833.31,12848.35,0.0,NDX,NDX,NASDAQ,USD
20230413,12922.9,13124.41,12920.02,13109.39,0.0,NDX,NDX,NASDAQ,USD
20230414,13044.69,13152.29,12962.51,13079.52,0.0,NDX,NDX,NASDAQ,USD
20230417,13053.26,13105.68,12981.26,13087.71,0.0,NDX,NDX,NASDAQ,USD
20230418,13180.31,13196.18,13044.21,13091.79,0.0,NDX,NDX,NASDAQ,USD
20230419,12992.51,13128.25,12988.2,13088.71,0.0,NDX,NDX,NASDAQ,USD
20230420,12962.29,13107.92,12933.8,12985.98,0.0,NDX,NDX,NASDAQ,USD
20230421,12970.32,13030.85,12899.64,13000.77,0.0,NDX,NDX,NASDAQ,USD
20230424,12981.71,13044.22,12883.77,12969.76,0.0,NDX,NDX,NASDAQ,USD
20230425,12905.09,12933.28,12724.24,12725.11,0.0,NDX,NDX,NASDAQ,USD
20230426,12866.64,12929.62,12783.42,12806.48,0.0,NDX,NDX,NASDAQ,USD
20230427,12963.21,13175.62,12938.5,13160.03,0.0,NDX,NDX,NASDAQ,USD
20230428,13139.35,13246.68,13096.93,13245.99,0.0,NDX,NDX,NASDAQ,USD
20230501,13229.12,13287.47,13186.4,13231.47,0.0,NDX,NDX,NASDAQ,USD
20230502,13225.48,13241.53,13046.79,13113.66,0.0,NDX,NDX,NASDAQ,USD
20230503,13123.1,13231.71,13026.04,13030.21,0.0,NDX,NDX,NASDAQ,USD
20230504,13014.08,13064.02,12938.45,12982.48,0.0,NDX,NDX,NASDAQ,USD
20230505,13070.7,13291.11,13059.91,13259.13,0.0,NDX,NDX,NASDAQ,USD
20230508,13247.09,13302.43,13193.08,13291.64,0.0,NDX,NDX,NASDAQ,USD
20230509,13228.64,13254.81,13193.88,13201.11,0.0,NDX,NDX,NASDAQ,USD
20230510,13308.42,13384.42,13204.79,13347.83,0.0,NDX,NDX,NASDAQ,USD
20230511,13376.85,13411.7,13306.08,13389.78,0.0,NDX,NDX,NASDAQ,USD
20230512,13407.02,13427.42,13256.56,13340.18,0.0,NDX,NDX,NASDAQ,USD
20230515,13352.26,13419.81,13297.85,13413.51,0.0,NDX,NDX,NASDAQ,USD
20230516,13385.37,13498.44,13384.78,13426.01,0.0,NDX,NDX,NASDAQ,USD
20230517,13474.52,13608.33,13419.35,13589.26,0.0,NDX,NDX,NASDAQ,USD
20230518,13608.95,13844.76,13606.8,13834.62,0.0,NDX,NDX,NASDAQ,USD
20230519,13842.69,13874.42,13763.9,13803.49,0.0,NDX,NDX,NASDAQ,USD
20230522,13805.33,13893.71,13792.97,13849.74,0.0,NDX,NDX,NASDAQ,USD
20230523,13773.68,13827.1,13662.91,13672.54,0.0,NDX,NDX,NASDAQ,USD
20230524,13589.02,13655.73,13520.92,13604.48,0.0,NDX,NDX,NASDAQ,USD
20230525,13920.89,13986.87,13812.18,13938.53,0.0,NDX,NDX,NASDAQ,USD
20230526,13990.55,14329.49,13982.16,14298.41,0.0,NDX,NDX,NASDAQ,USD
20230530,14465.59,14520.17,14301.08,14354.99,0.0,NDX,NDX,NASDAQ,USD
20230531,14293.56,14375.38,14216.16,14254.09,0.0,NDX,NDX,NASDAQ,USD
20230601,14269.09,14493.31,14219.94,14441.51,0.0,NDX,NDX,NASDAQ,USD
20230602,14517.08,14595.81,14442.15,14546.64,0.0,NDX,NDX,NASDAQ,USD
20230605,14550.13,14662.95,14516.88,14556.5,0.0,NDX,NDX,NASDAQ,USD
20230606,14526.1,14593.5,14476.99,14558.09,0.0,NDX,NDX,NASDAQ,USD
20230607,14573.27,14647.91,14283.88,14303.29,0.0,NDX,NDX,NASDAQ,USD
20230608,14319.24,14503.31,14314.7,14484.54,0.0,NDX,NDX,NASDAQ,USD
20230609,14574.24,14672.85,14487.48,14528.36,0.0,NDX,NDX,NASDAQ,USD
20230612,14617.35,14789.6,14571.36,14784.3,0.0,NDX,NDX,NASDAQ,USD
20230613,14911.26,14931.83,14770.13,14900.85,0.0,NDX,NDX,NASDAQ,USD
20230614,14894.1,15017.1,14784.62,15005.69,0.0,NDX,NDX,NASDAQ,USD
20230615,14949.7,15246.62,14930.12,15185.48,0.0,NDX,NDX,NASDAQ,USD
20230616,15272.65,15284.65,15073.45,15083.92,0.0,NDX,NDX,NASDAQ,USD
20230620,15036.48,15127.42,14946.72,15070.15,0.0,NDX,NDX,NASDAQ,USD
20230621,15019.01,15038.9,14826.02,14867.45,0.0,NDX,NDX,NASDAQ,USD
20230622,14797.89,15044.22,14794.95,15042.32,0.0,NDX,NDX,NASDAQ,USD
20230623,14879.23,14983.73,14821.81,14891.48,0.0,NDX,NDX,NASDAQ,USD
20230626,14866.66,14982.82,14687.02,14689.02,0.0,NDX,NDX,NASDAQ,USD
20230627,14751.57,14972.32,14726.75,14945.91,0.0,NDX,NDX,NASDAQ,USD
20230628,14876.25,15051.08,14865.81,14964.58,0.0,NDX,NDX,NASDAQ,USD
20230629,14965.55,14986.89,14876.94,14939.95,0.0,NDX,NDX,NASDAQ,USD
20230630,15085.24,15213.75,15081.57,15179.21,0.0,NDX,NDX,NASDAQ,USD
20230703,15190.54,15232.96,15153.6,15208.69,0.0,NDX,NDX,NASDAQ,USD
20230705,15165.36,15275.18,15162.66,15203.78,0.0,NDX,NDX,NASDAQ,USD
20230706,15054.1,15106.45,14969.14,15089.45,0.0,NDX,NDX,NASDAQ,USD
20230707,15070.5,15210.63,15032.56,15036.85,0.0,NDX,NDX,NASDAQ,USD
20230710,15031.95,15066.43,14924.64,15045.64,0.0,NDX,NDX,NASDAQ,USD
20230711,15068.13,15135.29,14974.16,15119.06,0.0,NDX,NDX,NASDAQ,USD
20230712,15279.35,15364.09,15209.71,15307.23,0.0,NDX,NDX,NASDAQ,USD
20230713,15432.48,15602.74,15420.71,15571.98,0.0,NDX,NDX,NASDAQ,USD
20230714,15610.0,15720.05,15531.0,15565.6,0.0,NDX,NDX,NASDAQ,USD
20230717,15608.28,15745.67,15576.51,15713.28,0.0,NDX,NDX,NASDAQ,USD
20230718,15671.72,15895.68,15607.71,15841.35,0.0,NDX,NDX,NASDAQ,USD
20230719,15888.16,15932.05,15781.96,15826.35,0.0,NDX,NDX,NASDAQ,USD
20230720,15717.67,15771.84,15429.87,15466.09,0.0,NDX,NDX,NASDAQ,USD
20230721,15554.96,15600.54,15410.57,15425.67,0.0,NDX,NDX,NASDAQ,USD
20230724,15475.15,15504.67,15374.66,15448.02,0.0,NDX,NDX,NASDAQ,USD
20230725,15483.06,15622.69,15482.04,15561.42,0.0,NDX,NDX,NASDAQ,USD
20230726,15514.04,15571.16,15411.91,15499.26,0.0,NDX,NDX,NASDAQ,USD
20230727,15734.03,15795.51,15416.05,15464.93,0.0,NDX,NDX,NASDAQ,USD
20230728,15630.17,15788.48,15617.75,15750.93,0.0,NDX,NDX,NASDAQ,USD
20230731,15774.3,15803.55,15702.74,15757.0,0.0,NDX,NDX,NASDAQ,USD
20230801,15696.98,15748.43,15636.57,15718.01,0.0,NDX,NDX,NASDAQ,USD
20230802,15561.15,15561.36,15321.44,15370.74,0.0,NDX,NDX,NASDAQ,USD
20230803,15287.77,15436.59,15270.72,15353.54,0.0,NDX,NDX,NASDAQ,USD
20230804,15420.74,15523.31,15258.69,15274.92,0.0,NDX,NDX,NASDAQ,USD
20230807,15355.62,15410.85,15258.92,15407.85,0.0,NDX,NDX,NASDAQ,USD
20230808,15279.41,15295.8,15148.25,15273.05,0.0,NDX,NDX,NASDAQ,USD
20230809,15286.99,15288.76,15077.91,15101.71,0.0,NDX,NDX,NASDAQ,USD
20230810,15217.29,15366.29,15072.49,15128.84,0.0,NDX,NDX,NASDAQ,USD
20230811,15010.52,15102.53,14973.67,15028.07,0.0,NDX,NDX,NASDAQ,USD
20230814,14988.42,15206.23,14972.01,15205.59,0.0,NDX,NDX,NASDAQ,USD
20230815,15172.08,15192.88,15014.37,15037.65,0.0,NDX,NDX,NASDAQ,USD
20230816,15021.63,15077.05,14874.02,14876.47,0.0,NDX,NDX,NASDAQ,USD
20230817,14943.34,14949.58,14698.29,14715.81,0.0,NDX,NDX,NASDAQ,USD
20230818,14589.71,14744.57,14557.83,14694.84,0.0,NDX,NDX,NASDAQ,USD
20230821,14762.01,14958.87,14739.37,14936.69,0.0,NDX,NDX,NASDAQ,USD
20230822,15035.07,15037.79,14883.98,14908.96,0.0,NDX,NDX,NASDAQ,USD
20230823,14947.58,15188.86,14947.58,15148.06,0.0,NDX,NDX,NASDAQ,USD
20230824,15278.93,15279.24,14814.83,14816.44,0.0,NDX,NDX,NASDAQ,USD
20230825,14858.93,15001.29,14715.36,14941.83,0.0,NDX,NDX,NASDAQ,USD
20230828,15035.48,15086.23,14948.92,15052.46,0.0,NDX,NDX,NASDAQ,USD
20230829,15043.02,15391.56,15034.54,15376.55,0.0,NDX,NDX,NASDAQ,USD
20230830,15386.67,15484.83,15341.94,15462.43,0.0,NDX,NDX,NASDAQ,USD
20230831,15475.43,15575.01,15466.41,15501.07,0.0,NDX,NDX,NASDAQ,USD
20230901,15600.95,15618.85,15429.36,15490.86,0.0,NDX,NDX,NASDAQ,USD
20230905,15460.52,15556.85,15419.96,15508.24,0.0,NDX,NDX,NASDAQ,USD
20230906,15467.32,15487.0,15289.48,15371.44,0.0,NDX,NDX,NASDAQ,USD
20230907,15174.22,15288.2,15138.73,15258.52,0.0,NDX,NDX,NASDAQ,USD
20230908,15265.57,15374.22,15244.06,15280.23,0.0,NDX,NDX,NASDAQ,USD
20230911,15409.77,15482.84,15328.35,15461.87,0.0,NDX,NDX,NASDAQ,USD
20230912,15390.59,15447.85,15278.88,15289.74,0.0,NDX,NDX,NASDAQ,USD
20230913,15293.27,15414.61,15256.6,15348.53,0.0,NDX,NDX,NASDAQ,USD
20230914,15433.01,15512.82,15337.18,15473.89,0.0,NDX,NDX,NASDAQ,USD
20230915,15425.95,15435.45,15173.71,15202.4,0.0,NDX,NDX,NASDAQ,USD
20230918,15161.17,15268.96,15155.46,15225.37,0.0,NDX,NDX,NASDAQ,USD
20230919,15152.53,15219.92,15069.42,15191.23,0.0,NDX,NDX,NASDAQ,USD
20230920,15225.34,15245.19,14967.6,14969.92,0.0,NDX,NDX,NASDAQ,USD
20230921,14813.48,14849.25,14691.69,14694.24,0.0,NDX,NDX,NASDAQ,USD
20230922,14756.62,14855.92,14686.84,14701.1,0.0,NDX,NDX,NASDAQ,USD
20230925,14662.69,14771.12,14615.45,14768.9,0.0,NDX,NDX,NASDAQ,USD
20230926,14668.45,14678.48,14505.68,14545.83,0.0,NDX,NDX,NASDAQ,USD
20230927,14600.14,14657.21,14432.6,14580.16,0.0,NDX,NDX,NASDAQ,USD
20230928,14530.96,14787.58,14510.17,14702.77,0.0,NDX,NDX,NASDAQ,USD
20230929,14853.35,14901.85,14664.78,14715.24,0.0,NDX,NDX,NASDAQ,USD
20231002,14717.9,14892.18,14701.52,14837.57,0.0,NDX,NDX,NASDAQ,USD
20231003,14744.05,14819.87,14504.14,14565.62,0.0,NDX,NDX,NASDAQ,USD
20231004,14613.23,14803.04,14592.55,14776.25,0.0,NDX,NDX,NASDAQ,USD
20231005,14769.55,14784.69,14584.39,14723.22,0.0,NDX,NDX,NASDAQ,USD
20231006,14622.23,15021.38,14575.95,14973.24,0.0,NDX,NDX,NASDAQ,USD
20231009,14871.57,15070.64,14816.32,15047.15,0.0,NDX,NDX,NASDAQ,USD
20231010,15074.04,15241.94,15050.54,15131.52,0.0,NDX,NDX,NASDAQ,USD
20231011,15194.53,15248.22,15119.62,15241.12,0.0,NDX,NDX,NASDAQ,USD
20231012,15264.11,15333.98,15090.69,15184.1,0.0,NDX,NDX,NASDAQ,USD
20231013,15225.73,15232.37,14943.42,14995.12,0.0,NDX,NDX,NASDAQ,USD
20231016,15054.48,15209.5,15047.27,15172.73,0.0,NDX,NDX,NASDAQ,USD
20231017,15009.26,15187.06,14932.77,15122.01,0.0,NDX,NDX,NASDAQ,USD
20231018,15022.28,15103.87,14865.81,14909.26,0.0,NDX,NDX,NASDAQ,USD
20231019,14981.13,15023.91,14749.3,14783.13,0.0,NDX,NDX,NASDAQ,USD
20231020,14752.58,14781.22,14552.12,14560.88,0.0,NDX,NDX,NASDAQ,USD
20231023,14514.11,14746.37,14419.06,14604.85,0.0,NDX,NDX,NASDAQ,USD
20231024,14678.41,14774.16,14610.33,14745.85,0.0,NDX,NDX,NASDAQ,USD
20231025,14642.08,14643.69,14362.24,14381.64,0.0,NDX,NDX,NASDAQ,USD
20231026,14314.01,14372.51,14058.33,14109.57,0.0,NDX,NDX,NASDAQ,USD
20231027,14245.75,14321.04,14130.37,14180.42,0.0,NDX,NDX,NASDAQ,USD
20231030,14283.98,14388.2,14225.86,14335.51,0.0,NDX,NDX,NASDAQ,USD
20231031,14340.86,14420.44,14232.4,14409.78,0.0,NDX,NDX,NASDAQ,USD
20231101,14453.68,14677.86,14441.89,14664.91,0.0,NDX,NDX,NASDAQ,USD
20231102,14856.95,14930.76,14792.81,14919.54,0.0,NDX,NDX,NASDAQ,USD
20231103,14985.12,15149.78,14965.29,15099.49,0.0,NDX,NDX,NASDAQ,USD
20231106,15137.17,15180.19,15064.91,15154.93,0.0,NDX,NDX,NASDAQ,USD
20231107,15201.77,15335.44,15153.31,15296.02,0.0,NDX,NDX,NASDAQ,USD
20231108,15313.9,15343.19,15220.88,15313.24,0.0,NDX,NDX,NASDAQ,USD
20231109,15351.12,15382.11,15171.32,15187.9,0.0,NDX,NDX,NASDAQ,USD
20231110,15252.36,15535.2,15237.17,15529.12,0.0,NDX,NDX,NASDAQ,USD
20231113,15469.21,15524.66,15404.71,15482.79,0.0,NDX,NDX,NASDAQ,USD
20231114,15744.36,15850.34,15726.12,15812.47,0.0,NDX,NDX,NASDAQ,USD
20231115,15881.72,15904.63,15765.3,15817.18,0.0,NDX,NDX,NASDAQ,USD
20231116,15765.2,15842.63,15738.22,15833.17,0.0,NDX,NDX,NASDAQ,USD
20231117,15803.98,15876.87,15766.95,15837.99,0.0,NDX,NDX,NASDAQ,USD
20231120,15845.2,16056.76,15844.83,16027.06,0.0,NDX,NDX,NASDAQ,USD
20231121,15951.55,15968.09,15866.82,15933.62,0.0,NDX,NDX,NASDAQ,USD
20231122,16025.74,16119.31,15964.04,16001.39,0.0,NDX,NDX,NASDAQ,USD
20231124,15974.85,16007.43,15940.62,15982.01,0.0,NDX,NDX,NASDAQ,USD
20231127,15969.72,16045.3,15932.19,15961.98,0.0,NDX,NDX,NASDAQ,USD
20231128,15940.29,16031.51,15921.07,16010.43,0.0,NDX,NDX,NASDAQ,USD
20231129,16111.36,16166.51,15976.69,15987.6,0.0,NDX,NDX,NASDAQ,USD
20231130,15987.66,16013.48,15825.67,15947.87,0.0,NDX,NDX,NASDAQ,USD
20231201,15892.59,16013.75,15834.93,15997.58,0.0,NDX,NDX,NASDAQ,USD
20231204,15837.12,15852.45,15695.58,15839.67,0.0,NDX,NDX,NASDAQ,USD
20231205,15763.65,15931.84,15760.59,15877.71,0.0,NDX,NDX,NASDAQ,USD
20231206,15990.2,15990.94,15776.95,15788.05,0.0,NDX,NDX,NASDAQ,USD
20231207,15888.23,16042.51,15875.48,16022.49,0.0,NDX,NDX,NASDAQ,USD
20231208,15952.85,16100.86,15937.58,16084.69,0.0,NDX,NDX,NASDAQ,USD
20231211,16069.62,16232.25,16061.87,16221.73,0.0,NDX,NDX,NASDAQ,USD
20231212,16209.61,16354.25,16175.46,16354.25,0.0,NDX,NDX,NASDAQ,USD
20231213,16392.18,16581.04,16357.21,16562.37,0.0,NDX,NDX,NASDAQ,USD
20231214,16603.54,16660.71,16419.26,16537.83,0.0,NDX,NDX,NASDAQ,USD
20231215,16587.0,16669.77,16557.01,16623.45,0.0,NDX,NDX,NASDAQ,USD
20231218,16631.11,16764.31,16629.29,16729.8,0.0,NDX,NDX,NASDAQ,USD
20231219,16734.25,16813.01,16733.38,16811.86,0.0,NDX,NDX,NASDAQ,USD
20231220,16763.64,16860.68,16552.06,16554.16,0.0,NDX,NDX,NASDAQ,USD
20231221,16719.61,16768.02,16621.52,16757.41,0.0,NDX,NDX,NASDAQ,USD
20231222,16799.02,16839.25,16703.57,16777.4,0.0,NDX,NDX,NASDAQ,USD
20231226,16816.78,16907.51,16813.56,16878.46,0.0,NDX,NDX,NASDAQ,USD
20231227,16896.14,16922.01,16859.55,16906.8,0.0,NDX,NDX,NASDAQ,USD
20231228,16963.52,16969.17,16891.32,16898.47,0.0,NDX,NDX,NASDAQ,USD
20231229,16902.45,16919.51,16757.88,16825.93,0.0,NDX,NDX,NASDAQ,USD
20240102,16667.3,16686.6,16453.15,16543.94,0.0,NDX,NDX,NASDAQ,USD
20240103,16413.26,16471.08,16352.14,16368.49,0.0,NDX,NDX,NASDAQ,USD
20240104,16290.78,16419.44,16276.43,16282.01,0.0,NDX,NDX,NASDAQ,USD
20240105,16281.74,16415.39,16249.19,16305.98,0.0,NDX,NDX,NASDAQ,USD
20240108,16354.22,16655.23,16349.39,16649.88,0.0,NDX,NDX,NASDAQ,USD
20240109,16531.96,16710.88,16513.73,16678.71,0.0,NDX,NDX,NASDAQ,USD
20240110,16702.55,16827.37,16654.74,16793.04,0.0,NDX,NDX,NASDAQ,USD
20240111,16852.19,16898.16,16618.86,16820.9,0.0,NDX,NDX,NASDAQ,USD
20240112,16855.0,16900.37,16776.92,16832.92,0.0,NDX,NDX,NASDAQ,USD
20240116,16775.1,16895.33,16726.59,16830.71,0.0,NDX,NDX,NASDAQ,USD
20240117,16705.51,16749.11,16561.49,16736.28,0.0,NDX,NDX,NASDAQ,USD
20240118,16894.33,16996.98,16818.13,16982.29,0.0,NDX,NDX,NASDAQ,USD
20240119,17060.14,17317.21,17041.85,17314.0,0.0,NDX,NDX,NASDAQ,USD
20240122,17403.62,17450.3,17309.87,17330.38,0.0,NDX,NDX,NASDAQ,USD
20240123,17346.95,17410.86,17286.02,17404.21,0.0,NDX,NDX,NASDAQ,USD
20240124,17562.32,17665.26,17481.97,17499.3,0.0,NDX,NDX,NASDAQ,USD
20240125,17589.27,17631.34,17430.38,17516.99,0.0,NDX,NDX,NASDAQ,USD
20240126,17432.87,17514.76,17395.54,17421.01,0.0,NDX,NDX,NASDAQ,USD
20240129,17438.03,17603.95,17414.62,17596.27,0.0,NDX,NDX,NASDAQ,USD
20240130,17556.49,17578.46,17443.77,17476.71,0.0,NDX,NDX,NASDAQ,USD
20240131,17269.97,17375.32,17128.74,17137.24,0.0,NDX,NDX,NASDAQ,USD
20240201,17216.99,17356.76,17175.83,17344.71,0.0,NDX,NDX,NASDAQ,USD
20240202,17415.94,17682.29,17378.37,17642.73,0.0,NDX,NDX,NASDAQ,USD
20240205,17634.69,17655.77,17469.62,17613.04,0.0,NDX,NDX,NASDAQ,USD
20240206,17664.44,17680.62,17475.43,17572.73,0.0,NDX,NDX,NASDAQ,USD
20240207,17674.59,17784.17,17637.73,17755.07,0.0,NDX,NDX,NASDAQ,USD
20240208,17757.6,17814.12,17728.55,17783.17,0.0,NDX,NDX,NASDAQ,USD
20240209,17820.98,17987.9,17798.81,17962.4,0.0,NDX,NDX,NASDAQ,USD
20240212,17942.28,18041.45,17859.66,17882.66,0.0,NDX,NDX,NASDAQ,USD
20240213,17519.8,17717.67,17478.23,17600.42,0.0,NDX,NDX,NASDAQ,USD
20240214,17728.9,17815.18,17619.92,17807.63,0.0,NDX,NDX,NASDAQ,USD
20240215,17815.32,17864.59,17722.31,17845.72,0.0,NDX,NDX,NASDAQ,USD
20240216,17853.59,17864.16,17663.4,17685.98,0.0,NDX,NDX,NASDAQ,USD
20240220,17591.17,17657.08,17399.41,17546.1,0.0,NDX,NDX,NASDAQ,USD
20240221,17412.79,17482.13,17319.44,17478.91,0.0,NDX,NDX,NASDAQ,USD
20240222,17857.76,18034.8,17808.26,18004.7,0.0,NDX,NDX,NASDAQ,USD
20240223,18052.59,18091.62,17902.78,17937.61,0.0,NDX,NDX,NASDAQ,USD
20240226,17970.21,18014.11,17926.66,17933.33,0.0,NDX,NDX,NASDAQ,USD
20240227,17962.58,17987.54,17871.06,17971.05,0.0,NDX,NDX,NASDAQ,USD
20240228,17895.03,17931.01,17840.36,17874.5,0.0,NDX,NDX,NASDAQ,USD
20240229,17991.67,18068.52,17866.26,18043.85,0.0,NDX,NDX,NASDAQ,USD
20240301,18069.29,18333.26,18064.44,18302.91,0.0,NDX,NDX,NASDAQ,USD
20240304,18290.1,18313.43,18218.24,18226.48,0.0,NDX,NDX,NASDAQ,USD
20240305,18088.71,18097.5,17804.49,17897.87,0.0,NDX,NDX,NASDAQ,USD
20240306,18083.51,18142.88,17941.64,18017.57,0.0,NDX,NDX,NASDAQ,USD
20240307,18161.73,18337.95,18101.43,18297.99,0.0,NDX,NDX,NASDAQ,USD
20240308,18312.79,18416.73,17995.38,18018.45,0.0,NDX,NDX,NASDAQ,USD
20240311,17959.68,18003.05,17873.33,17951.69,0.0,NDX,NDX,NASDAQ,USD
20240312,18063.02,18228.37,17919.33,18219.12,0.0,NDX,NDX,NASDAQ,USD
20240313,18151.76,18163.74,18030.4,18068.47,0.0,NDX,NDX,NASDAQ,USD
20240314,18114.69,18142.9,17913.63,18014.81,0.0,NDX,NDX,NASDAQ,USD
20240315,17926.92,17930.47,17764.99,17808.25,0.0,NDX,NDX,NASDAQ,USD
20240318,18024.24,18124.32,17973.09,17985.01,0.0,NDX,NDX,NASDAQ,USD
20240319,17902.52,18039.82,17809.15,18032.21,0.0,NDX,NDX,NASDAQ,USD
20240320,18067.7,18249.12,18003.24,18240.11,0.0,NDX,NDX,NASDAQ,USD
20240321,18438.24,18464.7,18317.1,18320.38,0.0,NDX,NDX,NASDAQ,USD
20240322,18293.15,18386.25,18267.49,18339.44,0.0,NDX,NDX,NASDAQ,USD
20240325,18215.54,18337.35,18189.28,18277.06,0.0,NDX,NDX,NASDAQ,USD
20240326,18329.29,18378.7,18207.88,18210.54,0.0,NDX,NDX,NASDAQ,USD
20240327,18338.19,18344.09,18168.2,18280.84,0.0,NDX,NDX,NASDAQ,USD
20240328,18263.41,18308.32,18231.38,18254.69,0.0,NDX,NDX,NASDAQ,USD
20240401,18280.82,18391.58,18211.28,18293.2,0.0,NDX,NDX,NASDAQ,USD
20240402,18076.43,18135.57,18002.27,18121.78,0.0,NDX,NDX,NASDAQ,USD
20240403,18054.45,18238.66,18045.42,18160.19,0.0,NDX,NDX,NASDAQ,USD
20240404,18331.02,18362.29,17875.75,17878.78,0.0,NDX,NDX,NASDAQ,USD
20240405,17940.28,18202.96,17912.86,18108.46,0.0,NDX,NDX,NASDAQ,USD
20240408,18130.44,18178.66,18050.69,18100.19,0.0,NDX,NDX,NASDAQ,USD
20240409,18188.87,18210.02,17973.07,18169.9,0.0,NDX,NDX,NASDAQ,USD
20240410,17957.96,18040.83,17932.41,18011.65,0.0,NDX,NDX,NASDAQ,USD
20240411,18085.11,18337.15,17998.25,18307.98,0.0,NDX,NDX,NASDAQ,USD
20240412,18117.67,18166.49,17952.09,18003.49,0.0,NDX,NDX,NASDAQ,USD
20240415,18143.25,18152.08,17676.35,17706.83,0.0,NDX,NDX,NASDAQ,USD
20240416,17691.45,17817.73,17660.89,17713.66,0.0,NDX,NDX,NASDAQ,USD
20240417,17785.82,17788.54,17459.57,17493.62,0.0,NDX,NDX,NASDAQ,USD
20240418,17514.77,17590.81,17376.49,17394.31,0.0,NDX,NDX,NASDAQ,USD
20240419,17334.71,17362.28,16973.94,17037.65,0.0,NDX,NDX,NASDAQ,USD
20240422,17161.11,17305.15,17010.26,17210.88,0.0,NDX,NDX,NASDAQ,USD
20240423,17297.24,17513.31,17277.26,17471.47,0.0,NDX,NDX,NASDAQ,USD
20240424,17613.66,17653.66,17435.33,17526.8,0.0,NDX,NDX,NASDAQ,USD
20240425,17205.28,17474.46,17172.42,17430.5,0.0,NDX,NDX,NASDAQ,USD
20240426,17566.22,17772.78,17533.08,17718.3,0.0,NDX,NDX,NASDAQ,USD
20240429,17801.14,17820.0,17671.03,17782.71,0.0,NDX,NDX,NASDAQ,USD
20240430,17720.35,17768.87,17440.69,17440.69,0.0,NDX,NDX,NASDAQ,USD
20240501,17382.78,17667.86,17284.37,17318.55,0.0,NDX,NDX,NASDAQ,USD
20240502,17474.92,17575.8,17290.64,17541.54,0.0,NDX,NDX,NASDAQ,USD
20240503,17848.66,17926.98,17784.78,17890.79,0.0,NDX,NDX,NASDAQ,USD
20240506,17950.98,18094.46,17937.28,18093.57,0.0,NDX,NDX,NASDAQ,USD
20240507,18106.33,18156.32,18061.61,18091.45,0.0,NDX,NDX,NASDAQ,USD
20240508,17987.71,18135.34,17987.71,18085.01,0.0,NDX,NDX,NASDAQ,USD
20240509,18095.8,18138.02,18012.62,18113.46,0.0,NDX,NDX,NASDAQ,USD
20240510,18171.14,18247.61,18099.72,18161.18,0.0,NDX,NDX,NASDAQ,USD
20240513,18228.4,18233.49,18147.57,18198.61,0.0,NDX,NDX,NASDAQ,USD
20240514,18187.51,18339.58,18175.3,18322.77,0.0,NDX,NDX,NASDAQ,USD
20240515,18412.81,18607.53,18359.32,18596.65,0.0,NDX,NDX,NASDAQ,USD
20240516,18589.98,18669.5,18553.3,18557.96,0.0,NDX,NDX,NASDAQ,USD
20240517,18571.82,18590.37,18462.25,18546.23,0.0,NDX,NDX,NASDAQ,USD
20240520,18559.22,18703.82,18549.84,18674.19,0.0,NDX,NDX,NASDAQ,USD
20240521,18603.99,18721.18,18589.91,18713.8,0.0,NDX,NDX,NASDAQ,USD
20240522,18733.54,18756.69,18606.16,18705.2,0.0,NDX,NDX,NASDAQ,USD
20240523,18907.14,18907.54,18554.89,18623.39,0.0,NDX,NDX,NASDAQ,USD
20240524,18669.36,18851.99,18664.79,18808.35,0.0,NDX,NDX,NASDAQ,USD
20240528,18855.15,18875.2,18755.94,18869.44,0.0,NDX,NDX,NASDAQ,USD
20240529,18708.07,18814.81,18706.63,18736.75,0.0,NDX,NDX,NASDAQ,USD
20240530,18683.25,18705.26,18487.76,18538.66,0.0,NDX,NDX,NASDAQ,USD
20240531,18550.8,18574.56,18189.78,18536.65,0.0,NDX,NDX,NASDAQ,USD
20240603,18666.72,18707.22,18392.57,18600.97,0.0,NDX,NDX,NASDAQ,USD
20240604,18598.0,18697.95,18521.85,18654.84,0.0,NDX,NDX,NASDAQ,USD
20240605,18791.28,19035.05,18768.25,19035.05,0.0,NDX,NDX,NASDAQ,USD
20240606,19053.01,19071.79,18978.86,19021.19,0.0,NDX,NDX,NASDAQ,USD
20240607,18992.58,19113.88,18958.68,19000.95,0.0,NDX,NDX,NASDAQ,USD
20240610,18945.31,19089.84,18940.71,19074.67,0.0,NDX,NDX,NASDAQ,USD
20240611,19031.4,19212.63,18966.56,19210.19,0.0,NDX,NDX,NASDAQ,USD
20240612,19358.26,19556.89,19347.28,19465.18,0.0,NDX,NDX,NASDAQ,USD
20240613,19609.05,19639.45,19473.71,19576.92,0.0,NDX,NDX,NASDAQ,USD
20240614,19557.22,19664.59,19534.62,19659.8,0.0,NDX,NDX,NASDAQ,USD
20240617,19681.86,19977.84,19623.71,19902.75,0.0,NDX,NDX,NASDAQ,USD
20240618,19904.43,19940.5,19837.86,19908.86,0.0,NDX,NDX,NASDAQ,USD
20240620,19962.97,19979.93,19685.03,19752.3,0.0,NDX,NDX,NASDAQ,USD
20240621,19722.37,19801.97,19643.52,19700.43,0.0,NDX,NDX,NASDAQ,USD
20240624,19648.23,19723.2,19472.53,19474.62,0.0,NDX,NDX,NASDAQ,USD
20240625,19555.84,19712.41,19523.51,19701.13,0.0,NDX,NDX,NASDAQ,USD
20240626,19671.07,19763.55,19654.18,19751.05,0.0,NDX,NDX,NASDAQ,USD
20240627,19740.52,19850.81,19701.34,19789.03,0.0,NDX,NDX,NASDAQ,USD
20240628,19817.0,20017.71,19665.85,19682.87,0.0,NDX,NDX,NASDAQ,USD
20240701,19720.11,19827.75,19577.54,19812.22,0.0,NDX,NDX,NASDAQ,USD
20240702,19746.22,20014.91,19741.81,20011.89,0.0,NDX,NDX,NASDAQ,USD
20240703,19995.28,20186.63,19995.28,20186.63,0.0,NDX,NDX,NASDAQ,USD
20240705,20224.13,20406.99,20201.5,20391.97,0.0,NDX,NDX,NASDAQ,USD
20240708,20393.89,20455.38,20363.37,20439.54,0.0,NDX,NDX,NASDAQ,USD
20240709,20504.17,20543.9,20395.57,20453.02,0.0,NDX,NDX,NASDAQ,USD
20240710,20533.27,20690.97,20479.94,20675.38,0.0,NDX,NDX,NASDAQ,USD
20240711,20661.41,20672.1,20165.0,20211.36,0.0,NDX,NDX,NASDAQ,USD
20240712,20226.23,20526.08,20217.99,20331.49,0.0,NDX,NDX,NASDAQ,USD
20240715,20401.02,20585.17,20304.53,20386.88,0.0,NDX,NDX,NASDAQ,USD
20240716,20441.53,20477.0,20266.51,20398.63,0.0,NDX,NDX,NASDAQ,USD
20240717,20041.31,20080.27,19793.75,19799.14,0.0,NDX,NDX,NASDAQ,USD
20240718,19936.24,19947.98,19575.79,19705.09,0.0,NDX,NDX,NASDAQ,USD
20240719,19687.8,19784.48,19479.38,19522.62,0.0,NDX,NDX,NASDAQ,USD
20240722,19751.02,19861.72,19638.37,19822.87,0.0,NDX,NDX,NASDAQ,USD
20240723,19783.33,19904.6,19736.22,19754.34,0.0,NDX,NDX,NASDAQ,USD
20240724,19475.66,19482.55,19005.47,19032.39,0.0,NDX,NDX,NASDAQ,USD
20240725,19041.15,19227.2,18721.71,18830.58,0.0,NDX,NDX,NASDAQ,USD
20240726,18990.2,19142.68,18899.31,19023.66,0.0,NDX,NDX,NASDAQ,USD
20240729,19122.43,19224.59,18974.51,19059.49,0.0,NDX,NDX,NASDAQ,USD
20240730,19129.56,19165.42,18667.22,18796.27,0.0,NDX,NDX,NASDAQ,USD
20240731,19222.85,19426.62,19162.91,19362.43,0.0,NDX,NDX,NASDAQ,USD
20240801,19375.96,19538.97,18737.09,18890.39,0.0,NDX,NDX,NASDAQ,USD
20240802,18494.24,18628.78,18263.5,18440.85,0.0,NDX,NDX,NASDAQ,USD
20240805,17444.4,18169.49,17435.39,17895.15,0.0,NDX,NDX,NASDAQ,USD
20240806,17961.45,18368.68,17858.82,18077.92,0.0,NDX,NDX,NASDAQ,USD
20240807,18345.45,18445.75,17851.08,17867.37,0.0,NDX,NDX,NASDAQ,USD
20240808,18102.04,18445.41,17965.07,18413.82,0.0,NDX,NDX,NASDAQ,USD
20240809,18373.89,18567.63,18313.78,18513.1,0.0,NDX,NDX,NASDAQ,USD
20240812,18548.23,18665.75,18433.61,18542.03,0.0,NDX,NDX,NASDAQ,USD
20240813,18724.84,19013.01,18723.74,19006.43,0.0,NDX,NDX,NASDAQ,USD
20240814,19043.76,19103.0,18837.1,19022.68,0.0,NDX,NDX,NASDAQ,USD
20240815,19251.86,19502.92,19239.94,19490.15,0.0,NDX,NDX,NASDAQ,USD
20240816,19393.73,19561.24,19376.72,19508.52,0.0,NDX,NDX,NASDAQ,USD
20240819,19521.93,19766.49,19445.1,19766.49,0.0,NDX,NDX,NASDAQ,USD
20240820,19736.35,19835.38,19652.18,19719.82,0.0,NDX,NDX,NASDAQ,USD
20240821,19758.47,19885.34,19690.64,19824.84,0.0,NDX,NDX,NASDAQ,USD
20240822,19911.28,19938.89,19459.86,19491.84,0.0,NDX,NDX,NASDAQ,USD
20240823,19669.78,19818.4,19526.63,19720.87,0.0,NDX,NDX,NASDAQ,USD
20240826,19679.24,19726.9,19437.34,19516.44,0.0,NDX,NDX,NASDAQ,USD
20240827,19450.57,19617.92,19369.53,19581.52,0.0,NDX,NDX,NASDAQ,USD
20240828,19567.45,19587.04,19221.48,19350.78,0.0,NDX,NDX,NASDAQ,USD
20240829,19425.28,19622.73,19281.65,19325.46,0.0,NDX,NDX,NASDAQ,USD
20240830,19506.27,19582.17,19326.62,19574.64,0.0,NDX,NDX,NASDAQ,USD
20240903,19438.11,19438.11,18869.8,18958.73,0.0,NDX,NDX,NASDAQ,USD
20240904,18832.64,19070.82,18808.76,18921.4,0.0,NDX,NDX,NASDAQ,USD
20240905,18864.42,19102.36,18806.83,18930.33,0.0,NDX,NDX,NASDAQ,USD
20240906,18903.03,18930.77,18400.97,18421.31,0.0,NDX,NDX,NASDAQ,USD
20240909,18579.8,18693.86,18469.4,18660.78,0.0,NDX,NDX,NASDAQ,USD
20240910,18722.15,18845.74,18570.67,18829.14,0.0,NDX,NDX,NASDAQ,USD
20240911,18866.0,19266.39,18531.58,19237.3,0.0,NDX,NDX,NASDAQ,USD
20240912,19236.42,19456.41,19166.8,19423.07,0.0,NDX,NDX,NASDAQ,USD
20240913,19396.1,19556.8,19384.69,19514.58,0.0,NDX,NDX,NASDAQ,USD
20240916,19412.79,19446.06,19294.18,19423.06,0.0,NDX,NDX,NASDAQ,USD
20240917,19539.75,19596.34,19337.12,19432.4,0.0,NDX,NDX,NASDAQ,USD
20240918,19478.51,19643.51,19330.81,19344.49,0.0,NDX,NDX,NASDAQ,USD
20240919,19798.71,19951.79,19723.94,19839.83,0.0,NDX,NDX,NASDAQ,USD
20240920,19816.29,19845.7,19632.73,19791.49,0.0,NDX,NDX,NASDAQ,USD
20240923,19848.71,19892.78,19797.82,19852.2,0.0,NDX,NDX,NASDAQ,USD
20240924,19917.56,19984.47,19739.67,19944.84,0.0,NDX,NDX,NASDAQ,USD
20240925,19922.28,20043.43,19921.22,19972.61,0.0,NDX,NDX,NASDAQ,USD
20240926,20273.3,20273.3,19966.99,20115.54,0.0,NDX,NDX,NASDAQ,USD
20240927,20147.28,20152.53,19964.13,20008.63,0.0,NDX,NDX,NASDAQ,USD
20240930,19959.26,20072.43,19852.85,20060.69,0.0,NDX,NDX,NASDAQ,USD
20241001,20046.06,20056.2,19622.29,19773.3,0.0,NDX,NDX,NASDAQ,USD
20241002,19725.95,19876.7,19630.91,19802.58,0.0,NDX,NDX,NASDAQ,USD
20241003,19712.33,19902.7,19688.22,19793.34,0.0,NDX,NDX,NASDAQ,USD
20241004,20025.16,20045.69,19829.49,20035.02,0.0,NDX,NDX,NASDAQ,USD
20241007,19954.66,19990.12,19763.04,19800.74,0.0,NDX,NDX,NASDAQ,USD
20241008,19902.21,20132.67,19881.08,20107.78,0.0,NDX,NDX,NASDAQ,USD
20241009,20097.56,20284.42,20047.86,20268.86,0.0,NDX,NDX,NASDAQ,USD
20241010,20165.25,20314.24,20117.2,20241.76,0.0,NDX,NDX,NASDAQ,USD
20241011,20154.83,20313.2,20142.18,20271.97,0.0,NDX,NDX,NASDAQ,USD
20241014,20366.06,20493.9,20355.06,20439.04,0.0,NDX,NDX,NASDAQ,USD
20241015,20442.77,20484.31,20083.55,20159.83,0.0,NDX,NDX,NASDAQ,USD
20241016,20172.87,20200.59,20036.73,20174.05,0.0,NDX,NDX,NASDAQ,USD
20241017,20375.29,20377.65,20186.43,20190.42,0.0,NDX,NDX,NASDAQ,USD
20241018,20288.48,20360.29,20273.55,20324.04,0.0,NDX,NDX,NASDAQ,USD
20241021,20280.49,20386.68,20193.03,20361.47,0.0,NDX,NDX,NASDAQ,USD
20241022,20256.97,20437.93,20218.85,20383.64,0.0,NDX,NDX,NASDAQ,USD
20241023,20303.55,20312.78,19934.92,20066.96,0.0,NDX,NDX,NASDAQ,USD
20241024,20197.62,20256.38,20116.88,20232.87,0.0,NDX,NDX,NASDAQ,USD
20241025,20354.91,20552.82,20322.25,20352.02,0.0,NDX,NDX,NASDAQ,USD
20241028,20455.01,20470.43,20344.82,20351.07,0.0,NDX,NDX,NASDAQ,USD
20241029,20369.08,20600.1,20294.58,20550.65,0.0,NDX,NDX,NASDAQ,USD
20241030,20510.92,20559.52,20378.75,20387.7,0.0,NDX,NDX,NASDAQ,USD
20241031,20227.19,20227.19,19880.26,19890.42,0.0,NDX,NDX,NASDAQ,USD
20241101,19955.83,20162.54,19950.99,20033.14,0.0,NDX,NDX,NASDAQ,USD
20241104,20011.55,20106.99,19898.57,19963.6,0.0,NDX,NDX,NASDAQ,USD
20241105,20042.93,20249.21,20042.93,20227.46,0.0,NDX,NDX,NASDAQ,USD
20241106,20571.29,20807.03,20526.64,20781.33,0.0,NDX,NDX,NASDAQ,USD
20241107,20896.41,21132.8,20896.41,21101.57,0.0,NDX,NDX,NASDAQ,USD
20241108,21083.58,21155.0,21050.32,21117.18,0.0,NDX,NDX,NASDAQ,USD
20241111,21171.24,21182.03,20993.48,21106.59,0.0,NDX,NDX,NASDAQ,USD
20241112,21105.49,21144.67,20946.74,21070.79,0.0,NDX,NDX,NASDAQ,USD
20241113,21049.66,21154.94,20955.24,21036.16,0.0,NDX,NDX,NASDAQ,USD
20241114,21052.07,21067.66,20864.02,20896.67,0.0,NDX,NDX,NASDAQ,USD
20241115,20679.98,20684.56,20315.08,20394.13,0.0,NDX,NDX,NASDAQ,USD
20241118,20450.21,20622.28,20401.26,20539.19,0.0,NDX,NDX,NASDAQ,USD
20241119,20435.68,20696.47,20423.3,20684.59,0.0,NDX,NDX,NASDAQ,USD
20241120,20660.84,20676.57,20402.54,20667.1,0.0,NDX,NDX,NASDAQ,USD
20241121,20775.27,20814.93,20436.8,20740.78,0.0,NDX,NDX,NASDAQ,USD
20241122,20737.49,20797.24,20655.72,20776.23,0.0,NDX,NDX,NASDAQ,USD
20241125,20918.76,20998.48,20712.38,20804.89,0.0,NDX,NDX,NASDAQ,USD
20241126,20871.55,20944.9,20832.4,20922.9,0.0,NDX,NDX,NASDAQ,USD
20241127,20852.43,20853.08,20615.42,20744.49,0.0,NDX,NDX,NASDAQ,USD
20241129,20771.02,20956.31,20751.96,20930.37,0.0,NDX,NDX,NASDAQ,USD
20241202,20971.76,21201.03,20971.76,21164.6,0.0,NDX,NDX,NASDAQ,USD
20241203,21106.51,21235.79,21081.8,21229.32,0.0,NDX,NDX,NASDAQ,USD
20241204,21361.81,21498.44,21340.84,21492.36,0.0,NDX,NDX,NASDAQ,USD
20241205,21488.52,21517.49,21411.53,21425.22,0.0,NDX,NDX,NASDAQ,USD
20241206,21458.58,21626.31,21449.62,21622.25,0.0,NDX,NDX,NASDAQ,USD
20241209,21573.76,21609.99,21400.77,21440.82,0.0,NDX,NDX,NASDAQ,USD
20241210,21492.51,21567.02,21313.27,21368.18,0.0,NDX,NDX,NASDAQ,USD
20241211,21540.38,21784.71,21533.89,21763.98,0.0,NDX,NDX,NASDAQ,USD
20241212,21652.85,21715.83,21596.66,21615.27,0.0,NDX,NDX,NASDAQ,USD
20241213,21789.65,21886.74,21646.09,21780.25,0.0,NDX,NDX,NASDAQ,USD
20241216,21891.36,22133.22,21879.74,22096.66,0.0,NDX,NDX,NASDAQ,USD
20241217,22003.64,22062.0,21921.21,22001.08,0.0,NDX,NDX,NASDAQ,USD
20241218,21979.53,22038.08,21146.83,21209.31,0.0,NDX,NDX,NASDAQ,USD
20241219,21358.79,21413.74,21093.46,21110.51,0.0,NDX,NDX,NASDAQ,USD
20241220,20939.64,21540.32,20913.72,21289.15,0.0,NDX,NDX,NASDAQ,USD
20241223,21364.26,21510.09,21224.27,21503.17,0.0,NDX,NDX,NASDAQ,USD
20241224,21564.37,21797.65,21558.97,21797.65,0.0,NDX,NDX,NASDAQ,USD
20241226,21733.98,21837.7,21645.62,21768.31,0.0,NDX,NDX,NASDAQ,USD
20241227,21633.1,21642.26,21292.19,21473.02,0.0,NDX,NDX,NASDAQ,USD
20241230,21189.1,21346.06,21046.63,21197.09,0.0,NDX,NDX,NASDAQ,USD
20241231,21256.02,21276.14,20979.52,21012.17,0.0,NDX,NDX,NASDAQ,USD
20250102,21120.05,21236.59,20800.5,20975.62,0.0,NDX,NDX,NASDAQ,USD
20250103,21096.79,21359.63,21075.89,21326.16,0.0,NDX,NDX,NASDAQ,USD
20250106,21551.18,21703.49,21462.52,21559.5,0.0,NDX,NDX,NASDAQ,USD
20250107,21619.89,21621.25,21101.09,21173.04,0.0,NDX,NDX,NASDAQ,USD
20250108,21156.76,21242.61,20992.08,21180.96,0.0,NDX,NDX,NASDAQ,USD
20250110,21012.29,21015.51,20718.78,20847.58,0.0,NDX,NDX,NASDAQ,USD
20250113,20593.65,20797.1,20538.33,20784.72,0.0,NDX,NDX,NASDAQ,USD
20250114,20896.36,20969.52,20622.72,20757.41,0.0,NDX,NDX,NASDAQ,USD
20250115,21067.8,21286.01,21024.27,21237.85,0.0,NDX,NDX,NASDAQ,USD
20250116,21324.97,21330.59,21087.85,21091.25,0.0,NDX,NDX,NASDAQ,USD
20250117,21461.9,21515.76,21334.63,21441.15,0.0,NDX,NDX,NASDAQ,USD
20250121,21557.82,21620.23,21379.06,21566.51,0.0,NDX,NDX,NASDAQ,USD
20250122,21756.23,21943.04,21756.23,21853.0,0.0,NDX,NDX,NASDAQ,USD
20250123,21737.24,21900.93,21722.04,21900.93,0.0,NDX,NDX,NASDAQ,USD
20250124,21915.48,21945.48,21709.06,21774.01,0.0,NDX,NDX,NASDAQ,USD
20250127,21000.17,21292.54,20974.9,21127.28,0.0,NDX,NDX,NASDAQ,USD
20250128,21186.08,21500.73,21043.13,21463.04,0.0,NDX,NDX,NASDAQ,USD
20250129,21473.01,21477.88,21251.8,21411.46,0.0,NDX,NDX,NASDAQ,USD
20250130,21519.81,21623.45,21308.69,21508.12,0.0,NDX,NDX,NASDAQ,USD
20250131,21661.56,21846.01,21425.79,21478.05,0.0,NDX,NDX,NASDAQ,USD
20250203,21084.64,21406.58,21004.35,21297.58,0.0,NDX,NDX,NASDAQ,USD
20250204,21319.58,21582.4,21308.24,21566.92,0.0,NDX,NDX,NASDAQ,USD
20250205,21453.87,21662.98,21408.64,21658.16,0.0,NDX,NDX,NASDAQ,USD
20250206,21674.17,21776.08,21618.25,21774.06,0.0,NDX,NDX,NASDAQ,USD
20250207,21776.28,21869.32,21465.46,21491.31,0.0,NDX,NDX,NASDAQ,USD
20250210,21670.06,21793.13,21645.17,21756.73,0.0,NDX,NDX,NASDAQ,USD
20250211,21629.11,21776.25,21625.51,21693.52,0.0,NDX,NDX,NASDAQ,USD
20250212,21475.41,21745.66,21454.19,21719.26,0.0,NDX,NDX,NASDAQ,USD
20250213,21786.16,22038.15,21758.04,22030.71,0.0,NDX,NDX,NASDAQ,USD
20250214,22038.61,22139.43,22010.35,22114.69,0.0,NDX,NDX,NASDAQ,USD
20250218,22176.01,22191.37,22029.58,22164.61,0.0,NDX,NDX,NASDAQ,USD
20250219,22121.73,22222.61,22045.75,22175.6,0.0,NDX,NDX,NASDAQ,USD
20250220,22132.71,22148.44,21878.75,22068.06,0.0,NDX,NDX,NASDAQ,USD
20250221,22110.54,22115.21,21597.16,21614.08,0.0,NDX,NDX,NASDAQ,USD
20250224,21669.36,21727.58,21341.96,21352.08,0.0,NDX,NDX,NASDAQ,USD
20250225,21318.77,21326.81,20930.58,21087.25,0.0,NDX,NDX,NASDAQ,USD
20250226,21170.51,21350.52,21012.62,21132.92,0.0,NDX,NDX,NASDAQ,USD
20250227,21281.36,21323.91,20540.68,20550.95,0.0,NDX,NDX,NASDAQ,USD
20250228,20518.65,20900.77,20407.45,20884.41,0.0,NDX,NDX,NASDAQ,USD
20250303,20989.58,21073.8,20279.5,20425.58,0.0,NDX,NDX,NASDAQ,USD
20250304,20281.88,20688.46,20034.68,20352.53,0.0,NDX,NDX,NASDAQ,USD
20250305,20363.22,20688.72,20182.57,20628.46,0.0,NDX,NDX,NASDAQ,USD
20250306,20231.74,20473.4,19968.56,20052.63,0.0,NDX,NDX,NASDAQ,USD
20250307,20015.62,20253.22,19736.81,20201.37,0.0,NDX,NDX,NASDAQ,USD
20250310,19826.96,19867.08,19243.31,19430.95,0.0,NDX,NDX,NASDAQ,USD
20250311,19405.52,19659.43,19180.56,19376.96,0.0,NDX,NDX,NASDAQ,USD
20250312,19663.39,19756.09,19375.25,19596.02,0.0,NDX,NDX,NASDAQ,USD
20250313,19534.37,19558.56,19152.57,19225.48,0.0,NDX,NDX,NASDAQ,USD
20250314,19458.89,19729.21,19436.04,19704.63,0.0,NDX,NDX,NASDAQ,USD
20250317,19670.69,19943.81,19622.47,19812.24,0.0,NDX,NDX,NASDAQ,USD
20250318,19657.1,19676.05,19397.08,19483.36,0.0,NDX,NDX,NASDAQ,USD
20250319,19576.32,19921.62,19497.79,19736.66,0.0,NDX,NDX,NASDAQ,USD
20250320,19558.28,19888.85,19549.31,19677.61,0.0,NDX,NDX,NASDAQ,USD
20250321,19466.44,19767.98,19409.18,19753.96,0.0,NDX,NDX,NASDAQ,USD
20250324,20041.21,20208.84,20024.97,20180.45,0.0,NDX,NDX,NASDAQ,USD
20250325,20196.5,20292.19,20164.07,20287.83,0.0,NDX,NDX,NASDAQ,USD
20250326,20239.04,20270.19,19848.49,19916.99,0.0,NDX,NDX,NASDAQ,USD
20250327,19814.61,20003.36,19740.22,19798.62,0.0,NDX,NDX,NASDAQ,USD
20250328,19718.46,19752.45,19241.54,19281.4,0.0,NDX,NDX,NASDAQ,USD
20250331,18998.54,19316.06,18799.2,19278.45,0.0,NDX,NDX,NASDAQ,USD
20250401,19192.77,19468.62,19095.17,19436.42,0.0,NDX,NDX,NASDAQ,USD
20250402,19182.39,19707.34,19157.2,19581.78,0.0,NDX,NDX,NASDAQ,USD
20250403,18774.15,18902.07,18502.97,18521.47,0.0,NDX,NDX,NASDAQ,USD
20250404,18022.16,18089.25,17387.83,17397.7,0.0,NDX,NDX,NASDAQ,USD
20250407,16771.77,18191.5,16542.2,17430.68,0.0,NDX,NDX,NASDAQ,USD
20250408,18034.46,18207.01,16850.18,17090.4,0.0,NDX,NDX,NASDAQ,USD
20250409,17116.53,19234.02,17082.35,19145.06,0.0,NDX,NDX,NASDAQ,USD
20250410,18626.11,18710.58,17794.5,18343.57,0.0,NDX,NDX,NASDAQ,USD
20250411,18309.29,18728.95,18153.32,18690.05,0.0,NDX,NDX,NASDAQ,USD
20250414,19095.49,19115.15,18614.76,18796.02,0.0,NDX,NDX,NASDAQ,USD
20250415,18831.98,19004.17,18754.87,18830.23,0.0,NDX,NDX,NASDAQ,USD
20250416,18475.76,18597.32,17995.96,18257.64,0.0,NDX,NDX,NASDAQ,USD
20250417,18369.9,18401.05,18144.46,18258.09,0.0,NDX,NDX,NASDAQ,USD
20250421,18023.01,18043.08,17592.92,17808.3,0.0,NDX,NDX,NASDAQ,USD
20250422,18033.9,18396.39,17993.24,18276.41,0.0,NDX,NDX,NASDAQ,USD
20250423,18870.63,19043.01,18618.89,18693.26,0.0,NDX,NDX,NASDAQ,USD
20250424,18756.53,19224.8,18744.47,19214.4,0.0,NDX,NDX,NASDAQ,USD
20250425,19209.72,19447.56,19133.23,19432.56,0.0,NDX,NDX,NASDAQ,USD
20250428,19432.72,19519.33,19162.46,19427.29,0.0,NDX,NDX,NASDAQ,USD
20250429,19315.96,19582.77,19304.83,19544.95,0.0,NDX,NDX,NASDAQ,USD
20250430,19168.09,19612.76,19011.98,19571.02,0.0,NDX,NDX,NASDAQ,USD
20250501,19866.83,20024.48,19763.14,19786.71,0.0,NDX,NDX,NASDAQ,USD
20250502,19986.61,20176.6,19936.67,20102.61,0.0,NDX,NDX,NASDAQ,USD
20250505,19928.82,20100.61,19899.28,19967.94,0.0,NDX,NDX,NASDAQ,USD
20250506,19709.64,19927.23,19659.32,19791.35,0.0,NDX,NDX,NASDAQ,USD
20250507,19804.5,19960.86,19605.07,19867.97,0.0,NDX,NDX,NASDAQ,USD
20250508,20067.43,20249.76,19907.67,20063.56,0.0,NDX,NDX,NASDAQ,USD
20250509,20170.37,20203.58,19984.53,20061.45,0.0,NDX,NDX,NASDAQ,USD
20250512,20818.78,20870.12,20613.27,20868.15,0.0,NDX,NDX,NASDAQ,USD
20250513,20906.92,21259.39,20891.18,21197.7,0.0,NDX,NDX,NASDAQ,USD
20250514,21254.47,21336.48,21199.85,21319.21,0.0,NDX,NDX,NASDAQ,USD
20250515,21206.73,21443.88,21168.17,21335.82,0.0,NDX,NDX,NASDAQ,USD
20250516,21375.63,21428.79,21246.42,21427.94,0.0,NDX,NDX,NASDAQ,USD
20250519,21138.13,21464.56,21138.13,21447.05,0.0,NDX,NDX,NASDAQ,USD
20250520,21347.63,21399.99,21226.66,21367.37,0.0,NDX,NDX,NASDAQ,USD
20250521,21217.3,21482.98,21002.1,21080.36,0.0,NDX,NDX,NASDAQ,USD
20250522,21097.46,21263.18,21046.22,21112.47,0.0,NDX,NDX,NASDAQ,USD
20250523,20806.37,21025.58,20777.97,20915.65,0.0,NDX,NDX,NASDAQ,USD
20250527,21201.45,21429.32,21145.13,21414.99,0.0,NDX,NDX,NASDAQ,USD
20250528,21451.69,21508.08,21296.51,21318.17,0.0,NDX,NDX,NASDAQ,USD
20250529,21611.54,21611.54,21260.73,21363.95,0.0,NDX,NDX,NASDAQ,USD
20250530,21330.85,21386.29,21032.56,21340.99,0.0,NDX,NDX,NASDAQ,USD
20250602,21270.57,21500.36,21199.37,21491.75,0.0,NDX,NDX,NASDAQ,USD
20250603,21529.98,21715.96,21474.51,21662.58,0.0,NDX,NDX,NASDAQ,USD
20250604,21689.02,21761.37,21607.33,21721.92,0.0,NDX,NDX,NASDAQ,USD
20250605,21782.34,21891.89,21472.76,21547.43,0.0,NDX,NDX,NASDAQ,USD
20250606,21777.5,21836.57,21696.69,21761.79,0.0,NDX,NDX,NASDAQ,USD
20250609,21779.18,21855.15,21729.3,21797.87,0.0,NDX,NDX,NASDAQ,USD
20250610,21819.78,21961.42,21727.34,21941.92,0.0,NDX,NDX,NASDAQ,USD
20250611,21994.16,22041.83,21775.27,21860.8,0.0,NDX,NDX,NASDAQ,USD
20250612,21826.79,21952.0,21807.0,21913.32,0.0,NDX,NDX,NASDAQ,USD
20250613,21675.94,21838.47,21591.11,21631.04,0.0,NDX,NDX,NASDAQ,USD
20250616,21783.08,21979.77,21783.08,21937.57,0.0,NDX,NDX,NASDAQ,USD
20250617,21858.89,21896.42,21680.17,21719.08,0.0,NDX,NDX,NASDAQ,USD
20250618,21745.5,21863.0,21660.52,21719.69,0.0,NDX,NDX,NASDAQ,USD
20250620,21834.49,21902.99,21552.81,21626.39,0.0,NDX,NDX,NASDAQ,USD
20250623,21632.78,21871.87,21532.32,21856.33,0.0,NDX,NDX,NASDAQ,USD
20250624,22053.33,22220.64,22045.63,22190.52,0.0,NDX,NDX,NASDAQ,USD
20250625,22279.69,22329.23,22175.08,22237.74,0.0,NDX,NDX,NASDAQ,USD
20250626,22328.24,22466.99,22255.27,22447.29,0.0,NDX,NDX,NASDAQ,USD
20250627,22484.87,22603.22,22382.79,22534.2,0.0,NDX,NDX,NASDAQ,USD
20250630,22632.92,22721.5,22565.11,22679.01,0.0,NDX,NDX,NASDAQ,USD
20250701,22594.48,22631.26,22388.09,22478.13,0.0,NDX,NDX,NASDAQ,USD
20250702,22451.81,22644.72,22448.07,22641.89,0.0,NDX,NDX,NASDAQ,USD
20250703,22751.64,22896.01,22736.08,22866.97,0.0,NDX,NDX,NASDAQ,USD
20250707,22754.38,22776.21,22587.47,22685.57,0.0,NDX,NDX,NASDAQ,USD
20250708,22735.26,22761.8,22652.44,22702.25,0.0,NDX,NDX,NASDAQ,USD
20250709,22800.36,22915.33,22733.65,22864.91,0.0,NDX,NDX,NASDAQ,USD
20250710,22890.43,22907.04,22716.41,22829.26,0.0,NDX,NDX,NASDAQ,USD
20250711,22757.99,22837.38,22692.8,22780.6,0.0,NDX,NDX,NASDAQ,USD
20250714,22780.19,22886.94,22675.28,22855.63,0.0,NDX,NDX,NASDAQ,USD
20250715,23036.86,23051.87,22879.47,22884.59,0.0,NDX,NDX,NASDAQ,USD
20250716,22895.3,22928.55,22669.37,22907.97,0.0,NDX,NDX,NASDAQ,USD
20250717,22931.02,23104.72,22905.51,23081.05,0.0,NDX,NDX,NASDAQ,USD
20250718,23135.09,23153.21,23018.36,23065.47,0.0,NDX,NDX,NASDAQ,USD
20250721,23124.97,23264.45,23122.93,23180.06,0.0,NDX,NDX,NASDAQ,USD
20250722,23182.02,23186.36,22953.85,23063.58,0.0,NDX,NDX,NASDAQ,USD
20250723,23100.25,23168.49,23000.46,23162.41,0.0,NDX,NDX,NASDAQ,USD
20250724,23228.79,23268.49,23150.27,23219.87,0.0,NDX,NDX,NASDAQ,USD
20250725,23204.66,23326.3,23193.99,23272.25,0.0,NDX,NDX,NASDAQ,USD
20250728,23343.13,23386.76,23299.81,23356.27,0.0,NDX,NDX,NASDAQ,USD
20250729,23477.84,23510.92,23283.4,23308.3,0.0,NDX,NDX,NASDAQ,USD
20250730,23337.33,23447.15,23226.92,23345.41,0.0,NDX,NDX,NASDAQ,USD
20250731,23589.37,23589.37,23176.12,23218.12,0.0,NDX,NDX,NASDAQ,USD
20250801,22941.06,22972.47,22673.88,22763.31,0.0,NDX,NDX,NASDAQ,USD
20250804,22986.77,23191.05,22973.6,23188.61,0.0,NDX,NDX,NASDAQ,USD
20250805,23235.31,23286.05,23008.14,23018.56,0.0,NDX,NDX,NASDAQ,USD
20250806,23070.95,23330.49,23042.27,23315.04,0.0,NDX,NDX,NASDAQ,USD
20250807,23483.42,23560.73,23225.72,23389.53,0.0,NDX,NDX,NASDAQ,USD
20250808,23458.14,23619.24,23437.61,23611.27,0.0,NDX,NDX,NASDAQ,USD
20250811,23629.01,23698.0,23484.25,23526.63,0.0,NDX,NDX,NASDAQ,USD
20250812,23651.61,23849.5,23524.28,23839.2,0.0,NDX,NDX,NASDAQ,USD
20250813,23935.06,23969.28,23789.12,23849.04,0.0,NDX,NDX,NASDAQ,USD
20250814,23775.01,23908.26,23748.99,23832.44,0.0,NDX,NDX,NASDAQ,USD
20250815,23809.0,23813.99,23651.21,23712.07,0.0,NDX,NDX,NASDAQ,USD
20250818,23692.13,23733.5,23637.41,23713.76,0.0,NDX,NDX,NASDAQ,USD
20250819,23689.01,23695.65,23346.34,23384.77,0.0,NDX,NDX,NASDAQ,USD
20250820,23343.41,23343.41,22959.7,23249.57,0.0,NDX,NDX,NASDAQ,USD
20250821,23182.76,23264.27,23046.39,23142.58,0.0,NDX,NDX,NASDAQ,USD
20250822,23184.99,23575.36,23140.04,23498.12,0.0,NDX,NDX,NASDAQ,USD
20250825,23454.28,23546.45,23382.19,23425.61,0.0,NDX,NDX,NASDAQ,USD
20250826,23420.85,23532.51,23369.04,23525.29,0.0,NDX,NDX,NASDAQ,USD
20250827,23499.67,23591.06,23434.31,23565.85,0.0,NDX,NDX,NASDAQ,USD
20250828,23601.35,23741.23,23514.7,23703.45,0.0,NDX,NDX,NASDAQ,USD
20250829,23607.54,23607.54,23353.96,23415.42,0.0,NDX,NDX,NASDAQ,USD
20250902,23020.47,23242.28,22977.89,23231.11,0.0,NDX,NDX,NASDAQ,USD
20250903,23388.28,23478.01,23279.12,23414.84,0.0,NDX,NDX,NASDAQ,USD
20250904,23442.19,23639.04,23371.33,23633.01,0.0,NDX,NDX,NASDAQ,USD
20250905,23841.98,23860.25,23475.33,23652.44,0.0,NDX,NDX,NASDAQ,USD
20250908,23759.62,23851.81,23725.04,23762.3,0.0,NDX,NDX,NASDAQ,USD
20250909,23824.33,23852.42,23698.0,23839.8,0.0,NDX,NDX,NASDAQ,USD
20250910,23931.32,23958.54,23760.1,23849.27,0.0,NDX,NDX,NASDAQ,USD
20250911,23956.57,24016.53,23883.01,23992.56,0.0,NDX,NDX,NASDAQ,USD
20250912,24030.77,24137.06,23983.63,24092.19,0.0,NDX,NDX,NASDAQ,USD
20250915,24178.6,24297.34,24173.14,24293.78,0.0,NDX,NDX,NASDAQ,USD
20250916,24342.75,24343.35,24244.21,24274.25,0.0,NDX,NDX,NASDAQ,USD
20250917,24286.43,24292.06,23999.75,24223.69,0.0,NDX,NDX,NASDAQ,USD
20250918,24421.21,24554.52,24347.54,24454.89,0.0,NDX,NDX,NASDAQ,USD
20250919,24528.44,24641.93,24469.28,24626.25,0.0,NDX,NDX,NASDAQ,USD
20250922,24588.18,24781.73,24578.09,24761.07,0.0,NDX,NDX,NASDAQ,USD
20250923,24752.74,24764.3,24536.5,24580.17,0.0,NDX,NDX,NASDAQ,USD
20250924,24648.97,24650.42,24388.59,24503.57,0.0,NDX,NDX,NASDAQ,USD
20250925,24321.73,24460.66,24186.37,24397.31,0.0,NDX,NDX,NASDAQ,USD
20250926,24410.95,24510.37,24297.7,24503.85,0.0,NDX,NDX,NASDAQ,USD
20250929,24629.02,24741.77,24560.22,24611.35,0.0,NDX,NDX,NASDAQ,USD
20250930,24597.4,24691.23,24505.14,24679.99,0.0,NDX,NDX,NASDAQ,USD
20251001,24539.25,24816.67,24517.76,24800.86,0.0,NDX,NDX,NASDAQ,USD
20251002,24933.49,24944.75,24780.11,24892.76,0.0,NDX,NDX,NASDAQ,USD
20251003,24931.42,24958.26,24713.58,24785.52,0.0,NDX,NDX,NASDAQ,USD
20251006,24986.26,25044.26,24907.6,24978.56,0.0,NDX,NDX,NASDAQ,USD
20251007,25031.78,25062.96,24783.95,24840.23,0.0,NDX,NDX,NASDAQ,USD
20251008,24887.32,25142.19,24882.35,25136.62,0.0,NDX,NDX,NASDAQ,USD
20251009,25124.79,25139.35,24966.81,25098.18,0.0,NDX,NDX,NASDAQ,USD
20251010,25116.83,25195.28,24207.15,24221.75,0.0,NDX,NDX,NASDAQ,USD
20251013,24625.74,24779.65,24540.42,24750.25,0.0,NDX,NDX,NASDAQ,USD
20251014,24442.93,24766.37,24256.28,24579.32,0.0,NDX,NDX,NASDAQ,USD
20251015,24807.34,24933.23,24496.08,24745.36,0.0,NDX,NDX,NASDAQ,USD
20251016,24882.22,24998.3,24481.17,24657.24,0.0,NDX,NDX,NASDAQ,USD
20251017,24600.55,24881.47,24511.59,24817.95,0.0,NDX,NDX,NASDAQ,USD
20251020,24991.1,25183.81,24988.67,25141.02,0.0,NDX,NDX,NASDAQ,USD
20251021,25139.8,25178.24,25043.06,25127.13,0.0,NDX,NDX,NASDAQ,USD
20251022,25093.64,25127.06,24652.1,24879.01,0.0,NDX,NDX,NASDAQ,USD
20251023,24869.6,25126.78,24856.34,25097.42,0.0,NDX,NDX,NASDAQ,USD
20251024,25307.75,25418.64,25288.71,25358.16,0.0,NDX,NDX,NASDAQ,USD
20251027,25701.95,25839.03,25656.38,25821.54,0.0,NDX,NDX,NASDAQ,USD
20251028,25932.64,26087.48,25864.49,26012.16,0.0,NDX,NDX,NASDAQ,USD
20251029,26147.72,26182.1,25907.45,26119.85,0.0,NDX,NDX,NASDAQ,USD
20251030,25953.78,26031.68,25732.39,25734.81,0.0,NDX,NDX,NASDAQ,USD
20251031,26055.97,26063.49,25761.28,25858.13,0.0,NDX,NDX,NASDAQ,USD
20251103,26114.11,26132.87,25887.88,25972.94,0.0,NDX,NDX,NASDAQ,USD
20251104,25580.34,25762.23,25415.62,25435.7,0.0,NDX,NDX,NASDAQ,USD
20251105,25433.23,25750.89,25364.9,25620.03,0.0,NDX,NDX,NASDAQ,USD
20251106,25568.24,25568.24,25083.24,25130.04,0.0,NDX,NDX,NASDAQ,USD
20251107,24977.73,25065.14,24603.78,25059.81,0.0,NDX,NDX,NASDAQ,USD
20251110,25418.17,25655.51,25354.44,25611.74,0.0,NDX,NDX,NASDAQ,USD
20251111,25500.93,25588.26,25380.86,25533.49,0.0,NDX,NDX,NASDAQ,USD
20251112,25662.19,25663.17,25389.73,25517.33,0.0,NDX,NDX,NASDAQ,USD
20251113,25386.95,25396.01,24908.6,24993.46,0.0,NDX,NDX,NASDAQ,USD
20251114,24658.55,25198.93,24534.9,25008.24,0.0,NDX,NDX,NASDAQ,USD
20251117,24890.1,25166.15,24649.36,24799.92,0.0,NDX,NDX,NASDAQ,USD
20251118,24651.78,24735.12,24299.3,24503.1,0.0,NDX,NDX,NASDAQ,USD
20251119,24517.27,24904.66,24432.19,24640.52,0.0,NDX,NDX,NASDAQ,USD
20251120,25131.49,25222.95,24021.44,24054.38,0.0,NDX,NDX,NASDAQ,USD
20251121,24137.66,24521.84,23854.03,24239.57,0.0,NDX,NDX,NASDAQ,USD
20251124,24462.87,24923.59,24455.65,24873.85,0.0,NDX,NDX,NASDAQ,USD
20251125,24790.07,25069.54,24542.72,25018.36,0.0,NDX,NDX,NASDAQ,USD
20251126,25168.31,25309.15,25077.86,25236.94,0.0,NDX,NDX,NASDAQ,USD
20251128,25310.28,25435.77,25280.96,25434.89,0.0,NDX,NDX,NASDAQ,USD
20251201,25232.75,25443.21,25158.63,25342.85,0.0,NDX,NDX,NASDAQ,USD
20251202,25449.87,25622.58,25369.35,25555.86,0.0,NDX,NDX,NASDAQ,USD
20251203,25443.7,25639.99,25388.44,25606.54,0.0,NDX,NDX,NASDAQ,USD
20251204,25658.14,25658.27,25450.38,25581.7,0.0,NDX,NDX,NASDAQ,USD
20251205,25657.78,25827.08,25617.35,25692.05,0.0,NDX,NDX,NASDAQ,USD
20251208,25758.82,25828.16,25531.75,25627.95,0.0,NDX,NDX,NASDAQ,USD
20251209,25593.67,25698.26,25532.34,25668.69,0.0,NDX,NDX,NASDAQ,USD
20251210,25631.59,25835.03,25504.3,25776.44,0.0,NDX,NDX,NASDAQ,USD
20251211,25598.39,25696.29,25372.18,25686.69,0.0,NDX,NDX,NASDAQ,USD
20251212,25531.55,25605.88,25104.68,25196.73,0.0,NDX,NDX,NASDAQ,USD
20251215,25352.87,25377.62,25022.81,25067.27,0.0,NDX,NDX,NASDAQ,USD
20251216,24991.49,25188.76,24922.94,25132.94,0.0,NDX,NDX,NASDAQ,USD
20251217,25167.86,25193.41,24647.61,24647.61,0.0,NDX,NDX,NASDAQ,USD
20251218,25031.49,25164.18,24921.45,25019.37,0.0,NDX,NDX,NASDAQ,USD
20251219,25147.3,25354.82,25134.26,25346.18,0.0,NDX,NDX,NASDAQ,USD
20251222,25527.68,25554.03,25401.59,25461.7,0.0,NDX,NDX,NASDAQ,USD
20251223,25441.42,25590.03,25403.26,25587.83,0.0,NDX,NDX,NASDAQ,USD
20251224,25582.34,25665.28,25556.85,25656.15,0.0,NDX,NDX,NASDAQ,USD
20251226,25692.68,25716.71,25620.32,25644.39,0.0,NDX,NDX,NASDAQ,USD
20251229,25462.25,25598.14,25440.97,25525.56,0.0,NDX,NDX,NASDAQ,USD
20251230,25509.88,25577.58,25456.92,25462.56,0.0,NDX,NDX,NASDAQ,USD
20251231,25464.71,25483.77,25244.86,25249.85,0.0,NDX,NDX,NASDAQ,USD
20260102,25524.27,25597.65,25086.36,25206.17,0.0,NDX,NDX,NASDAQ,USD
20260105,25471.79,25520.51,25354.66,25401.32,0.0,NDX,NDX,NASDAQ,USD
20260106,25462.06,25655.12,25428.08,25639.71,0.0,NDX,NDX,NASDAQ,USD
20260107,25617.8,25813.17,25592.4,25653.9,0.0,NDX,NDX,NASDAQ,USD
20260108,25615.35,25622.32,25400.17,25507.1,0.0,NDX,NDX,NASDAQ,USD
20260109,25518.82,25811.45,25455.97,25766.26,0.0,NDX,NDX,NASDAQ,USD
20260112,25616.81,25850.85,25602.57,25787.66,0.0,NDX,NDX,NASDAQ,USD
20260113,25779.28,25873.18,25642.1,25741.95,0.0,NDX,NDX,NASDAQ,USD
20260114,25575.57,25624.19,25266.2,25465.94,0.0,NDX,NDX,NASDAQ,USD
20260115,25767.3,25781.03,25520.2,25547.07,0.0,NDX,NDX,NASDAQ,USD
20260116,25710.6,25735.48,25444.28,25529.26,0.0,NDX,NDX,NASDAQ,USD
20260120,25155.03,25279.78,24954.18,24987.57,0.0,NDX,NDX,NASDAQ,USD
20260121,25048.55,25498.81,24993.98,25326.58,0.0,NDX,NDX,NASDAQ,USD
20260122,25548.38,25576.52,25399.49,25518.35,0.0,NDX,NDX,NASDAQ,USD
20260123,25501.91,25709.74,25435.02,25605.47,0.0,NDX,NDX,NASDAQ,USD
20260126,25631.01,25797.1,25578.76,25713.21,0.0,NDX,NDX,NASDAQ,USD
20260127,25852.05,25982.59,25791.75,25939.74,0.0,NDX,NDX,NASDAQ,USD
20260128,26121.74,26165.08,25974.66,26022.79,0.0,NDX,NDX,NASDAQ,USD
20260129,26030.08,26046.34,25418.55,25884.29,0.0,NDX,NDX,NASDAQ,USD
20260130,25740.19,25823.3,25456.17,25552.39,0.0,NDX,NDX,NASDAQ,USD
20260202,25491.64,25833.12,25478.5,25738.61,0.0,NDX,NDX,NASDAQ,USD
20260203,25811.05,25840.05,25112.46,25338.62,0.0,NDX,NDX,NASDAQ,USD
20260204,25240.38,25275.26,24681.27,24891.24,0.0,NDX,NDX,NASDAQ,USD
20260205,24614.86,24854.56,24455.4,24548.69,0.0,NDX,NDX,NASDAQ,USD
20260206,24655.25,25131.34,24622.33,25075.77,0.0,NDX,NDX,NASDAQ,USD
20260209,24953.68,25337.54,24876.28,25268.14,0.0,NDX,NDX,NASDAQ,USD
20260210,25314.23,25363.12,25113.43,25127.64,0.0,NDX,NDX,NASDAQ,USD
20260211,25335.91,25382.84,24980.29,25201.26,0.0,NDX,NDX,NASDAQ,USD
20260212,25261.33,25310.56,24643.73,24687.61,0.0,NDX,NDX,NASDAQ,USD
20260213,24662.95,24921.47,24514.96,24732.73,0.0,NDX,NDX,NASDAQ,USD
20260217,24567.55,24818.3,24387.47,24701.6,0.0,NDX,NDX,NASDAQ,USD
20260218,24744.87,25057.21,24696.83,24898.87,0.0,NDX,NDX,NASDAQ,USD
20260219,24771.65,24890.12,24690.87,24797.34,0.0,NDX,NDX,NASDAQ,USD
20260220,24637.32,25077.56,24633.6,25012.62,0.0,NDX,NDX,NASDAQ,USD
20260223,24935.51,24984.82,24618.23,24708.94,0.0,NDX,NDX,NASDAQ,USD
20260224,24763.84,25022.92,24643.69,24977.04,0.0,NDX,NDX,NASDAQ,USD
20260225,25137.72,25343.97,25137.62,25329.04,0.0,NDX,NDX,NASDAQ,USD
20260226,25278.25,25288.23,24820.55,25034.37,0.0,NDX,NDX,NASDAQ,USD
20260227,24808.0,24987.96,24747.25,24960.04,0.0,NDX,NDX,NASDAQ,USD
20260302,24599.41,25059.17,24575.54,24992.6,0.0,NDX,NDX,NASDAQ,USD
20260303,24497.38,24810.25,24315.84,24720.08,0.0,NDX,NDX,NASDAQ,USD
20260304,24850.94,25179.36,24795.53,25093.68,0.0,NDX,NDX,NASDAQ,USD
20260305,24992.73,25174.31,24744.56,25020.41,0.0,NDX,NDX,NASDAQ,USD
20260306,24663.74,24886.7,24579.86,24643.02,0.0,NDX,NDX,NASDAQ,USD
20260309,24429.67,25019.16,24289.23,24967.25,0.0,NDX,NDX,NASDAQ,USD
20260310,25002.61,25189.17,24871.44,24956.47,0.0,NDX,NDX,NASDAQ,USD
20260311,25053.24,25152.12,24856.6,24965.01,0.0,NDX,NDX,NASDAQ,USD
20260312,24771.32,24809.27,24556.2,24601.02,0.0,NDX,NDX,NASDAQ,USD
20210315,18910.07,18964.29,18808.51,18954.75,0.0,TSX,TSX,TSE,CAD
20210316,18974.19,18974.19,18854.65,18874.01,0.0,TSX,TSX,TSE,CAD
20210317,18840.81,19037.13,18820.91,18983.1,0.0,TSX,TSX,TSE,CAD
20210318,18923.95,18989.62,18813.31,18836.47,0.0,TSX,TSX,TSE,CAD
20210319,18836.7,18883.68,18721.74,18854.0,0.0,TSX,TSX,TSE,CAD
20210322,18838.35,18852.36,18772.57,18815.13,0.0,TSX,TSX,TSE,CAD
20210323,18791.69,18824.72,18642.52,18669.8,0.0,TSX,TSX,TSE,CAD
20210324,18744.38,18789.83,18626.39,18628.29,0.0,TSX,TSX,TSE,CAD
20210325,18553.25,18674.62,18460.6,18651.1,0.0,TSX,TSX,TSE,CAD
20210326,18683.42,18758.57,18591.24,18752.58,0.0,TSX,TSX,TSE,CAD
20210329,18707.7,18760.01,18613.94,18719.22,0.0,TSX,TSX,TSE,CAD
20210330,18647.7,18733.7,18606.57,18705.56,0.0,TSX,TSX,TSE,CAD
20210331,18727.33,18786.81,18687.85,18700.67,0.0,TSX,TSX,TSE,CAD
20210401,18799.85,18993.81,18772.73,18990.32,0.0,TSX,TSX,TSE,CAD
20210405,19062.27,19082.65,19017.25,19026.79,0.0,TSX,TSX,TSE,CAD
20210406,19083.26,19153.0,19058.86,19104.14,0.0,TSX,TSX,TSE,CAD
20210407,19138.2,19177.96,19099.15,19129.07,0.0,TSX,TSX,TSE,CAD
20210408,19157.02,19228.87,19089.12,19228.87,0.0,TSX,TSX,TSE,CAD
20210409,19183.32,19228.03,19157.26,19228.03,0.0,TSX,TSX,TSE,CAD
20210412,19220.05,19252.77,19161.73,19201.28,0.0,TSX,TSX,TSE,CAD
20210413,19249.32,19256.37,19182.04,19203.7,0.0,TSX,TSX,TSE,CAD
20210414,19263.6,19312.3,19163.37,19171.66,0.0,TSX,TSX,TSE,CAD
20210415,19252.99,19337.17,19249.74,19321.92,0.0,TSX,TSX,TSE,CAD
20210416,19380.68,19380.68,19293.78,19351.32,0.0,TSX,TSX,TSE,CAD
20210419,19341.21,19364.63,19180.01,19204.42,0.0,TSX,TSX,TSE,CAD
20210420,19106.71,19119.74,18967.09,19040.78,0.0,TSX,TSX,TSE,CAD
20210421,19022.88,19152.82,19022.88,19143.25,0.0,TSX,TSX,TSE,CAD
20210422,19148.37,19148.37,18988.68,19031.64,0.0,TSX,TSX,TSE,CAD
20210423,19055.95,19126.13,19033.54,19102.33,0.0,TSX,TSX,TSE,CAD
20210426,19109.86,19186.75,19104.9,19170.56,0.0,TSX,TSX,TSE,CAD
20210427,19205.47,19241.61,19123.41,19175.09,0.0,TSX,TSX,TSE,CAD
20210428,19235.89,19403.54,19217.59,19356.95,0.0,TSX,TSX,TSE,CAD
20210429,19413.49,19439.82,19221.7,19255.92,0.0,TSX,TSX,TSE,CAD
20210430,19196.48,19227.37,19084.96,19108.33,0.0,TSX,TSX,TSE,CAD
20210503,19193.56,19276.09,19193.56,19213.16,0.0,TSX,TSX,TSE,CAD
20210504,19207.24,19231.23,19052.41,19188.03,0.0,TSX,TSX,TSE,CAD
20210505,19259.06,19340.26,19219.07,19310.74,0.0,TSX,TSX,TSE,CAD
20210506,19313.32,19320.3,19181.87,19290.98,0.0,TSX,TSX,TSE,CAD
20210507,19330.79,19491.51,19317.27,19472.74,0.0,TSX,TSX,TSE,CAD
20210510,19503.6,19543.88,19361.88,19361.88,0.0,TSX,TSX,TSE,CAD
20210511,19185.5,19295.61,19090.28,19274.04,0.0,TSX,TSX,TSE,CAD
20210512,19216.29,19259.01,19067.7,19107.77,0.0,TSX,TSX,TSE,CAD
20210513,19100.82,19209.96,19063.95,19135.81,0.0,TSX,TSX,TSE,CAD
20210514,19206.15,19393.28,19202.73,19366.69,0.0,TSX,TSX,TSE,CAD
20210517,19341.9,19475.54,19320.12,19474.65,0.0,TSX,TSX,TSE,CAD
20210518,19477.14,19556.89,19414.11,19507.05,0.0,TSX,TSX,TSE,CAD
20210519,19348.2,19440.45,19224.23,19417.03,0.0,TSX,TSX,TSE,CAD
20210520,19444.69,19582.36,19420.59,19542.95,0.0,TSX,TSX,TSE,CAD
20210521,19614.78,19614.78,19507.75,19527.3,0.0,TSX,TSX,TSE,CAD
20210525,19621.27,19679.86,19553.78,19564.12,0.0,TSX,TSX,TSE,CAD
20210526,19654.23,19763.67,19634.58,19745.47,0.0,TSX,TSX,TSE,CAD
20210527,19768.05,19835.27,19752.47,19774.41,0.0,TSX,TSX,TSE,CAD
20210528,19876.5,19904.79,19841.04,19852.18,0.0,TSX,TSX,TSE,CAD
20210531,19905.82,19909.58,19705.81,19730.99,0.0,TSX,TSX,TSE,CAD
20210601,19909.08,20022.13,19909.08,19976.01,0.0,TSX,TSX,TSE,CAD
20210602,20043.08,20043.08,19940.37,19971.15,0.0,TSX,TSX,TSE,CAD
20210603,19941.12,20011.05,19906.84,19941.39,0.0,TSX,TSX,TSE,CAD
20210604,20028.14,20050.36,19973.24,20029.19,0.0,TSX,TSX,TSE,CAD
20210607,20053.79,20067.19,19994.55,20035.3,0.0,TSX,TSX,TSE,CAD
20210608,20052.68,20106.2,20006.76,20065.92,0.0,TSX,TSX,TSE,CAD
20210609,20046.34,20047.11,19960.94,20002.27,0.0,TSX,TSX,TSE,CAD
20210610,20066.76,20081.06,19969.7,20049.47,0.0,TSX,TSX,TSE,CAD
20210611,20099.26,20155.92,20075.42,20138.35,0.0,TSX,TSX,TSE,CAD
20210614,20118.64,20163.49,20102.26,20157.65,0.0,TSX,TSX,TSE,CAD
20210615,20202.76,20269.9,20198.42,20231.32,0.0,TSX,TSX,TSE,CAD
20210616,20231.82,20295.18,20194.71,20230.96,0.0,TSX,TSX,TSE,CAD
20210617,20204.27,20246.62,20083.75,20144.04,0.0,TSX,TSX,TSE,CAD
20210618,20024.88,20122.97,19978.25,19999.59,0.0,TSX,TSX,TSE,CAD
20210621,20067.4,20222.55,20013.93,20156.36,0.0,TSX,TSX,TSE,CAD
20210622,20188.62,20244.2,20110.08,20200.65,0.0,TSX,TSX,TSE,CAD
20210623,20226.26,20226.26,20154.6,20164.39,0.0,TSX,TSX,TSE,CAD
20210624,20241.44,20257.83,20176.4,20215.12,0.0,TSX,TSX,TSE,CAD
20210625,20230.82,20240.23,20146.4,20230.26,0.0,TSX,TSX,TSE,CAD
20210628,20273.61,20273.61,20113.5,20145.25,0.0,TSX,TSX,TSE,CAD
20210629,20171.68,20214.35,20147.96,20171.02,0.0,TSX,TSX,TSE,CAD
20210630,20155.9,20182.54,20093.83,20165.58,0.0,TSX,TSX,TSE,CAD
20210702,20267.16,20338.45,20185.36,20226.11,0.0,TSX,TSX,TSE,CAD
20210705,20249.2,20291.31,20202.74,20281.46,0.0,TSX,TSX,TSE,CAD
20210706,20303.67,20307.43,20174.99,20300.03,0.0,TSX,TSX,TSE,CAD
20210707,20315.36,20381.7,20234.22,20290.6,0.0,TSX,TSX,TSE,CAD
20210708,20101.7,20117.63,19980.32,20061.21,0.0,TSX,TSX,TSE,CAD
20210709,20136.4,20265.21,20132.91,20257.95,0.0,TSX,TSX,TSE,CAD
20210712,20259.94,20283.06,20226.53,20233.08,0.0,TSX,TSX,TSE,CAD
20210713,20274.23,20316.84,20250.82,20270.65,0.0,TSX,TSX,TSE,CAD
20210714,20307.88,20316.29,20130.58,20147.24,0.0,TSX,TSX,TSE,CAD
20210715,20128.26,20214.64,20092.93,20183.72,0.0,TSX,TSX,TSE,CAD
20210716,20203.47,20206.82,19976.01,19985.54,0.0,TSX,TSX,TSE,CAD
20210719,19821.4,19821.4,19605.94,19726.45,0.0,TSX,TSX,TSE,CAD
20210720,19762.73,19983.86,19714.67,19942.71,0.0,TSX,TSX,TSE,CAD
20210721,20012.69,20144.57,20012.69,20110.05,0.0,TSX,TSX,TSE,CAD
20210722,20098.69,20117.33,20040.17,20097.52,0.0,TSX,TSX,TSE,CAD
20210723,20163.22,20203.57,20146.59,20188.43,0.0,TSX,TSX,TSE,CAD
20210726,20189.7,20216.81,20121.75,20164.96,0.0,TSX,TSX,TSE,CAD
20210727,20130.81,20175.56,20081.44,20173.35,0.0,TSX,TSX,TSE,CAD
20210728,20213.47,20250.05,20153.69,20230.4,0.0,TSX,TSX,TSE,CAD
20210729,20284.34,20363.04,20273.67,20311.78,0.0,TSX,TSX,TSE,CAD
20210730,20235.98,20300.71,20208.19,20287.8,0.0,TSX,TSX,TSE,CAD
20210803,20325.13,20385.43,20261.54,20365.85,0.0,TSX,TSX,TSE,CAD
20210804,20355.05,20434.01,20328.55,20329.73,0.0,TSX,TSX,TSE,CAD
20210805,20360.96,20422.48,20349.76,20375.48,0.0,TSX,TSX,TSE,CAD
20210806,20391.68,20506.16,20391.68,20475.42,0.0,TSX,TSX,TSE,CAD
20210809,20418.75,20446.37,20370.21,20437.42,0.0,TSX,TSX,TSE,CAD
20210810,20464.02,20541.44,20457.96,20495.74,0.0,TSX,TSX,TSE,CAD
20210811,20531.6,20565.37,20487.91,20554.01,0.0,TSX,TSX,TSE,CAD
20210812,20549.12,20549.12,20417.65,20520.6,0.0,TSX,TSX,TSE,CAD
20210813,20565.22,20567.11,20501.59,20518.07,0.0,TSX,TSX,TSE,CAD
20210816,20461.09,20492.45,20417.91,20483.42,0.0,TSX,TSX,TSE,CAD
20210817,20421.04,20437.56,20273.69,20363.59,0.0,TSX,TSX,TSE,CAD
20210818,20354.94,20386.72,20294.38,20302.11,0.0,TSX,TSX,TSE,CAD
20210819,20196.8,20245.96,20109.37,20215.36,0.0,TSX,TSX,TSE,CAD
20210820,20222.45,20347.55,20209.45,20339.02,0.0,TSX,TSX,TSE,CAD
20210823,20400.94,20479.27,20386.51,20477.26,0.0,TSX,TSX,TSE,CAD
20210824,20503.73,20576.66,20484.23,20547.76,0.0,TSX,TSX,TSE,CAD
20210825,20574.82,20612.41,20540.45,20587.32,0.0,TSX,TSX,TSE,CAD
20210826,20578.69,20591.39,20497.06,20504.15,0.0,TSX,TSX,TSE,CAD
20210827,20548.46,20662.94,20540.16,20644.64,0.0,TSX,TSX,TSE,CAD
20210830,20660.31,20660.31,20555.24,20594.97,0.0,TSX,TSX,TSE,CAD
20210831,20611.54,20703.89,20570.22,20582.94,0.0,TSX,TSX,TSE,CAD
20210901,20604.76,20723.91,20604.76,20689.58,0.0,TSX,TSX,TSE,CAD
20210902,20726.69,20818.42,20726.69,20795.12,0.0,TSX,TSX,TSE,CAD
20210903,20817.47,20845.58,20782.53,20821.43,0.0,TSX,TSX,TSE,CAD
20210907,20848.28,20897.57,20801.08,20806.63,0.0,TSX,TSX,TSE,CAD
20210908,20805.41,20863.2,20730.69,20741.79,0.0,TSX,TSX,TSE,CAD
20210909,20723.92,20785.57,20675.47,20705.27,0.0,TSX,TSX,TSE,CAD
20210910,20759.16,20759.16,20631.85,20633.06,0.0,TSX,TSX,TSE,CAD
20210913,20726.26,20759.38,20628.75,20666.41,0.0,TSX,TSX,TSE,CAD
20210914,20668.04,20679.63,20539.23,20553.25,0.0,TSX,TSX,TSE,CAD
20210915,20591.88,20717.19,20569.2,20693.79,0.0,TSX,TSX,TSE,CAD
20210916,20663.42,20663.42,20555.11,20602.1,0.0,TSX,TSX,TSE,CAD
20210917,20518.98,20557.53,20448.96,20490.36,0.0,TSX,TSX,TSE,CAD
20210920,20285.61,20285.61,19982.19,20154.54,0.0,TSX,TSX,TSE,CAD
20210921,20268.12,20344.73,20204.61,20244.29,0.0,TSX,TSX,TSE,CAD
20210922,20372.55,20479.7,20372.55,20401.49,0.0,TSX,TSX,TSE,CAD
20210923,20423.1,20514.94,20407.83,20461.93,0.0,TSX,TSX,TSE,CAD
20210924,20417.08,20438.05,20384.2,20402.66,0.0,TSX,TSX,TSE,CAD
20210927,20433.58,20503.83,20428.19,20463.42,0.0,TSX,TSX,TSE,CAD
20210928,20379.48,20379.48,20128.06,20174.14,0.0,TSX,TSX,TSE,CAD
20210929,20223.72,20275.34,20154.53,20158.14,0.0,TSX,TSX,TSE,CAD
20210930,20186.51,20243.53,20057.99,20070.25,0.0,TSX,TSX,TSE,CAD
20211001,20122.71,20201.93,19954.82,20150.87,0.0,TSX,TSX,TSE,CAD
20211004,20094.57,20162.92,19968.48,20052.25,0.0,TSX,TSX,TSE,CAD
20211005,20107.19,20220.74,20062.36,20183.43,0.0,TSX,TSX,TSE,CAD
20211006,20057.8,20196.36,20014.27,20191.66,0.0,TSX,TSX,TSE,CAD
20211007,20291.83,20470.26,20291.83,20416.21,0.0,TSX,TSX,TSE,CAD
20211008,20469.47,20510.74,20416.31,20416.31,0.0,TSX,TSX,TSE,CAD
20211012,20412.68,20478.51,20375.76,20437.12,0.0,TSX,TSX,TSE,CAD
20211013,20468.06,20621.13,20427.38,20618.47,0.0,TSX,TSX,TSE,CAD
20211014,20746.18,20840.33,20735.44,20819.94,0.0,TSX,TSX,TSE,CAD
20211015,20888.56,20969.36,20855.46,20928.1,0.0,TSX,TSX,TSE,CAD
20211018,20898.56,20985.37,20853.29,20985.37,0.0,TSX,TSX,TSE,CAD
20211019,21053.82,21087.55,21019.29,21086.99,0.0,TSX,TSX,TSE,CAD
20211020,21079.13,21188.19,21067.78,21188.19,0.0,TSX,TSX,TSE,CAD
20211021,21137.44,21230.91,21126.85,21212.39,0.0,TSX,TSX,TSE,CAD
20211022,21219.05,21265.76,21133.86,21216.15,0.0,TSX,TSX,TSE,CAD
20211025,21244.05,21307.0,21205.15,21284.84,0.0,TSX,TSX,TSE,CAD
20211026,21311.78,21311.78,21167.23,21173.45,0.0,TSX,TSX,TSE,CAD
20211027,21167.87,21167.87,20954.99,20954.99,0.0,TSX,TSX,TSE,CAD
20211028,20990.83,21216.22,20979.38,21197.53,0.0,TSX,TSX,TSE,CAD
20211029,21116.85,21146.56,21037.07,21037.07,0.0,TSX,TSX,TSE,CAD
20211101,21124.26,21254.91,21107.03,21247.01,0.0,TSX,TSX,TSE,CAD
20211102,21250.61,21254.64,21160.53,21170.01,0.0,TSX,TSX,TSE,CAD
20211103,21175.41,21286.18,21160.47,21265.1,0.0,TSX,TSX,TSE,CAD
20211104,21334.39,21381.25,21274.82,21342.13,0.0,TSX,TSX,TSE,CAD
20211105,21412.84,21473.78,21378.44,21455.82,0.0,TSX,TSX,TSE,CAD
20211108,21537.41,21585.55,21527.61,21556.54,0.0,TSX,TSX,TSE,CAD
20211109,21571.83,21597.12,21471.51,21594.52,0.0,TSX,TSX,TSE,CAD
20211110,21567.22,21597.8,21415.34,21461.93,0.0,TSX,TSX,TSE,CAD
20211111,21602.12,21621.47,21556.04,21581.98,0.0,TSX,TSX,TSE,CAD
20211112,21595.03,21773.05,21586.62,21768.53,0.0,TSX,TSX,TSE,CAD
20211115,21758.06,21765.54,21661.18,21683.08,0.0,TSX,TSX,TSE,CAD
20211116,21720.38,21796.16,21697.66,21717.16,0.0,TSX,TSX,TSE,CAD
20211117,21713.5,21753.5,21628.06,21653.02,0.0,TSX,TSX,TSE,CAD
20211118,21649.86,21692.67,21560.91,21637.54,0.0,TSX,TSX,TSE,CAD
20211119,21588.88,21625.73,21527.56,21555.03,0.0,TSX,TSX,TSE,CAD
20211122,21578.81,21578.81,21420.77,21420.77,0.0,TSX,TSX,TSE,CAD
20211123,21422.88,21527.48,21350.72,21453.77,0.0,TSX,TSX,TSE,CAD
20211124,21378.13,21557.33,21345.67,21548.43,0.0,TSX,TSX,TSE,CAD
20211125,21581.24,21649.06,21571.22,21613.18,0.0,TSX,TSX,TSE,CAD
20211126,21383.69,21383.69,21086.85,21125.9,0.0,TSX,TSX,TSE,CAD
20211129,21256.2,21306.05,21044.59,21149.0,0.0,TSX,TSX,TSE,CAD
20211130,21059.84,21101.58,20659.99,20659.99,0.0,TSX,TSX,TSE,CAD
20211201,20917.46,21012.27,20464.6,20464.6,0.0,TSX,TSX,TSE,CAD
20211202,20496.7,20833.15,20479.38,20762.03,0.0,TSX,TSX,TSE,CAD
20211203,20815.92,20825.21,20492.03,20633.27,0.0,TSX,TSX,TSE,CAD
20211206,20669.76,20898.17,20593.97,20861.1,0.0,TSX,TSX,TSE,CAD
20211207,21041.4,21227.0,21037.49,21162.65,0.0,TSX,TSX,TSE,CAD
20211208,21136.02,21136.02,21047.85,21077.35,0.0,TSX,TSX,TSE,CAD
20211209,20983.03,21027.39,20897.31,20925.49,0.0,TSX,TSX,TSE,CAD
20211210,21014.28,21021.92,20833.59,20890.62,0.0,TSX,TSX,TSE,CAD
20211213,20885.48,20903.56,20671.98,20748.45,0.0,TSX,TSX,TSE,CAD
20211214,20615.96,20785.07,20613.67,20648.57,0.0,TSX,TSX,TSE,CAD
20211215,20653.76,20799.86,20526.1,20769.16,0.0,TSX,TSX,TSE,CAD
20211216,20890.53,20988.45,20713.48,20739.78,0.0,TSX,TSX,TSE,CAD
20211217,20616.47,20857.96,20594.83,20739.19,0.0,TSX,TSX,TSE,CAD
20211220,20545.8,20551.03,20382.33,20538.21,0.0,TSX,TSX,TSE,CAD
20211221,20717.26,20953.88,20717.26,20924.87,0.0,TSX,TSX,TSE,CAD
20211222,20893.35,21076.45,20878.76,21070.05,0.0,TSX,TSX,TSE,CAD
20211223,21118.21,21265.76,21112.62,21218.94,0.0,TSX,TSX,TSE,CAD
20211224,21233.88,21270.24,21229.55,21229.68,0.0,TSX,TSX,TSE,CAD
20211229,21276.36,21430.55,21276.36,21344.65,0.0,TSX,TSX,TSE,CAD
20211230,21339.06,21433.85,21293.41,21294.64,0.0,TSX,TSX,TSE,CAD
20211231,21253.3,21276.51,21168.74,21222.84,0.0,TSX,TSX,TSE,CAD
20220104,21335.56,21473.67,21222.05,21236.52,0.0,TSX,TSX,TSE,CAD
20220105,21281.92,21319.22,21037.44,21039.66,0.0,TSX,TSX,TSE,CAD
20220106,21057.9,21148.59,20934.15,21072.2,0.0,TSX,TSX,TSE,CAD
20220107,21066.83,21113.17,20942.37,21084.45,0.0,TSX,TSX,TSE,CAD
20220110,21034.46,21072.32,20790.89,21072.32,0.0,TSX,TSX,TSE,CAD
20220111,21086.23,21283.95,21009.14,21274.81,0.0,TSX,TSX,TSE,CAD
20220112,21337.99,21449.92,21286.1,21395.0,0.0,TSX,TSX,TSE,CAD
20220113,21427.01,21471.05,21276.29,21292.96,0.0,TSX,TSX,TSE,CAD
20220114,21191.62,21365.51,21162.84,21357.56,0.0,TSX,TSX,TSE,CAD
20220117,21373.21,21550.1,21373.21,21537.45,0.0,TSX,TSX,TSE,CAD
20220118,21386.7,21386.7,21193.0,21274.57,0.0,TSX,TSX,TSE,CAD
20220119,21343.57,21344.51,21155.91,21205.16,0.0,TSX,TSX,TSE,CAD
20220120,21245.22,21369.72,21043.45,21058.18,0.0,TSX,TSX,TSE,CAD
20220121,20921.82,20921.82,20534.38,20621.39,0.0,TSX,TSX,TSE,CAD
20220124,20465.15,20577.35,19912.59,20571.3,0.0,TSX,TSX,TSE,CAD
20220125,20364.73,20746.69,20130.45,20590.98,0.0,TSX,TSX,TSE,CAD
20220126,20781.3,20933.19,20502.57,20595.89,0.0,TSX,TSX,TSE,CAD
20220127,20755.42,20852.64,20514.08,20544.11,0.0,TSX,TSX,TSE,CAD
20220128,20539.21,20741.75,20411.76,20741.75,0.0,TSX,TSX,TSE,CAD
20220131,20714.33,21109.44,20697.76,21098.29,0.0,TSX,TSX,TSE,CAD
20220201,21160.53,21321.0,21073.05,21319.92,0.0,TSX,TSX,TSE,CAD
20220202,21363.22,21419.27,21287.23,21362.36,0.0,TSX,TSX,TSE,CAD
20220203,21176.92,21228.81,21082.71,21094.01,0.0,TSX,TSX,TSE,CAD
20220204,21158.26,21343.07,21158.26,21271.85,0.0,TSX,TSX,TSE,CAD
20220207,21271.28,21327.69,21158.68,21235.5,0.0,TSX,TSX,TSE,CAD
20220208,21253.86,21402.82,21206.4,21377.18,0.0,TSX,TSX,TSE,CAD
20220209,21524.14,21650.79,21524.14,21604.19,0.0,TSX,TSX,TSE,CAD
20220210,21521.02,21784.69,21491.94,21531.71,0.0,TSX,TSX,TSE,CAD
20220211,21547.02,21670.27,21427.58,21548.84,0.0,TSX,TSX,TSE,CAD
20220214,21509.78,21509.78,21280.03,21352.51,0.0,TSX,TSX,TSE,CAD
20220215,21398.2,21510.64,21388.0,21502.55,0.0,TSX,TSX,TSE,CAD
20220216,21376.74,21461.53,21344.73,21383.64,0.0,TSX,TSX,TSE,CAD
20220217,21358.47,21395.07,21160.09,21176.33,0.0,TSX,TSX,TSE,CAD
20220218,21184.28,21202.82,21000.56,21008.2,0.0,TSX,TSX,TSE,CAD
20220222,20936.26,21030.47,20737.69,20907.82,0.0,TSX,TSX,TSE,CAD
20220223,20956.81,20996.07,20718.01,20744.17,0.0,TSX,TSX,TSE,CAD
20220224,20500.45,20770.36,20397.15,20761.94,0.0,TSX,TSX,TSE,CAD
20220225,20828.06,21113.96,20784.01,21106.0,0.0,TSX,TSX,TSE,CAD
20220228,21010.91,21142.42,20951.9,21126.36,0.0,TSX,TSX,TSE,CAD
20220301,21143.99,21213.26,20912.06,21004.51,0.0,TSX,TSX,TSE,CAD
20220302,21065.64,21297.71,21065.64,21255.64,0.0,TSX,TSX,TSE,CAD
20220303,21280.09,21348.89,21208.48,21250.41,0.0,TSX,TSX,TSE,CAD
20220304,21204.41,21406.86,21198.58,21402.43,0.0,TSX,TSX,TSE,CAD
20220307,21382.33,21575.14,21298.14,21304.4,0.0,TSX,TSX,TSE,CAD
20220308,21333.05,21501.42,21220.54,21232.03,0.0,TSX,TSX,TSE,CAD
20220309,21303.02,21543.95,21243.17,21493.23,0.0,TSX,TSX,TSE,CAD
20220310,21390.35,21587.41,21371.93,21581.7,0.0,TSX,TSX,TSE,CAD
20220311,21534.9,21619.95,21454.99,21461.83,0.0,TSX,TSX,TSE,CAD
20220314,21440.04,21443.48,21122.04,21180.78,0.0,TSX,TSX,TSE,CAD
20220315,21065.13,21198.6,20971.11,21187.84,0.0,TSX,TSX,TSE,CAD
20220316,21296.36,21485.77,21190.14,21468.83,0.0,TSX,TSX,TSE,CAD
20220317,21521.52,21772.52,21506.39,21771.22,0.0,TSX,TSX,TSE,CAD
20220318,21702.85,21877.14,21698.49,21818.47,0.0,TSX,TSX,TSE,CAD
20220321,21918.44,22023.76,21910.27,22009.13,0.0,TSX,TSX,TSE,CAD
20220322,22073.94,22152.94,22045.24,22074.35,0.0,TSX,TSX,TSE,CAD
20220323,22086.26,22100.63,21932.18,21932.18,0.0,TSX,TSX,TSE,CAD
20220324,22011.27,22018.0,21871.52,21937.89,0.0,TSX,TSX,TSE,CAD
20220325,21947.83,22019.58,21900.01,22005.94,0.0,TSX,TSX,TSE,CAD
20220328,21949.76,21993.66,21871.62,21977.83,0.0,TSX,TSX,TSE,CAD
20220329,21968.22,22108.31,21908.41,22087.22,0.0,TSX,TSX,TSE,CAD
20220330,22068.48,22109.17,22016.49,22075.96,0.0,TSX,TSX,TSE,CAD
20220331,22109.67,22181.75,21890.16,21890.16,0.0,TSX,TSX,TSE,CAD
20220401,21970.78,22031.74,21840.16,21952.95,0.0,TSX,TSX,TSE,CAD
20220404,21979.4,22089.75,21942.61,22085.61,0.0,TSX,TSX,TSE,CAD
20220405,22060.16,22213.07,21916.6,21930.83,0.0,TSX,TSX,TSE,CAD
20220406,21860.03,21894.54,21702.1,21788.6,0.0,TSX,TSX,TSE,CAD
20220407,21792.3,21851.64,21635.34,21834.89,0.0,TSX,TSX,TSE,CAD
20220408,21876.84,21953.04,21824.32,21874.35,0.0,TSX,TSX,TSE,CAD
20220411,21873.77,21889.72,21737.52,21790.49,0.0,TSX,TSX,TSE,CAD
20220412,21897.86,21948.6,21701.03,21715.41,0.0,TSX,TSX,TSE,CAD
20220413,21780.1,21888.76,21739.47,21838.02,0.0,TSX,TSX,TSE,CAD
20220414,21862.21,21935.53,21843.04,21855.7,0.0,TSX,TSX,TSE,CAD
20220418,21866.87,21972.1,21847.62,21878.41,0.0,TSX,TSX,TSE,CAD
20220419,21853.02,22035.68,21820.81,22018.82,0.0,TSX,TSX,TSE,CAD
20220420,22012.53,22062.6,21933.99,21998.38,0.0,TSX,TSX,TSE,CAD
20220421,22088.13,22088.13,21613.16,21650.41,0.0,TSX,TSX,TSE,CAD
20220422,21593.86,21593.86,21169.27,21186.38,0.0,TSX,TSX,TSE,CAD
20220425,20985.49,21074.67,20672.64,21011.89,0.0,TSX,TSX,TSE,CAD
20220426,21021.18,21021.18,20690.81,20690.81,0.0,TSX,TSX,TSE,CAD
20220427,20747.2,20855.48,20619.32,20744.23,0.0,TSX,TSX,TSE,CAD
20220428,20899.87,21206.46,20817.86,21121.06,0.0,TSX,TSX,TSE,CAD
20220429,21036.16,21168.82,20753.85,20762.0,0.0,TSX,TSX,TSE,CAD
20220502,20707.7,20758.11,20456.8,20692.22,0.0,TSX,TSX,TSE,CAD
20220503,20726.5,21030.74,20724.3,20905.28,0.0,TSX,TSX,TSE,CAD
20220504,20972.96,21212.88,20798.78,21184.95,0.0,TSX,TSX,TSE,CAD
20220505,21120.71,21120.71,20550.61,20696.17,0.0,TSX,TSX,TSE,CAD
20220506,20664.47,20729.34,20416.38,20633.29,0.0,TSX,TSX,TSE,CAD
20220509,20392.4,20392.4,19955.79,19999.69,0.0,TSX,TSX,TSE,CAD
20220510,20166.21,20253.33,19736.68,19890.06,0.0,TSX,TSX,TSE,CAD
20220511,19922.75,20189.43,19792.79,19837.25,0.0,TSX,TSX,TSE,CAD
20220512,19681.25,19809.0,19480.0,19699.05,0.0,TSX,TSX,TSE,CAD
20220513,19871.87,20196.6,19871.87,20099.81,0.0,TSX,TSX,TSE,CAD
20220516,20116.04,20309.19,20064.76,20206.4,0.0,TSX,TSX,TSE,CAD
20220517,20440.84,20514.61,20330.54,20491.01,0.0,TSX,TSX,TSE,CAD
20220518,20424.03,20424.03,20040.48,20101.38,0.0,TSX,TSX,TSE,CAD
20220519,19927.12,20336.12,19907.27,20181.92,0.0,TSX,TSX,TSE,CAD
20220520,20335.7,20359.79,19937.3,20197.61,0.0,TSX,TSX,TSE,CAD
20220524,20333.39,20337.34,20146.91,20286.2,0.0,TSX,TSX,TSE,CAD
20220525,20295.19,20452.54,20290.69,20383.75,0.0,TSX,TSX,TSE,CAD
20220526,20454.11,20624.73,20448.69,20532.18,0.0,TSX,TSX,TSE,CAD
20220527,20587.1,20777.55,20581.72,20748.58,0.0,TSX,TSX,TSE,CAD
20220530,20835.61,20940.13,20817.52,20919.4,0.0,TSX,TSX,TSE,CAD
20220531,20830.49,20875.91,20697.64,20729.34,0.0,TSX,TSX,TSE,CAD
20220601,20816.71,20866.36,20610.19,20713.72,0.0,TSX,TSX,TSE,CAD
20220602,20713.64,21036.35,20713.64,21031.8,0.0,TSX,TSX,TSE,CAD
20220603,20915.18,20931.49,20753.48,20790.73,0.0,TSX,TSX,TSE,CAD
20220606,20912.88,20931.94,20796.07,20819.09,0.0,TSX,TSX,TSE,CAD
20220607,20730.68,20928.21,20695.85,20928.21,0.0,TSX,TSX,TSE,CAD
20220608,20879.51,20919.33,20712.02,20792.43,0.0,TSX,TSX,TSE,CAD
20220609,20718.4,20771.66,20563.89,20563.89,0.0,TSX,TSX,TSE,CAD
20220610,20390.27,20390.29,20196.16,20274.82,0.0,TSX,TSX,TSE,CAD
20220613,19943.39,19943.39,19602.9,19742.55,0.0,TSX,TSX,TSE,CAD
20220614,19844.29,19844.29,19435.02,19548.51,0.0,TSX,TSX,TSE,CAD
20220615,19665.39,19743.36,19383.69,19611.56,0.0,TSX,TSX,TSE,CAD
20220616,19284.01,19320.69,18952.69,19004.06,0.0,TSX,TSX,TSE,CAD
20220617,19067.35,19193.97,18787.68,18930.48,0.0,TSX,TSX,TSE,CAD
20220620,18967.73,19186.53,18967.73,19183.63,0.0,TSX,TSX,TSE,CAD
20220621,19248.24,19385.48,19239.38,19257.29,0.0,TSX,TSX,TSE,CAD
20220622,18947.11,19142.81,18871.7,19004.04,0.0,TSX,TSX,TSE,CAD
20220623,19033.06,19067.02,18661.52,18717.12,0.0,TSX,TSX,TSE,CAD
20220624,18831.7,19100.72,18828.93,19062.91,0.0,TSX,TSX,TSE,CAD
20220627,19168.72,19294.17,19068.0,19258.32,0.0,TSX,TSX,TSE,CAD
20220628,19406.49,19500.89,19160.19,19222.74,0.0,TSX,TSX,TSE,CAD
20220629,19274.28,19274.28,19010.44,19078.64,0.0,TSX,TSX,TSE,CAD
20220630,18848.72,18898.73,18665.34,18861.36,0.0,TSX,TSX,TSE,CAD
20220704,18951.2,19129.7,18946.52,19028.86,0.0,TSX,TSX,TSE,CAD
20220705,18877.17,18911.07,18520.38,18834.16,0.0,TSX,TSX,TSE,CAD
20220706,18795.65,18872.07,18543.92,18729.66,0.0,TSX,TSX,TSE,CAD
20220707,18871.31,19085.45,18871.31,19063.17,0.0,TSX,TSX,TSE,CAD
20220708,19063.14,19100.13,18897.74,19022.86,0.0,TSX,TSX,TSE,CAD
20220711,18905.25,18955.41,18785.77,18816.8,0.0,TSX,TSX,TSE,CAD
20220712,18712.32,18798.33,18619.47,18678.64,0.0,TSX,TSX,TSE,CAD
20220713,18517.46,18691.92,18378.83,18615.19,0.0,TSX,TSX,TSE,CAD
20220714,18448.08,18466.76,18169.86,18329.06,0.0,TSX,TSX,TSE,CAD
20220715,18490.99,18500.1,18311.57,18394.45,0.0,TSX,TSX,TSE,CAD
20220718,18582.53,18733.59,18560.11,18595.62,0.0,TSX,TSX,TSE,CAD
20220719,18723.11,18944.12,18716.92,18937.71,0.0,TSX,TSX,TSE,CAD
20220720,18912.44,19056.39,18845.15,19020.67,0.0,TSX,TSX,TSE,CAD
20220721,18953.98,19064.92,18870.76,19062.85,0.0,TSX,TSX,TSE,CAD
20220722,19085.67,19141.65,18911.89,18982.92,0.0,TSX,TSX,TSE,CAD
20220725,19010.28,19119.04,18971.49,19104.48,0.0,TSX,TSX,TSE,CAD
20220726,19070.72,19110.48,18923.42,18972.68,0.0,TSX,TSX,TSE,CAD
20220727,19056.91,19315.46,19056.91,19254.56,0.0,TSX,TSX,TSE,CAD
20220728,19353.45,19472.7,19182.44,19456.71,0.0,TSX,TSX,TSE,CAD
20220729,19539.86,19733.95,19539.86,19692.92,0.0,TSX,TSX,TSE,CAD
20220802,19568.87,19673.47,19486.68,19505.33,0.0,TSX,TSX,TSE,CAD
20220803,19616.12,19616.12,19485.03,19545.94,0.0,TSX,TSX,TSE,CAD
20220804,19573.12,19619.14,19538.08,19577.04,0.0,TSX,TSX,TSE,CAD
20220805,19471.25,19620.13,19443.34,19620.13,0.0,TSX,TSX,TSE,CAD
20220808,19666.86,19768.01,19661.75,19669.17,0.0,TSX,TSX,TSE,CAD
20220809,19693.59,19699.83,19540.21,19578.3,0.0,TSX,TSX,TSE,CAD
20220810,19743.64,19911.02,19716.29,19885.94,0.0,TSX,TSX,TSE,CAD
20220811,20014.23,20100.55,19961.09,19991.88,0.0,TSX,TSX,TSE,CAD
20220812,20051.4,20188.64,20021.34,20179.81,0.0,TSX,TSX,TSE,CAD
20220815,20061.43,20199.17,20023.14,20180.6,0.0,TSX,TSX,TSE,CAD
20220816,20182.23,20287.19,20166.52,20269.97,0.0,TSX,TSX,TSE,CAD
20220817,20191.67,20251.98,20130.83,20181.44,0.0,TSX,TSX,TSE,CAD
20220818,20230.61,20323.57,20209.46,20265.37,0.0,TSX,TSX,TSE,CAD
20220819,20184.88,20192.79,20067.24,20111.38,0.0,TSX,TSX,TSE,CAD
20220822,19917.0,19974.92,19837.79,19974.92,0.0,TSX,TSX,TSE,CAD
20220823,19968.48,20082.91,19941.12,19985.35,0.0,TSX,TSX,TSE,CAD
20220824,19961.83,20068.93,19961.53,20021.38,0.0,TSX,TSX,TSE,CAD
20220825,20113.11,20188.98,20081.0,20172.34,0.0,TSX,TSX,TSE,CAD
20220826,20204.71,20205.62,19860.58,19873.29,0.0,TSX,TSX,TSE,CAD
20220829,19752.8,19884.23,19704.96,19836.12,0.0,TSX,TSX,TSE,CAD
20220830,19819.82,19819.82,19484.77,19512.9,0.0,TSX,TSX,TSE,CAD
20220831,19450.62,19506.39,19330.81,19330.81,0.0,TSX,TSX,TSE,CAD
20220901,19179.49,19179.49,18986.19,19142.72,0.0,TSX,TSX,TSE,CAD
20220902,19349.41,19478.27,19203.82,19270.85,0.0,TSX,TSX,TSE,CAD
20220906,19346.35,19371.48,19074.6,19088.15,0.0,TSX,TSX,TSE,CAD
20220907,19013.73,19264.46,18981.97,19241.44,0.0,TSX,TSX,TSE,CAD
20220908,19193.23,19415.52,19163.61,19413.0,0.0,TSX,TSX,TSE,CAD
20220909,19592.41,19789.58,19592.41,19773.34,0.0,TSX,TSX,TSE,CAD
20220912,19923.17,20032.6,19885.88,19987.23,0.0,TSX,TSX,TSE,CAD
20220913,19713.13,19850.63,19602.53,19645.4,0.0,TSX,TSX,TSE,CAD
20220914,19683.64,19809.13,19649.31,19726.14,0.0,TSX,TSX,TSE,CAD
20220915,19640.72,19785.14,19521.29,19560.16,0.0,TSX,TSX,TSE,CAD
20220916,19386.16,19421.61,19283.19,19385.88,0.0,TSX,TSX,TSE,CAD
20220919,19203.26,19569.14,19198.11,19562.38,0.0,TSX,TSX,TSE,CAD
20220920,19505.42,19507.83,19246.77,19368.69,0.0,TSX,TSX,TSE,CAD
20220921,19473.69,19503.46,19184.54,19184.54,0.0,TSX,TSX,TSE,CAD
20220922,19263.26,19290.32,18985.0,19002.68,0.0,TSX,TSX,TSE,CAD
20220923,18739.73,18739.73,18372.64,18480.98,0.0,TSX,TSX,TSE,CAD
20220926,18405.29,18603.47,18273.0,18327.04,0.0,TSX,TSX,TSE,CAD
20220927,18493.89,18546.76,18247.74,18307.91,0.0,TSX,TSX,TSE,CAD
20220928,18307.88,18703.89,18247.9,18648.92,0.0,TSX,TSX,TSE,CAD
20220929,18534.03,18534.03,18258.42,18441.84,0.0,TSX,TSX,TSE,CAD
20220930,18453.91,18685.04,18381.07,18444.22,0.0,TSX,TSX,TSE,CAD
20221003,18621.76,18966.9,18581.3,18881.19,0.0,TSX,TSX,TSE,CAD
20221004,19172.79,19405.12,19172.79,19370.99,0.0,TSX,TSX,TSE,CAD
20221005,19240.25,19296.73,19106.48,19235.09,0.0,TSX,TSX,TSE,CAD
20221006,19165.97,19197.78,18895.4,18979.01,0.0,TSX,TSX,TSE,CAD
20221007,18849.1,18849.29,18522.55,18583.13,0.0,TSX,TSX,TSE,CAD
20221011,18380.35,18427.33,18174.38,18216.68,0.0,TSX,TSX,TSE,CAD
20221012,18185.1,18273.64,18111.57,18206.28,0.0,TSX,TSX,TSE,CAD
20221013,17958.77,18661.43,17873.18,18613.63,0.0,TSX,TSX,TSE,CAD
20221014,18686.86,18763.7,18319.88,18326.35,0.0,TSX,TSX,TSE,CAD
20221017,18546.1,18756.68,18546.1,18621.02,0.0,TSX,TSX,TSE,CAD
20221018,18872.07,18923.92,18668.75,18798.18,0.0,TSX,TSX,TSE,CAD
20221019,18712.27,18761.64,18577.02,18674.4,0.0,TSX,TSX,TSE,CAD
20221020,18682.05,18838.79,18534.33,18579.29,0.0,TSX,TSX,TSE,CAD
20221021,18558.08,18880.76,18513.54,18860.95,0.0,TSX,TSX,TSE,CAD
20221024,18914.95,18955.94,18786.05,18918.4,0.0,TSX,TSX,TSE,CAD
20221025,18858.99,19099.47,18858.99,19097.01,0.0,TSX,TSX,TSE,CAD
20221026,19097.54,19435.91,19097.54,19279.76,0.0,TSX,TSX,TSE,CAD
20221027,19391.14,19516.36,19316.63,19352.11,0.0,TSX,TSX,TSE,CAD
20221028,19365.1,19471.29,19282.7,19471.19,0.0,TSX,TSX,TSE,CAD
20221031,19406.52,19510.88,19402.06,19426.14,0.0,TSX,TSX,TSE,CAD
20221101,19674.85,19698.33,19496.32,19517.71,0.0,TSX,TSX,TSE,CAD
20221102,19490.77,19669.36,19277.01,19277.01,0.0,TSX,TSX,TSE,CAD
20221103,19133.85,19322.44,19090.64,19241.22,0.0,TSX,TSX,TSE,CAD
20221104,19475.55,19580.08,19299.95,19449.81,0.0,TSX,TSX,TSE,CAD
20221107,19525.15,19565.62,19431.05,19545.91,0.0,TSX,TSX,TSE,CAD
20221108,19578.27,19743.32,19533.85,19660.31,0.0,TSX,TSX,TSE,CAD
20221109,19570.46,19585.09,19337.95,19344.25,0.0,TSX,TSX,TSE,CAD
20221110,19724.52,20035.29,19724.52,19990.36,0.0,TSX,TSX,TSE,CAD
20221111,20097.52,20169.79,20023.5,20111.51,0.0,TSX,TSX,TSE,CAD
20221114,20057.51,20102.31,19921.81,19921.81,0.0,TSX,TSX,TSE,CAD
20221115,20110.07,20117.36,19938.59,19994.78,0.0,TSX,TSX,TSE,CAD
20221116,19928.97,20011.58,19897.26,19957.96,0.0,TSX,TSX,TSE,CAD
20221117,19790.52,19884.58,19742.33,19884.58,0.0,TSX,TSX,TSE,CAD
20221118,19934.36,19995.17,19891.35,19980.91,0.0,TSX,TSX,TSE,CAD
20221121,19901.76,19986.03,19787.05,19977.13,0.0,TSX,TSX,TSE,CAD
20221122,20060.52,20236.5,20048.64,20220.01,0.0,TSX,TSX,TSE,CAD
20221123,20185.08,20303.63,20185.08,20282.26,0.0,TSX,TSX,TSE,CAD
20221124,20309.15,20386.69,20309.15,20344.07,0.0,TSX,TSX,TSE,CAD
20221125,20348.87,20446.28,20342.24,20383.77,0.0,TSX,TSX,TSE,CAD
20221128,20310.04,20397.92,20178.8,20220.49,0.0,TSX,TSX,TSE,CAD
20221129,20319.78,20322.7,20229.28,20277.41,0.0,TSX,TSX,TSE,CAD
20221130,20341.73,20456.62,20137.12,20453.26,0.0,TSX,TSX,TSE,CAD
20221201,20541.19,20639.48,20486.26,20525.45,0.0,TSX,TSX,TSE,CAD
20221202,20364.37,20554.53,20364.37,20485.66,0.0,TSX,TSX,TSE,CAD
20221205,20453.68,20476.35,20203.95,20242.26,0.0,TSX,TSX,TSE,CAD
20221206,20262.04,20306.56,19960.02,19990.17,0.0,TSX,TSX,TSE,CAD
20221207,19971.25,20093.02,19957.62,19973.22,0.0,TSX,TSX,TSE,CAD
20221208,20044.87,20086.4,19947.18,19969.19,0.0,TSX,TSX,TSE,CAD
20221209,19990.09,20086.26,19944.8,19947.07,0.0,TSX,TSX,TSE,CAD
20221212,19841.13,20019.94,19834.33,20019.7,0.0,TSX,TSX,TSE,CAD
20221213,20312.85,20341.26,19955.63,20023.46,0.0,TSX,TSX,TSE,CAD
20221214,20022.6,20081.79,19863.98,19891.65,0.0,TSX,TSX,TSE,CAD
20221215,19722.91,19726.58,19512.87,19600.63,0.0,TSX,TSX,TSE,CAD
20221216,19429.24,19504.22,19352.8,19443.28,0.0,TSX,TSX,TSE,CAD
20221219,19455.6,19485.31,19159.58,19200.76,0.0,TSX,TSX,TSE,CAD
20221220,19213.45,19379.11,19196.51,19306.89,0.0,TSX,TSX,TSE,CAD
20221221,19447.3,19598.7,19447.3,19571.1,0.0,TSX,TSX,TSE,CAD
20221222,19480.43,19480.43,19173.83,19349.66,0.0,TSX,TSX,TSE,CAD
20221223,19361.38,19506.7,19315.13,19506.65,0.0,TSX,TSX,TSE,CAD
20221228,19472.29,19518.98,19263.61,19284.1,0.0,TSX,TSX,TSE,CAD
20221229,19316.92,19515.38,19308.86,19485.89,0.0,TSX,TSX,TSE,CAD
20221230,19401.34,19496.21,19332.84,19384.92,0.0,TSX,TSX,TSE,CAD
20230103,19531.37,19661.58,19380.34,19443.77,0.0,TSX,TSX,TSE,CAD
20230104,19460.09,19639.51,19414.63,19588.83,0.0,TSX,TSX,TSE,CAD
20230105,19518.69,19536.04,19386.71,19506.84,0.0,TSX,TSX,TSE,CAD
20230106,19615.55,19821.42,19556.59,19814.51,0.0,TSX,TSX,TSE,CAD
20230109,19899.99,19987.54,19840.84,19857.07,0.0,TSX,TSX,TSE,CAD
20230110,19857.28,19898.86,19745.56,19898.86,0.0,TSX,TSX,TSE,CAD
20230111,19980.42,20038.26,19910.3,20025.05,0.0,TSX,TSX,TSE,CAD
20230112,20101.6,20214.26,19993.39,20211.2,0.0,TSX,TSX,TSE,CAD
20230113,20150.94,20379.95,20147.57,20360.1,0.0,TSX,TSX,TSE,CAD
20230116,20340.66,20435.11,20324.38,20390.33,0.0,TSX,TSX,TSE,CAD
20230117,20410.15,20479.94,20389.75,20457.46,0.0,TSX,TSX,TSE,CAD
20230118,20535.74,20632.01,20376.22,20376.22,0.0,TSX,TSX,TSE,CAD
20230119,20290.51,20406.46,20258.31,20341.44,0.0,TSX,TSX,TSE,CAD
20230120,20364.06,20517.09,20287.31,20503.21,0.0,TSX,TSX,TSE,CAD
20230123,20535.44,20641.67,20480.39,20631.58,0.0,TSX,TSX,TSE,CAD
20230124,20564.96,20653.17,20502.36,20629.55,0.0,TSX,TSX,TSE,CAD
20230125,20501.8,20634.27,20402.23,20599.6,0.0,TSX,TSX,TSE,CAD
20230126,20672.12,20700.5,20559.33,20700.5,0.0,TSX,TSX,TSE,CAD
20230127,20669.71,20762.95,20621.91,20714.47,0.0,TSX,TSX,TSE,CAD
20230130,20609.02,20713.7,20570.19,20572.11,0.0,TSX,TSX,TSE,CAD
20230131,20600.31,20771.56,20590.13,20767.38,0.0,TSX,TSX,TSE,CAD
20230201,20731.89,20828.42,20579.49,20751.05,0.0,TSX,TSX,TSE,CAD
20230202,20813.49,20843.21,20696.86,20740.44,0.0,TSX,TSX,TSE,CAD
20230203,20680.85,20830.27,20680.85,20758.34,0.0,TSX,TSX,TSE,CAD
20230206,20662.31,20683.62,20550.06,20628.92,0.0,TSX,TSX,TSE,CAD
20230207,20612.02,20775.72,20541.59,20725.0,0.0,TSX,TSX,TSE,CAD
20230208,20710.46,20779.24,20623.12,20679.54,0.0,TSX,TSX,TSE,CAD
20230209,20774.07,20821.66,20541.29,20597.75,0.0,TSX,TSX,TSE,CAD
20230210,20540.1,20624.04,20484.5,20612.12,0.0,TSX,TSX,TSE,CAD
20230213,20610.47,20741.5,20604.73,20702.23,0.0,TSX,TSX,TSE,CAD
20230214,20675.83,20766.81,20553.17,20704.79,0.0,TSX,TSX,TSE,CAD
20230215,20642.47,20725.72,20576.6,20720.39,0.0,TSX,TSX,TSE,CAD
20230216,20572.54,20706.16,20531.48,20606.42,0.0,TSX,TSX,TSE,CAD
20230217,20546.45,20575.31,20456.84,20515.24,0.0,TSX,TSX,TSE,CAD
20230221,20463.12,20463.12,20242.79,20252.64,0.0,TSX,TSX,TSE,CAD
20230222,20246.83,20284.04,20134.45,20193.33,0.0,TSX,TSX,TSE,CAD
20230223,20233.77,20293.65,20083.41,20188.19,0.0,TSX,TSX,TSE,CAD
20230224,20115.46,20219.95,19997.33,20219.19,0.0,TSX,TSX,TSE,CAD
20230227,20245.56,20373.97,20236.77,20260.13,0.0,TSX,TSX,TSE,CAD
20230228,20223.73,20242.63,20156.47,20221.19,0.0,TSX,TSX,TSE,CAD
20230301,20200.9,20318.91,20200.9,20259.78,0.0,TSX,TSX,TSE,CAD
20230302,20209.68,20347.13,20149.04,20337.21,0.0,TSX,TSX,TSE,CAD
20230303,20384.85,20609.01,20384.85,20581.58,0.0,TSX,TSX,TSE,CAD
20230306,20578.83,20615.5,20498.47,20514.8,0.0,TSX,TSX,TSE,CAD
20230307,20505.49,20505.49,20236.45,20275.54,0.0,TSX,TSX,TSE,CAD
20230308,20274.62,20438.15,20270.43,20346.53,0.0,TSX,TSX,TSE,CAD
20230309,20358.82,20441.02,20063.92,20086.72,0.0,TSX,TSX,TSE,CAD
20230310,20046.2,20064.73,19743.49,19774.92,0.0,TSX,TSX,TSE,CAD
20230313,19645.53,19714.18,19427.53,19588.9,0.0,TSX,TSX,TSE,CAD
20230314,19732.91,19850.63,19562.31,19694.16,0.0,TSX,TSX,TSE,CAD
20230315,19532.98,19532.98,19179.43,19378.84,0.0,TSX,TSX,TSE,CAD
20230316,19311.25,19589.44,19155.77,19539.01,0.0,TSX,TSX,TSE,CAD
20230317,19493.04,19493.04,19297.99,19387.72,0.0,TSX,TSX,TSE,CAD
20230320,19411.76,19535.64,19411.76,19519.43,0.0,TSX,TSX,TSE,CAD
20230321,19615.46,19734.68,19614.68,19654.92,0.0,TSX,TSX,TSE,CAD
20230322,19681.25,19812.97,19532.78,19532.78,0.0,TSX,TSX,TSE,CAD
20230323,19565.88,19681.84,19393.13,19459.92,0.0,TSX,TSX,TSE,CAD
20230324,19391.63,19506.56,19278.62,19501.48,0.0,TSX,TSX,TSE,CAD
20230327,19562.73,19638.63,19511.18,19624.74,0.0,TSX,TSX,TSE,CAD
20230328,19622.9,19700.15,19600.53,19657.53,0.0,TSX,TSX,TSE,CAD
20230329,19730.33,19841.32,19730.33,19837.65,0.0,TSX,TSX,TSE,CAD
20230330,19920.43,19949.11,19866.05,19940.99,0.0,TSX,TSX,TSE,CAD
20230331,19977.47,20126.54,19977.47,20099.89,0.0,TSX,TSX,TSE,CAD
20230403,20108.36,20281.22,20108.36,20278.28,0.0,TSX,TSX,TSE,CAD
20230404,20326.43,20361.26,20203.25,20275.77,0.0,TSX,TSX,TSE,CAD
20230405,20221.39,20246.28,20097.59,20159.55,0.0,TSX,TSX,TSE,CAD
20230406,20157.2,20201.63,20099.8,20196.69,0.0,TSX,TSX,TSE,CAD
20230410,20160.31,20281.09,20151.92,20275.82,0.0,TSX,TSX,TSE,CAD
20230411,20303.89,20461.72,20303.89,20421.85,0.0,TSX,TSX,TSE,CAD
20230412,20505.75,20593.5,20442.73,20454.32,0.0,TSX,TSX,TSE,CAD
20230413,20480.23,20591.87,20469.55,20564.49,0.0,TSX,TSX,TSE,CAD
20230414,20585.32,20638.16,20516.0,20579.91,0.0,TSX,TSX,TSE,CAD
20230417,20576.72,20646.94,20553.42,20641.97,0.0,TSX,TSX,TSE,CAD
20230418,20665.48,20729.52,20659.01,20684.68,0.0,TSX,TSX,TSE,CAD
20230419,20609.11,20694.96,20606.83,20680.83,0.0,TSX,TSX,TSE,CAD
20230420,20614.54,20705.3,20597.09,20630.69,0.0,TSX,TSX,TSE,CAD
20230421,20640.49,20696.5,20602.3,20693.15,0.0,TSX,TSX,TSE,CAD
20230424,20664.88,20709.58,20643.22,20676.74,0.0,TSX,TSX,TSE,CAD
20230425,20636.97,20636.97,20435.52,20439.87,0.0,TSX,TSX,TSE,CAD
20230426,20451.61,20501.53,20324.48,20366.72,0.0,TSX,TSX,TSE,CAD
20230427,20400.81,20546.69,20400.81,20522.64,0.0,TSX,TSX,TSE,CAD
20230428,20502.27,20661.02,20499.54,20636.54,0.0,TSX,TSX,TSE,CAD
20230501,20663.68,20766.87,20613.27,20615.1,0.0,TSX,TSX,TSE,CAD
20230502,20579.17,20579.17,20282.14,20407.55,0.0,TSX,TSX,TSE,CAD
20230503,20397.27,20498.93,20350.04,20354.68,0.0,TSX,TSX,TSE,CAD
20230504,20423.71,20444.18,20237.23,20238.19,0.0,TSX,TSX,TSE,CAD
20230505,20305.35,20565.58,20305.35,20542.03,0.0,TSX,TSX,TSE,CAD
20230508,20586.56,20627.77,20544.15,20585.15,0.0,TSX,TSX,TSE,CAD
20230509,20487.27,20598.97,20455.52,20585.73,0.0,TSX,TSX,TSE,CAD
20230510,20644.3,20644.3,20399.5,20499.31,0.0,TSX,TSX,TSE,CAD
20230511,20439.98,20444.72,20328.36,20417.61,0.0,TSX,TSX,TSE,CAD
20230512,20448.6,20492.07,20346.9,20419.62,0.0,TSX,TSX,TSE,CAD
20230515,20431.8,20544.08,20431.8,20539.97,0.0,TSX,TSX,TSE,CAD
20230516,20452.21,20452.21,20236.77,20242.07,0.0,TSX,TSX,TSE,CAD
20230517,20296.43,20296.43,20296.43,20296.43,0.0,TSX,TSX,TSE,CAD
20230518,20262.75,20302.85,20170.95,20297.09,0.0,TSX,TSX,TSE,CAD
20230519,20356.02,20399.61,20306.65,20351.06,0.0,TSX,TSX,TSE,CAD
20230523,20312.48,20327.48,20138.55,20146.01,0.0,TSX,TSX,TSE,CAD
20230524,20063.88,20063.88,19898.78,19927.69,0.0,TSX,TSX,TSE,CAD
20230525,19879.15,19879.15,19717.36,19774.08,0.0,TSX,TSX,TSE,CAD
20230526,19840.41,19944.09,19832.78,19920.31,0.0,TSX,TSX,TSE,CAD
20230529,19929.01,19991.89,19929.01,19967.95,0.0,TSX,TSX,TSE,CAD
20230530,19919.08,19936.5,19708.37,19739.7,0.0,TSX,TSX,TSE,CAD
20230531,19674.68,19674.68,19522.58,19572.24,0.0,TSX,TSX,TSE,CAD
20230601,19573.0,19735.18,19542.63,19672.25,0.0,TSX,TSX,TSE,CAD
20230602,19783.21,20032.11,19783.21,20024.63,0.0,TSX,TSX,TSE,CAD
20230605,20045.94,20068.3,19926.06,19931.62,0.0,TSX,TSX,TSE,CAD
20230606,19925.92,20059.53,19911.58,20055.6,0.0,TSX,TSX,TSE,CAD
20230607,20068.67,20149.95,19955.57,19983.69,0.0,TSX,TSX,TSE,CAD
20230608,19994.79,19996.33,19855.27,19942.7,0.0,TSX,TSX,TSE,CAD
20230609,19939.97,19976.08,19857.38,19892.06,0.0,TSX,TSX,TSE,CAD
20230612,19862.62,19933.57,19805.94,19921.31,0.0,TSX,TSX,TSE,CAD
20230613,19998.3,20099.24,19975.85,19990.4,0.0,TSX,TSX,TSE,CAD
20230614,20027.81,20098.47,19930.3,20015.09,0.0,TSX,TSX,TSE,CAD
20230615,19986.09,20057.37,19952.24,20027.35,0.0,TSX,TSX,TSE,CAD
20230616,20057.32,20112.35,19973.23,19975.38,0.0,TSX,TSX,TSE,CAD
20230619,19983.66,19985.21,19917.62,19934.21,0.0,TSX,TSX,TSE,CAD
20230620,19881.89,19881.89,19739.84,19754.14,0.0,TSX,TSX,TSE,CAD
20230621,19718.6,19761.7,19656.09,19705.95,0.0,TSX,TSX,TSE,CAD
20230622,19638.51,19638.51,19545.64,19580.9,0.0,TSX,TSX,TSE,CAD
20230623,19511.37,19511.37,19406.46,19418.23,0.0,TSX,TSX,TSE,CAD
20230626,19400.7,19630.47,19400.7,19587.32,0.0,TSX,TSX,TSE,CAD
20230627,19606.69,19757.38,19579.07,19733.09,0.0,TSX,TSX,TSE,CAD
20230628,19749.4,19818.85,19706.53,19818.85,0.0,TSX,TSX,TSE,CAD
20230629,19820.33,19914.49,19790.44,19913.17,0.0,TSX,TSX,TSE,CAD
20230630,19973.37,20178.81,19973.37,20155.29,0.0,TSX,TSX,TSE,CAD
20230704,20180.28,20227.65,20176.63,20204.87,0.0,TSX,TSX,TSE,CAD
20230705,20177.76,20177.76,20086.24,20103.89,0.0,TSX,TSX,TSE,CAD
20230706,20006.05,20006.05,19757.6,19810.69,0.0,TSX,TSX,TSE,CAD
20230707,19740.79,19911.25,19719.58,19831.04,0.0,TSX,TSX,TSE,CAD
20230710,19820.72,19863.3,19798.79,19822.45,0.0,TSX,TSX,TSE,CAD
20230711,19857.58,19882.49,19820.69,19878.56,0.0,TSX,TSX,TSE,CAD
20230712,19957.27,20092.66,19938.14,20070.77,0.0,TSX,TSX,TSE,CAD
20230713,20119.82,20294.34,20119.82,20277.64,0.0,TSX,TSX,TSE,CAD
20230714,20311.02,20336.62,20234.22,20262.07,0.0,TSX,TSX,TSE,CAD
20230717,20231.78,20256.79,20192.59,20226.79,0.0,TSX,TSX,TSE,CAD
20230718,20252.5,20380.0,20243.91,20376.57,0.0,TSX,TSX,TSE,CAD
20230719,20401.5,20497.36,20401.5,20491.17,0.0,TSX,TSX,TSE,CAD
20230720,20487.81,20507.38,20412.37,20436.87,0.0,TSX,TSX,TSE,CAD
20230721,20488.32,20561.96,20479.25,20547.51,0.0,TSX,TSX,TSE,CAD
20230724,20573.67,20623.94,20551.48,20582.12,0.0,TSX,TSX,TSE,CAD
20230725,20590.22,20612.23,20543.49,20551.53,0.0,TSX,TSX,TSE,CAD
20230726,20514.81,20596.18,20492.43,20561.64,0.0,TSX,TSX,TSE,CAD
20230727,20603.5,20610.6,20370.5,20385.47,0.0,TSX,TSX,TSE,CAD
20230728,20472.43,20578.36,20449.48,20519.37,0.0,TSX,TSX,TSE,CAD
20230731,20541.77,20677.25,20541.77,20626.64,0.0,TSX,TSX,TSE,CAD
20230801,20570.56,20585.87,20468.68,20532.93,0.0,TSX,TSX,TSE,CAD
20230802,20423.5,20423.5,20148.23,20218.21,0.0,TSX,TSX,TSE,CAD
20230803,20163.76,20163.76,20077.53,20120.74,0.0,TSX,TSX,TSE,CAD
20230804,20155.87,20356.6,20146.35,20236.04,0.0,TSX,TSX,TSE,CAD
20230808,20187.78,20223.56,20089.94,20205.98,0.0,TSX,TSX,TSE,CAD
20230809,20230.21,20317.22,20211.77,20275.27,0.0,TSX,TSX,TSE,CAD
20230810,20353.43,20444.64,20279.72,20342.88,0.0,TSX,TSX,TSE,CAD
20230811,20300.53,20415.04,20293.5,20407.57,0.0,TSX,TSX,TSE,CAD
20230814,20337.74,20338.8,20237.9,20290.54,0.0,TSX,TSX,TSE,CAD
20230815,20190.16,20190.16,19888.28,19899.79,0.0,TSX,TSX,TSE,CAD
20230816,19857.27,19965.71,19852.04,19899.07,0.0,TSX,TSX,TSE,CAD
20230817,19956.42,20008.92,19792.51,19812.23,0.0,TSX,TSX,TSE,CAD
20230818,19746.34,19845.3,19683.85,19818.39,0.0,TSX,TSX,TSE,CAD
20230821,19837.55,19875.74,19733.48,19784.87,0.0,TSX,TSX,TSE,CAD
20230822,19820.43,19820.43,19675.13,19691.21,0.0,TSX,TSX,TSE,CAD
20230823,19718.82,19907.28,19713.51,19879.79,0.0,TSX,TSX,TSE,CAD
20230824,19861.99,19900.88,19775.83,19775.83,0.0,TSX,TSX,TSE,CAD
20230825,19838.1,19883.57,19681.77,19835.75,0.0,TSX,TSX,TSE,CAD
20230828,19900.31,20038.61,19900.31,20025.14,0.0,TSX,TSX,TSE,CAD
20230829,20014.33,20290.78,19999.6,20290.41,0.0,TSX,TSX,TSE,CAD
20230830,20319.44,20403.36,20309.42,20330.32,0.0,TSX,TSX,TSE,CAD
20230831,20392.73,20426.66,20286.63,20292.62,0.0,TSX,TSX,TSE,CAD
20230901,20398.79,20575.36,20398.79,20545.36,0.0,TSX,TSX,TSE,CAD
20230905,20521.4,20546.42,20412.93,20413.76,0.0,TSX,TSX,TSE,CAD
20230906,20375.14,20375.14,20181.61,20226.96,0.0,TSX,TSX,TSE,CAD
20230907,20175.63,20224.7,20119.4,20132.08,0.0,TSX,TSX,TSE,CAD
20230908,20118.83,20161.08,20066.44,20074.65,0.0,TSX,TSX,TSE,CAD
20230911,20117.71,20222.9,20096.94,20182.76,0.0,TSX,TSX,TSE,CAD
20230912,20154.28,20267.91,20154.28,20223.08,0.0,TSX,TSX,TSE,CAD
20230913,20228.79,20298.66,20202.71,20278.94,0.0,TSX,TSX,TSE,CAD
20230914,20370.44,20576.52,20370.44,20567.84,0.0,TSX,TSX,TSE,CAD
20230915,20558.46,20652.2,20534.47,20622.34,0.0,TSX,TSX,TSE,CAD
20230918,20592.75,20598.56,20449.11,20492.83,0.0,TSX,TSX,TSE,CAD
20230919,20447.74,20447.74,20203.3,20218.89,0.0,TSX,TSX,TSE,CAD
20230920,20238.25,20351.5,20214.41,20214.7,0.0,TSX,TSX,TSE,CAD
20230921,20115.03,20115.03,19791.62,19791.62,0.0,TSX,TSX,TSE,CAD
20230922,19852.12,19898.94,19769.34,19779.97,0.0,TSX,TSX,TSE,CAD
20230925,19733.65,19850.16,19671.77,19800.61,0.0,TSX,TSX,TSE,CAD
20230926,19729.11,19774.71,19555.49,19556.15,0.0,TSX,TSX,TSE,CAD
20230927,19590.36,19633.42,19341.44,19435.98,0.0,TSX,TSX,TSE,CAD
20230928,19424.24,19629.01,19409.62,19590.74,0.0,TSX,TSX,TSE,CAD
20230929,19671.34,19707.58,19529.94,19541.27,0.0,TSX,TSX,TSE,CAD
20231002,19520.86,19520.86,19145.34,19177.18,0.0,TSX,TSX,TSE,CAD
20231003,19094.57,19125.87,18945.79,19020.92,0.0,TSX,TSX,TSE,CAD
20231004,19017.66,19052.16,18847.09,19034.81,0.0,TSX,TSX,TSE,CAD
20231005,18999.54,19157.53,18997.78,19137.81,0.0,TSX,TSX,TSE,CAD
20231006,19079.62,19283.77,18907.62,19246.07,0.0,TSX,TSX,TSE,CAD
20231010,19304.1,19573.04,19304.1,19501.2,0.0,TSX,TSX,TSE,CAD
20231011,19557.46,19669.56,19541.68,19663.84,0.0,TSX,TSX,TSE,CAD
20231012,19673.57,19702.09,19410.51,19500.24,0.0,TSX,TSX,TSE,CAD
20231013,19620.48,19659.13,19435.04,19462.86,0.0,TSX,TSX,TSE,CAD
20231016,19498.11,19643.09,19426.87,19620.8,0.0,TSX,TSX,TSE,CAD
20231017,19561.61,19768.64,19552.24,19692.8,0.0,TSX,TSX,TSE,CAD
20231018,19670.14,19670.14,19434.34,19450.7,0.0,TSX,TSX,TSE,CAD
20231019,19448.63,19505.24,19327.12,19348.81,0.0,TSX,TSX,TSE,CAD
20231020,19309.5,19309.5,19115.64,19115.64,0.0,TSX,TSX,TSE,CAD
20231023,19042.88,19193.35,18937.56,19046.74,0.0,TSX,TSX,TSE,CAD
20231024,19091.21,19139.19,18952.15,18986.49,0.0,TSX,TSX,TSE,CAD
20231025,18929.68,19090.76,18922.4,18947.85,0.0,TSX,TSX,TSE,CAD
20231026,18918.13,18987.4,18811.3,18875.31,0.0,TSX,TSX,TSE,CAD
20231027,18916.12,18927.38,18692.06,18737.39,0.0,TSX,TSX,TSE,CAD
20231030,18794.45,18966.82,18762.32,18856.77,0.0,TSX,TSX,TSE,CAD
20231031,18883.83,18928.22,18823.89,18873.47,0.0,TSX,TSX,TSE,CAD
20231101,18926.16,19089.73,18907.74,19079.0,0.0,TSX,TSX,TSE,CAD
20231102,19162.38,19640.06,19162.38,19626.34,0.0,TSX,TSX,TSE,CAD
20231103,19701.26,19888.4,19690.3,19824.85,0.0,TSX,TSX,TSE,CAD
20231106,19850.28,19905.37,19709.99,19743.94,0.0,TSX,TSX,TSE,CAD
20231107,19701.29,19701.29,19530.67,19575.59,0.0,TSX,TSX,TSE,CAD
20231108,19566.4,19646.03,19479.39,19530.21,0.0,TSX,TSX,TSE,CAD
20231109,19578.75,19791.12,19578.75,19587.41,0.0,TSX,TSX,TSE,CAD
20231110,19596.18,19655.92,19503.17,19654.47,0.0,TSX,TSX,TSE,CAD
20231113,19637.69,19775.56,19606.34,19709.15,0.0,TSX,TSX,TSE,CAD
20231114,19863.47,20071.03,19863.47,20023.72,0.0,TSX,TSX,TSE,CAD
20231115,20061.0,20139.34,20035.35,20057.89,0.0,TSX,TSX,TSE,CAD
20231116,20051.54,20089.5,19969.93,20053.07,0.0,TSX,TSX,TSE,CAD
20231117,20096.54,20206.63,20096.54,20175.77,0.0,TSX,TSX,TSE,CAD
20231120,20166.16,20262.02,20125.94,20246.47,0.0,TSX,TSX,TSE,CAD
20231121,20222.83,20259.47,20104.31,20109.97,0.0,TSX,TSX,TSE,CAD
20231122,20123.2,20168.67,20048.89,20113.96,0.0,TSX,TSX,TSE,CAD
20231123,20101.89,20179.32,20101.89,20116.66,0.0,TSX,TSX,TSE,CAD
20231124,20091.67,20156.72,20070.49,20103.11,0.0,TSX,TSX,TSE,CAD
20231127,20103.69,20106.53,20031.8,20032.66,0.0,TSX,TSX,TSE,CAD
20231128,19955.7,20075.97,19918.47,20036.77,0.0,TSX,TSX,TSE,CAD
20231129,20063.27,20156.3,20042.72,20116.2,0.0,TSX,TSX,TSE,CAD
20231130,20157.59,20244.24,20107.27,20236.29,0.0,TSX,TSX,TSE,CAD
20231201,20208.12,20459.74,20154.93,20452.88,0.0,TSX,TSX,TSE,CAD
20231204,20407.03,20473.19,20341.36,20410.21,0.0,TSX,TSX,TSE,CAD
20231205,20382.55,20453.69,20361.22,20375.93,0.0,TSX,TSX,TSE,CAD
20231206,20392.71,20492.06,20271.63,20274.21,0.0,TSX,TSX,TSE,CAD
20231207,20301.55,20315.8,20236.48,20278.51,0.0,TSX,TSX,TSE,CAD
20231208,20271.6,20376.64,20265.77,20331.54,0.0,TSX,TSX,TSE,CAD
20231211,20304.8,20319.5,20209.28,20318.36,0.0,TSX,TSX,TSE,CAD
20231212,20308.04,20308.04,20162.09,20233.84,0.0,TSX,TSX,TSE,CAD
20231213,20217.21,20629.45,20125.08,20629.45,0.0,TSX,TSX,TSE,CAD
20231214,20682.11,20842.41,20682.11,20778.8,0.0,TSX,TSX,TSE,CAD
20231215,20783.97,20783.97,20499.5,20529.15,0.0,TSX,TSX,TSE,CAD
20231218,20543.78,20676.19,20543.78,20622.71,0.0,TSX,TSX,TSE,CAD
20231219,20651.66,20848.83,20651.66,20839.63,0.0,TSX,TSX,TSE,CAD
20231220,20821.01,20891.87,20598.55,20600.81,0.0,TSX,TSX,TSE,CAD
20231221,20663.69,20810.03,20663.69,20765.73,0.0,TSX,TSX,TSE,CAD
20231222,20796.85,20938.66,20796.85,20881.19,0.0,TSX,TSX,TSE,CAD
20231227,20879.03,21091.05,20879.03,21015.91,0.0,TSX,TSX,TSE,CAD
20231228,20975.97,21022.77,20914.54,20929.38,0.0,TSX,TSX,TSE,CAD
20231229,20921.39,20965.89,20860.31,20958.44,0.0,TSX,TSX,TSE,CAD
20240102,20904.25,20937.22,20823.62,20872.13,0.0,TSX,TSX,TSE,CAD
20240103,20803.96,20892.06,20707.9,20818.58,0.0,TSX,TSX,TSE,CAD
20240104,20820.53,20949.28,20793.57,20871.35,0.0,TSX,TSX,TSE,CAD
20240105,20850.72,21014.76,20839.34,20937.55,0.0,TSX,TSX,TSE,CAD
20240108,20917.32,21076.44,20875.22,21074.91,0.0,TSX,TSX,TSE,CAD
20240109,21023.53,21023.53,20880.43,20970.98,0.0,TSX,TSX,TSE,CAD
20240110,20965.03,21030.59,20965.03,20989.42,0.0,TSX,TSX,TSE,CAD
20240111,20992.65,21023.36,20773.14,20918.4,0.0,TSX,TSX,TSE,CAD
20240112,20965.7,21140.88,20957.19,20990.22,0.0,TSX,TSX,TSE,CAD
20240115,20966.9,21073.56,20932.47,21061.88,0.0,TSX,TSX,TSE,CAD
20240116,20998.74,21006.14,20842.98,20948.09,0.0,TSX,TSX,TSE,CAD
20240117,20847.63,20847.63,20594.2,20695.02,0.0,TSX,TSX,TSE,CAD
20240118,20725.88,20782.26,20659.03,20756.73,0.0,TSX,TSX,TSE,CAD
20240119,20763.2,20909.13,20676.51,20906.52,0.0,TSX,TSX,TSE,CAD
20240122,20930.93,20975.28,20847.14,20924.3,0.0,TSX,TSX,TSE,CAD
20240123,20939.55,21042.85,20939.55,21034.59,0.0,TSX,TSX,TSE,CAD
20240124,21083.56,21161.22,21019.37,21025.78,0.0,TSX,TSX,TSE,CAD
20240125,21058.81,21120.7,21021.82,21101.54,0.0,TSX,TSX,TSE,CAD
20240126,21084.98,21142.31,21079.9,21125.28,0.0,TSX,TSX,TSE,CAD
20240129,21106.39,21213.02,21014.98,21200.06,0.0,TSX,TSX,TSE,CAD
20240130,21187.85,21250.47,21104.04,21227.87,0.0,TSX,TSX,TSE,CAD
20240131,21204.87,21250.9,21014.17,21021.88,0.0,TSX,TSX,TSE,CAD
20240201,21065.45,21189.26,20980.93,21119.21,0.0,TSX,TSX,TSE,CAD
20240202,21128.09,21128.09,20943.08,21085.09,0.0,TSX,TSX,TSE,CAD
20240205,21053.51,21053.51,20825.62,20871.89,0.0,TSX,TSX,TSE,CAD
20240206,20876.77,20978.88,20869.6,20957.74,0.0,TSX,TSX,TSE,CAD
20240207,20961.59,20990.69,20900.94,20969.18,0.0,TSX,TSX,TSE,CAD
20240208,20926.89,20989.83,20794.59,20919.64,0.0,TSX,TSX,TSE,CAD
20240209,20942.45,21028.35,20891.13,21009.6,0.0,TSX,TSX,TSE,CAD
20240212,21011.93,21145.82,21011.93,21067.3,0.0,TSX,TSX,TSE,CAD
20240213,20861.5,20861.5,20466.5,20584.97,0.0,TSX,TSX,TSE,CAD
20240214,20664.72,20890.11,20664.72,20889.4,0.0,TSX,TSX,TSE,CAD
20240215,20919.86,21236.17,20919.86,21222.69,0.0,TSX,TSX,TSE,CAD
20240216,21206.39,21323.98,21197.25,21255.62,0.0,TSX,TSX,TSE,CAD
20240220,21216.17,21288.34,21183.54,21217.53,0.0,TSX,TSX,TSE,CAD
20240221,21177.69,21197.4,21100.67,21172.38,0.0,TSX,TSX,TSE,CAD
20240222,21259.99,21365.35,21259.99,21318.08,0.0,TSX,TSX,TSE,CAD
20240223,21314.63,21440.41,21274.41,21413.15,0.0,TSX,TSX,TSE,CAD
20240226,21391.67,21449.92,21300.8,21324.31,0.0,TSX,TSX,TSE,CAD
20240227,21304.34,21346.43,21264.5,21318.9,0.0,TSX,TSX,TSE,CAD
20240228,21296.85,21329.45,21239.87,21243.77,0.0,TSX,TSX,TSE,CAD
20240229,21298.98,21382.32,21287.06,21363.62,0.0,TSX,TSX,TSE,CAD
20240301,21394.23,21605.0,21394.23,21552.35,0.0,TSX,TSX,TSE,CAD
20240304,21546.53,21584.57,21491.34,21531.07,0.0,TSX,TSX,TSE,CAD
20240305,21517.91,21622.99,21489.69,21525.93,0.0,TSX,TSX,TSE,CAD
20240306,21580.56,21712.73,21546.58,21593.96,0.0,TSX,TSX,TSE,CAD
20240307,21629.05,21799.52,21629.05,21794.56,0.0,TSX,TSX,TSE,CAD
20240308,21814.95,21892.06,21694.1,21737.53,0.0,TSX,TSX,TSE,CAD
20240311,21697.49,21781.52,21633.91,21769.21,0.0,TSX,TSX,TSE,CAD
20240312,21786.06,21840.59,21716.44,21831.02,0.0,TSX,TSX,TSE,CAD
20240313,21838.07,22008.64,21838.07,21970.11,0.0,TSX,TSX,TSE,CAD
20240314,21954.83,21954.83,21737.51,21829.86,0.0,TSX,TSX,TSE,CAD
20240315,21808.78,21893.88,21788.67,21849.15,0.0,TSX,TSX,TSE,CAD
20240318,21874.61,21874.61,21810.4,21837.18,0.0,TSX,TSX,TSE,CAD
20240319,21842.43,21931.38,21832.73,21860.58,0.0,TSX,TSX,TSE,CAD
20240320,21847.14,22065.9,21837.91,22045.71,0.0,TSX,TSX,TSE,CAD
20240321,22063.05,22197.06,22063.05,22087.26,0.0,TSX,TSX,TSE,CAD
20240322,22090.53,22123.09,21964.98,21984.08,0.0,TSX,TSX,TSE,CAD
20240325,21968.61,22069.13,21940.99,21942.28,0.0,TSX,TSX,TSE,CAD
20240326,21960.06,22037.66,21906.24,21912.52,0.0,TSX,TSX,TSE,CAD
20240327,21960.39,22107.08,21953.51,22107.08,0.0,TSX,TSX,TSE,CAD
20240328,22126.0,22220.91,22126.0,22167.03,0.0,TSX,TSX,TSE,CAD
20240401,22186.52,22204.74,22110.6,22185.25,0.0,TSX,TSX,TSE,CAD
20240402,22127.65,22127.65,21996.91,22075.1,0.0,TSX,TSX,TSE,CAD
20240403,22063.34,22173.6,22062.72,22112.46,0.0,TSX,TSX,TSE,CAD
20240404,22156.29,22239.05,22000.98,22051.79,0.0,TSX,TSX,TSE,CAD
20240405,22077.65,22316.92,22076.98,22264.38,0.0,TSX,TSX,TSE,CAD
20240408,22264.29,22309.69,22178.67,22260.3,0.0,TSX,TSX,TSE,CAD
20240409,22294.46,22380.16,22168.64,22361.78,0.0,TSX,TSX,TSE,CAD
20240410,22272.71,22272.71,22099.19,22199.13,0.0,TSX,TSX,TSE,CAD
20240411,22206.59,22221.84,21985.68,22110.11,0.0,TSX,TSX,TSE,CAD
20240412,22114.82,22208.29,21827.35,21899.99,0.0,TSX,TSX,TSE,CAD
20240415,21952.67,22025.04,21678.64,21740.2,0.0,TSX,TSX,TSE,CAD
20240416,21717.43,21726.15,21536.09,21642.88,0.0,TSX,TSX,TSE,CAD
20240417,21686.59,21824.29,21568.63,21656.05,0.0,TSX,TSX,TSE,CAD
20240418,21676.26,21799.35,21601.59,21708.44,0.0,TSX,TSX,TSE,CAD
20240419,21710.23,21871.49,21679.8,21807.38,0.0,TSX,TSX,TSE,CAD
20240422,21791.37,21930.89,21733.79,21871.96,0.0,TSX,TSX,TSE,CAD
20240423,21884.58,22051.15,21854.19,22011.72,0.0,TSX,TSX,TSE,CAD
20240424,21995.46,22028.65,21796.88,21873.72,0.0,TSX,TSX,TSE,CAD
20240425,21805.05,21920.15,21638.37,21885.38,0.0,TSX,TSX,TSE,CAD
20240426,21907.48,21997.95,21907.48,21969.24,0.0,TSX,TSX,TSE,CAD
20240429,22009.01,22052.06,21903.05,22011.62,0.0,TSX,TSX,TSE,CAD
20240430,21941.01,21958.48,21714.54,21714.54,0.0,TSX,TSX,TSE,CAD
20240501,21692.03,21911.32,21623.71,21728.54,0.0,TSX,TSX,TSE,CAD
20240502,21780.83,21889.26,21682.39,21823.22,0.0,TSX,TSX,TSE,CAD
20240503,21909.55,21983.45,21859.69,21947.41,0.0,TSX,TSX,TSE,CAD
20240506,21988.83,22261.72,21988.83,22259.47,0.0,TSX,TSX,TSE,CAD
20240507,22279.49,22347.39,22261.01,22290.63,0.0,TSX,TSX,TSE,CAD
20240508,22089.56,22262.01,22048.94,22259.16,0.0,TSX,TSX,TSE,CAD
20240509,22287.01,22426.97,22287.01,22375.83,0.0,TSX,TSX,TSE,CAD
20240510,22395.77,22470.27,22298.67,22308.93,0.0,TSX,TSX,TSE,CAD
20240513,22323.16,22370.68,22238.33,22259.18,0.0,TSX,TSX,TSE,CAD
20240514,22270.97,22309.03,22182.88,22243.34,0.0,TSX,TSX,TSE,CAD
20240515,22276.96,22334.69,22214.61,22284.76,0.0,TSX,TSX,TSE,CAD
20240516,22288.82,22330.02,22260.71,22299.82,0.0,TSX,TSX,TSE,CAD
20240517,22326.03,22468.62,22301.06,22465.37,0.0,TSX,TSX,TSE,CAD
20240521,22436.4,22554.98,22416.01,22468.16,0.0,TSX,TSX,TSE,CAD
20240522,22434.12,22439.11,22283.49,22346.76,0.0,TSX,TSX,TSE,CAD
20240523,22376.7,22421.1,22134.74,22200.79,0.0,TSX,TSX,TSE,CAD
20240524,22220.32,22354.81,22220.32,22320.87,0.0,TSX,TSX,TSE,CAD
20240527,22337.32,22388.91,22337.32,22373.38,0.0,TSX,TSX,TSE,CAD
20240528,22346.93,22346.93,22209.3,22265.05,0.0,TSX,TSX,TSE,CAD
20240529,22170.16,22170.16,21896.66,21897.98,0.0,TSX,TSX,TSE,CAD
20240530,21915.3,22108.76,21915.3,22071.71,0.0,TSX,TSX,TSE,CAD
20240531,22102.84,22271.16,21966.17,22269.12,0.0,TSX,TSX,TSE,CAD
20240603,22262.05,22312.13,22014.86,22116.69,0.0,TSX,TSX,TSE,CAD
20240604,22059.94,22059.94,21828.4,21978.18,0.0,TSX,TSX,TSE,CAD
20240605,22028.34,22180.25,22028.34,22145.02,0.0,TSX,TSX,TSE,CAD
20240606,22125.47,22234.97,22125.47,22229.1,0.0,TSX,TSX,TSE,CAD
20240607,22139.12,22144.29,22002.68,22007.0,0.0,TSX,TSX,TSE,CAD
20240610,21992.69,22105.69,21953.44,22069.76,0.0,TSX,TSX,TSE,CAD
20240611,22011.14,22011.14,21842.9,21887.34,0.0,TSX,TSX,TSE,CAD
20240612,21986.32,22127.72,21933.31,21961.55,0.0,TSX,TSX,TSE,CAD
20240613,21930.76,21930.76,21680.06,21698.11,0.0,TSX,TSX,TSE,CAD
20240614,21667.14,21667.14,21486.83,21639.1,0.0,TSX,TSX,TSE,CAD
20240617,21584.27,21604.09,21466.6,21587.88,0.0,TSX,TSX,TSE,CAD
20240618,21568.99,21708.06,21567.0,21611.3,0.0,TSX,TSX,TSE,CAD
20240619,21591.79,21642.02,21491.59,21516.9,0.0,TSX,TSX,TSE,CAD
20240620,21520.41,21662.39,21520.41,21581.35,0.0,TSX,TSX,TSE,CAD
20240621,21575.99,21586.39,21499.57,21554.86,0.0,TSX,TSX,TSE,CAD
20240624,21585.3,21866.93,21585.3,21848.59,0.0,TSX,TSX,TSE,CAD
20240625,21834.25,21834.25,21704.74,21788.48,0.0,TSX,TSX,TSE,CAD
20240626,21724.88,21807.67,21680.82,21793.9,0.0,TSX,TSX,TSE,CAD
20240627,21798.38,21956.71,21798.38,21942.16,0.0,TSX,TSX,TSE,CAD
20240628,21973.1,22050.29,21807.34,21875.79,0.0,TSX,TSX,TSE,CAD
20240702,21850.36,21955.65,21802.33,21953.8,0.0,TSX,TSX,TSE,CAD
20240703,22003.65,22273.93,22003.65,22223.68,0.0,TSX,TSX,TSE,CAD
20240704,22225.05,22286.98,22224.65,22244.02,0.0,TSX,TSX,TSE,CAD
20240705,22277.54,22288.9,22059.03,22059.03,0.0,TSX,TSX,TSE,CAD
20240708,22048.11,22133.61,21997.58,22126.13,0.0,TSX,TSX,TSE,CAD
20240709,22098.97,22113.7,22028.36,22042.5,0.0,TSX,TSX,TSE,CAD
20240710,22074.15,22354.11,22074.15,22350.22,0.0,TSX,TSX,TSE,CAD
20240711,22399.77,22574.65,22399.77,22544.13,0.0,TSX,TSX,TSE,CAD
20240712,22571.24,22750.33,22571.24,22673.52,0.0,TSX,TSX,TSE,CAD
20240715,22693.69,22818.42,22633.24,22751.68,0.0,TSX,TSX,TSE,CAD
20240716,22810.07,22995.39,22757.67,22995.39,0.0,TSX,TSX,TSE,CAD
20240717,22914.84,22952.71,22808.17,22851.17,0.0,TSX,TSX,TSE,CAD
20240718,22857.18,22888.31,22648.9,22726.76,0.0,TSX,TSX,TSE,CAD
20240719,22676.54,22770.39,22616.17,22690.39,0.0,TSX,TSX,TSE,CAD
20240722,22742.56,22892.33,22700.88,22872.65,0.0,TSX,TSX,TSE,CAD
20240723,22870.75,22871.13,22771.14,22813.75,0.0,TSX,TSX,TSE,CAD
20240724,22756.17,22844.82,22639.57,22639.57,0.0,TSX,TSX,TSE,CAD
20240725,22597.09,22719.12,22463.96,22608.03,0.0,TSX,TSX,TSE,CAD
20240726,22683.88,22843.22,22683.88,22814.81,0.0,TSX,TSX,TSE,CAD
20240729,22836.81,22877.33,22703.79,22779.56,0.0,TSX,TSX,TSE,CAD
20240730,22787.24,22900.38,22775.46,22824.68,0.0,TSX,TSX,TSE,CAD
20240731,22906.55,23209.68,22906.55,23110.81,0.0,TSX,TSX,TSE,CAD
20240801,23105.29,23123.89,22622.0,22723.21,0.0,TSX,TSX,TSE,CAD
20240802,22557.34,22557.34,22020.18,22227.63,0.0,TSX,TSX,TSE,CAD
20240806,22013.86,22063.31,21659.26,21979.36,0.0,TSX,TSX,TSE,CAD
20240807,22199.94,22267.16,21835.69,21880.95,0.0,TSX,TSX,TSE,CAD
20240808,21949.85,22288.79,21949.85,22225.62,0.0,TSX,TSX,TSE,CAD
20240809,22245.38,22324.86,22131.01,22311.3,0.0,TSX,TSX,TSE,CAD
20240812,22341.42,22452.7,22322.76,22398.93,0.0,TSX,TSX,TSE,CAD
20240813,22439.73,22620.48,22439.73,22618.18,0.0,TSX,TSX,TSE,CAD
20240814,22620.94,22763.69,22601.87,22760.01,0.0,TSX,TSX,TSE,CAD
20240815,22877.62,23074.55,22877.62,23032.72,0.0,TSX,TSX,TSE,CAD
20240816,23015.23,23070.6,22984.44,23054.61,0.0,TSX,TSX,TSE,CAD
20240819,23039.22,23192.49,23039.22,23116.39,0.0,TSX,TSX,TSE,CAD
20240820,23117.07,23131.34,22994.27,23037.44,0.0,TSX,TSX,TSE,CAD
20240821,23025.22,23125.86,23025.22,23121.73,0.0,TSX,TSX,TSE,CAD
20240822,23092.18,23110.2,22983.11,23037.47,0.0,TSX,TSX,TSE,CAD
20240823,23100.66,23342.62,23100.66,23286.08,0.0,TSX,TSX,TSE,CAD
20240826,23304.32,23413.95,23304.32,23348.97,0.0,TSX,TSX,TSE,CAD
20240827,23281.27,23315.38,23185.74,23259.96,0.0,TSX,TSX,TSE,CAD
20240828,23230.59,23239.43,23063.68,23126.98,0.0,TSX,TSX,TSE,CAD
20240829,23174.56,23336.93,23174.56,23227.49,0.0,TSX,TSX,TSE,CAD
20240830,23219.61,23352.98,23148.48,23346.18,0.0,TSX,TSX,TSE,CAD
20240903,23282.33,23282.33,22976.55,23042.45,0.0,TSX,TSX,TSE,CAD
20240904,22986.23,23146.03,22981.35,23040.76,0.0,TSX,TSX,TSE,CAD
20240905,23070.19,23173.82,22976.27,22988.28,0.0,TSX,TSX,TSE,CAD
20240906,22997.17,23119.34,22679.86,22781.43,0.0,TSX,TSX,TSE,CAD
20240909,22879.16,23082.44,22879.16,23027.15,0.0,TSX,TSX,TSE,CAD
20240910,23030.65,23030.65,22791.55,23003.09,0.0,TSX,TSX,TSE,CAD
20240911,22999.41,23211.18,22829.24,23211.18,0.0,TSX,TSX,TSE,CAD
20240912,23231.71,23483.11,23231.71,23475.14,0.0,TSX,TSX,TSE,CAD
20240913,23523.48,23637.25,23523.48,23568.65,0.0,TSX,TSX,TSE,CAD
20240916,23583.09,23721.61,23548.71,23702.07,0.0,TSX,TSX,TSE,CAD
20240917,23754.9,23800.59,23603.85,23677.71,0.0,TSX,TSX,TSE,CAD
20240918,23672.34,23780.22,23557.38,23592.6,0.0,TSX,TSX,TSE,CAD
20240919,23756.31,23909.53,23729.4,23866.27,0.0,TSX,TSX,TSE,CAD
20240920,23875.09,23883.39,23740.37,23867.37,0.0,TSX,TSX,TSE,CAD
20240923,23877.24,23961.44,23807.7,23894.71,0.0,TSX,TSX,TSE,CAD
20240924,23931.35,24011.19,23919.51,23952.22,0.0,TSX,TSX,TSE,CAD
20240925,23938.33,23962.14,23876.65,23905.88,0.0,TSX,TSX,TSE,CAD
20240926,23943.55,24107.0,23943.55,24033.83,0.0,TSX,TSX,TSE,CAD
20240927,24041.12,24075.56,23955.58,23956.82,0.0,TSX,TSX,TSE,CAD
20240930,23901.47,24010.8,23824.16,24000.37,0.0,TSX,TSX,TSE,CAD
20241001,23982.87,24065.82,23875.68,24033.99,0.0,TSX,TSX,TSE,CAD
20241002,24068.53,24113.27,23951.19,24001.55,0.0,TSX,TSX,TSE,CAD
20241003,23966.66,23982.24,23823.96,23968.5,0.0,TSX,TSX,TSE,CAD
20241004,24044.64,24179.28,24044.64,24162.83,0.0,TSX,TSX,TSE,CAD
20241007,24137.87,24173.06,23988.17,24102.71,0.0,TSX,TSX,TSE,CAD
20241008,24076.44,24083.13,23969.27,24072.51,0.0,TSX,TSX,TSE,CAD
20241009,24043.69,24230.05,24009.45,24224.9,0.0,TSX,TSX,TSE,CAD
20241010,24176.4,24315.49,24134.87,24302.26,0.0,TSX,TSX,TSE,CAD
20241011,24302.28,24520.26,24302.28,24471.17,0.0,TSX,TSX,TSE,CAD
20241015,24459.16,24479.22,24357.87,24439.08,0.0,TSX,TSX,TSE,CAD
20241016,24469.03,24603.11,24469.03,24561.2,0.0,TSX,TSX,TSE,CAD
20241017,24602.25,24704.44,24602.25,24690.48,0.0,TSX,TSX,TSE,CAD
20241018,24714.13,24850.15,24697.95,24822.54,0.0,TSX,TSX,TSE,CAD
20241021,24838.23,24922.92,24692.09,24723.33,0.0,TSX,TSX,TSE,CAD
20241022,24681.45,24724.53,24565.21,24716.71,0.0,TSX,TSX,TSE,CAD
20241023,24675.4,24708.98,24453.4,24573.62,0.0,TSX,TSX,TSE,CAD
20241024,24557.07,24590.52,24372.34,24551.55,0.0,TSX,TSX,TSE,CAD
20241025,24546.99,24606.92,24435.83,24463.67,0.0,TSX,TSX,TSE,CAD
20241028,24456.85,24598.96,24406.43,24565.66,0.0,TSX,TSX,TSE,CAD
20241029,24542.83,24591.36,24461.86,24562.55,0.0,TSX,TSX,TSE,CAD
20241030,24486.37,24571.26,24428.1,24507.79,0.0,TSX,TSX,TSE,CAD
20241031,24457.76,24457.76,24098.49,24156.87,0.0,TSX,TSX,TSE,CAD
20241101,24225.28,24365.11,24205.16,24255.16,0.0,TSX,TSX,TSE,CAD
20241104,24219.16,24353.36,24162.22,24256.06,0.0,TSX,TSX,TSE,CAD
20241105,24262.54,24393.82,24231.83,24387.9,0.0,TSX,TSX,TSE,CAD
20241106,24483.17,24646.41,24315.15,24637.45,0.0,TSX,TSX,TSE,CAD
20241107,24651.37,24869.23,24644.34,24845.93,0.0,TSX,TSX,TSE,CAD
20241108,24804.26,24804.26,24679.72,24759.4,0.0,TSX,TSX,TSE,CAD
20241111,24783.63,24901.51,24772.48,24789.28,0.0,TSX,TSX,TSE,CAD
20241112,24979.77,25024.93,24826.14,24923.01,0.0,TSX,TSX,TSE,CAD
20241113,24917.73,25002.96,24860.56,24989.02,0.0,TSX,TSX,TSE,CAD
20241114,24990.08,25137.7,24990.08,25049.67,0.0,TSX,TSX,TSE,CAD
20241115,25004.49,25004.49,24814.91,24890.68,0.0,TSX,TSX,TSE,CAD
20241118,24906.47,25082.87,24906.47,24976.95,0.0,TSX,TSX,TSE,CAD
20241119,24887.44,25018.61,24787.79,25010.77,0.0,TSX,TSX,TSE,CAD
20241120,25022.59,25041.6,24909.72,25036.46,0.0,TSX,TSX,TSE,CAD
20241121,25076.88,25402.06,25040.64,25390.69,0.0,TSX,TSX,TSE,CAD
20241122,25395.74,25478.37,25360.12,25444.28,0.0,TSX,TSX,TSE,CAD
20241125,25457.27,25542.57,25389.74,25410.35,0.0,TSX,TSX,TSE,CAD
20241126,25391.73,25437.2,25288.46,25405.14,0.0,TSX,TSX,TSE,CAD
20241127,25388.48,25524.57,25385.4,25488.3,0.0,TSX,TSX,TSE,CAD
20241128,25483.37,25593.47,25483.37,25543.52,0.0,TSX,TSX,TSE,CAD
20241129,25530.24,25694.45,25528.97,25648.0,0.0,TSX,TSX,TSE,CAD
20241202,25650.33,25706.5,25492.57,25590.33,0.0,TSX,TSX,TSE,CAD
20241203,25589.24,25693.68,25578.72,25635.73,0.0,TSX,TSX,TSE,CAD
20241204,25666.43,25743.53,25573.61,25641.18,0.0,TSX,TSX,TSE,CAD
20241205,25550.92,25760.15,25550.92,25680.04,0.0,TSX,TSX,TSE,CAD
20241206,25743.0,25826.98,25684.67,25691.8,0.0,TSX,TSX,TSE,CAD
20241209,25713.03,25843.2,25607.98,25625.42,0.0,TSX,TSX,TSE,CAD
20241210,25616.67,25621.73,25498.9,25504.33,0.0,TSX,TSX,TSE,CAD
20241211,25558.81,25674.74,25533.84,25657.7,0.0,TSX,TSX,TSE,CAD
20241212,25607.22,25607.22,25393.69,25410.71,0.0,TSX,TSX,TSE,CAD
20241213,25403.58,25403.58,25216.42,25274.3,0.0,TSX,TSX,TSE,CAD
20241216,25255.85,25265.3,25133.83,25147.21,0.0,TSX,TSX,TSE,CAD
20241217,25070.82,25131.81,25008.08,25119.71,0.0,TSX,TSX,TSE,CAD
20241218,25094.99,25116.33,24512.68,24557.0,0.0,TSX,TSX,TSE,CAD
20241219,24590.88,24650.44,24408.52,24413.94,0.0,TSX,TSX,TSE,CAD
20241220,24361.33,24720.87,24250.02,24599.48,0.0,TSX,TSX,TSE,CAD
20241223,24566.27,24748.98,24510.5,24748.98,0.0,TSX,TSX,TSE,CAD
20241224,24748.22,24846.82,24665.58,24846.82,0.0,TSX,TSX,TSE,CAD
20241227,24801.65,24876.75,24701.2,24796.4,0.0,TSX,TSX,TSE,CAD
20241230,24667.06,24691.51,24491.51,24620.59,0.0,TSX,TSX,TSE,CAD
20241231,24651.48,24767.8,24651.48,24727.94,0.0,TSX,TSX,TSE,CAD
20250102,24821.15,25003.17,24777.09,24898.03,0.0,TSX,TSX,TSE,CAD
20250103,24939.96,25086.04,24939.96,25073.54,0.0,TSX,TSX,TSE,CAD
20250106,25168.99,25222.37,24967.89,24999.79,0.0,TSX,TSX,TSE,CAD
20250107,25059.89,25197.0,24863.85,24929.89,0.0,TSX,TSX,TSE,CAD
20250108,24930.02,25061.55,24856.17,25051.68,0.0,TSX,TSX,TSE,CAD
20250109,25040.14,25100.17,25025.08,25073.36,0.0,TSX,TSX,TSE,CAD
20250110,25003.36,25003.36,24693.75,24767.73,0.0,TSX,TSX,TSE,CAD
20250113,24629.06,24668.06,24519.81,24536.32,0.0,TSX,TSX,TSE,CAD
20250114,24566.35,24623.16,24469.9,24588.58,0.0,TSX,TSX,TSE,CAD
20250115,24733.42,24879.24,24733.42,24789.3,0.0,TSX,TSX,TSE,CAD
20250116,24826.16,24884.2,24771.89,24846.2,0.0,TSX,TSX,TSE,CAD
20250117,24931.19,25088.03,24931.19,25067.92,0.0,TSX,TSX,TSE,CAD
20250120,25064.29,25245.78,25064.29,25171.57,0.0,TSX,TSX,TSE,CAD
20250121,25167.32,25316.12,25134.09,25281.63,0.0,TSX,TSX,TSE,CAD
20250122,25315.21,25368.85,25281.15,25311.5,0.0,TSX,TSX,TSE,CAD
20250123,25308.15,25441.08,25308.15,25434.08,0.0,TSX,TSX,TSE,CAD
20250124,25442.58,25500.77,25415.36,25468.49,0.0,TSX,TSX,TSE,CAD
20250127,25347.93,25347.93,25204.06,25289.15,0.0,TSX,TSX,TSE,CAD
20250128,25322.27,25425.86,25277.05,25419.46,0.0,TSX,TSX,TSE,CAD
20250129,25411.62,25554.34,25361.26,25473.29,0.0,TSX,TSX,TSE,CAD
20250130,25549.93,25875.61,25549.93,25808.25,0.0,TSX,TSX,TSE,CAD
20250131,25822.76,25869.8,25526.04,25533.1,0.0,TSX,TSX,TSE,CAD
20250203,25139.41,25368.85,24742.92,25241.76,0.0,TSX,TSX,TSE,CAD
20250204,25270.29,25446.17,25259.43,25279.35,0.0,TSX,TSX,TSE,CAD
20250205,25312.76,25571.1,25307.3,25569.84,0.0,TSX,TSX,TSE,CAD
20250206,25610.95,25669.75,25402.8,25534.49,0.0,TSX,TSX,TSE,CAD
20250207,25544.57,25587.53,25380.38,25442.91,0.0,TSX,TSX,TSE,CAD
20250210,25562.84,25720.63,25562.84,25658.86,0.0,TSX,TSX,TSE,CAD
20250211,25634.34,25672.9,25480.33,25631.83,0.0,TSX,TSX,TSE,CAD
20250212,25503.34,25625.27,25453.93,25563.11,0.0,TSX,TSX,TSE,CAD
20250213,25579.3,25713.29,25579.3,25698.52,0.0,TSX,TSX,TSE,CAD
20250214,25700.87,25701.27,25470.77,25483.22,0.0,TSX,TSX,TSE,CAD
20250218,25510.93,25668.94,25423.95,25648.84,0.0,TSX,TSX,TSE,CAD
20250219,25605.7,25635.5,25439.39,25626.16,0.0,TSX,TSX,TSE,CAD
20250220,25617.17,25632.63,25436.88,25514.08,0.0,TSX,TSX,TSE,CAD
20250221,25538.83,25538.83,25126.74,25147.03,0.0,TSX,TSX,TSE,CAD
20250224,25157.48,25255.92,25020.03,25151.26,0.0,TSX,TSX,TSE,CAD
20250225,25146.98,25258.31,24946.06,25203.98,0.0,TSX,TSX,TSE,CAD
20250226,25240.79,25441.73,25208.66,25328.37,0.0,TSX,TSX,TSE,CAD
20250227,25366.17,25417.52,25128.24,25128.24,0.0,TSX,TSX,TSE,CAD
20250228,25096.2,25393.45,25012.75,25393.45,0.0,TSX,TSX,TSE,CAD
20250303,25411.58,25559.51,24885.7,25001.57,0.0,TSX,TSX,TSE,CAD
20250304,24862.19,24862.19,24344.84,24572.0,0.0,TSX,TSX,TSE,CAD
20250305,24555.92,24881.75,24548.99,24870.82,0.0,TSX,TSX,TSE,CAD
20250306,24735.02,24828.35,24476.47,24584.04,0.0,TSX,TSX,TSE,CAD
20250307,24547.23,24825.41,24458.47,24758.76,0.0,TSX,TSX,TSE,CAD
20250310,24601.3,24601.3,24249.96,24380.71,0.0,TSX,TSX,TSE,CAD
20250311,24363.01,24493.46,24155.63,24248.2,0.0,TSX,TSX,TSE,CAD
20250312,24333.97,24516.28,24227.81,24423.34,0.0,TSX,TSX,TSE,CAD
20250313,24375.13,24467.55,24145.59,24203.23,0.0,TSX,TSX,TSE,CAD
20250314,24301.7,24565.36,24293.15,24553.4,0.0,TSX,TSX,TSE,CAD
20250317,24550.09,24806.84,24550.09,24785.11,0.0,TSX,TSX,TSE,CAD
20250318,24792.49,24792.49,24572.33,24706.07,0.0,TSX,TSX,TSE,CAD
20250319,24724.14,25115.52,24724.14,25069.21,0.0,TSX,TSX,TSE,CAD
20250320,24992.14,25174.97,24923.12,25060.24,0.0,TSX,TSX,TSE,CAD
20250321,25001.77,25001.77,24782.53,24968.49,0.0,TSX,TSX,TSE,CAD
20250324,25060.21,25357.8,25060.21,25304.11,0.0,TSX,TSX,TSE,CAD
20250325,25346.36,25454.86,25318.27,25339.51,0.0,TSX,TSX,TSE,CAD
20250326,25356.27,25432.81,25106.44,25161.06,0.0,TSX,TSX,TSE,CAD
20250327,25132.17,25205.59,25023.79,25161.06,0.0,TSX,TSX,TSE,CAD
20250328,25100.81,25100.81,24752.62,24759.15,0.0,TSX,TSX,TSE,CAD
20250331,24650.1,24997.21,24534.35,24917.5,0.0,TSX,TSX,TSE,CAD
20250401,24909.58,25072.36,24735.47,25033.28,0.0,TSX,TSX,TSE,CAD
20250402,24941.35,25307.19,24812.59,25307.19,0.0,TSX,TSX,TSE,CAD
20250403,24844.6,24844.6,24313.12,24335.77,0.0,TSX,TSX,TSE,CAD
20250404,24118.23,24118.23,22988.29,23193.47,0.0,TSX,TSX,TSE,CAD
20250407,22959.41,23477.82,22227.74,22859.46,0.0,TSX,TSX,TSE,CAD
20250408,23159.59,23393.8,22313.99,22506.89,0.0,TSX,TSX,TSE,CAD
20250409,22440.56,23805.46,22228.0,23727.03,0.0,TSX,TSX,TSE,CAD
20250410,23596.86,23596.86,22703.43,23014.87,0.0,TSX,TSX,TSE,CAD
20250411,23049.82,23644.96,23038.65,23587.8,0.0,TSX,TSX,TSE,CAD
20250414,23710.11,23949.56,23668.23,23866.53,0.0,TSX,TSX,TSE,CAD
20250415,23888.08,24105.05,23888.08,24067.93,0.0,TSX,TSX,TSE,CAD
20250416,24061.91,24227.43,23905.12,24106.79,0.0,TSX,TSX,TSE,CAD
20250417,24118.14,24307.0,24058.27,24192.81,0.0,TSX,TSX,TSE,CAD
20250421,24170.28,24173.26,23820.49,24008.86,0.0,TSX,TSX,TSE,CAD
20250422,24115.3,24404.66,24115.3,24305.98,0.0,TSX,TSX,TSE,CAD
20250423,24433.27,24671.7,24433.27,24472.68,0.0,TSX,TSX,TSE,CAD
20250424,24492.67,24727.53,24464.55,24727.53,0.0,TSX,TSX,TSE,CAD
20250425,24669.65,24718.97,24602.24,24710.51,0.0,TSX,TSX,TSE,CAD
20250428,24701.71,24845.54,24701.71,24798.59,0.0,TSX,TSX,TSE,CAD
20250429,24766.38,24909.95,24743.7,24874.48,0.0,TSX,TSX,TSE,CAD
20250430,24749.33,24843.56,24503.55,24841.68,0.0,TSX,TSX,TSE,CAD
20250501,24854.34,24961.77,24750.19,24795.55,0.0,TSX,TSX,TSE,CAD
20250502,24929.64,25032.74,24861.48,25031.51,0.0,TSX,TSX,TSE,CAD
20250505,24992.44,25065.64,24903.56,24953.52,0.0,TSX,TSX,TSE,CAD
20250506,24941.28,25025.09,24865.49,24974.72,0.0,TSX,TSX,TSE,CAD
20250507,24978.93,25162.39,24971.93,25161.18,0.0,TSX,TSX,TSE,CAD
20250508,25143.26,25376.22,25143.26,25254.06,0.0,TSX,TSX,TSE,CAD
20250509,25317.14,25423.04,25225.04,25357.74,0.0,TSX,TSX,TSE,CAD
20250512,25444.72,25730.99,25444.72,25532.18,0.0,TSX,TSX,TSE,CAD
20250513,25578.4,25699.19,25578.4,25616.86,0.0,TSX,TSX,TSE,CAD
20250514,25606.3,25706.22,25547.98,25692.45,0.0,TSX,TSX,TSE,CAD
20250515,25684.54,25898.06,25671.99,25897.48,0.0,TSX,TSX,TSE,CAD
20250516,25877.95,25992.89,25834.01,25971.93,0.0,TSX,TSX,TSE,CAD
20250520,25950.7,26117.13,25950.7,26055.63,0.0,TSX,TSX,TSE,CAD
20250521,26013.26,26013.26,25779.22,25839.17,0.0,TSX,TSX,TSE,CAD
20250522,25856.42,25943.49,25764.8,25854.02,0.0,TSX,TSX,TSE,CAD
20250523,25784.63,25926.76,25724.7,25879.95,0.0,TSX,TSX,TSE,CAD
20250526,25942.74,26123.23,25942.74,26073.13,0.0,TSX,TSX,TSE,CAD
20250527,26067.66,26300.7,26067.66,26268.99,0.0,TSX,TSX,TSE,CAD
20250528,26278.89,26336.34,26239.82,26283.45,0.0,TSX,TSX,TSE,CAD
20250529,26325.6,26385.43,26163.35,26210.56,0.0,TSX,TSX,TSE,CAD
20250530,26176.13,26198.79,26024.37,26175.05,0.0,TSX,TSX,TSE,CAD
20250602,26184.44,26417.52,26166.64,26388.96,0.0,TSX,TSX,TSE,CAD
20250603,26376.52,26463.91,26305.14,26426.64,0.0,TSX,TSX,TSE,CAD
20250604,26438.56,26451.11,26279.66,26329.0,0.0,TSX,TSX,TSE,CAD
20250605,26369.26,26425.72,26317.03,26342.29,0.0,TSX,TSX,TSE,CAD
20250606,26432.19,26519.61,26389.86,26429.13,0.0,TSX,TSX,TSE,CAD
20250609,26410.98,26464.46,26327.68,26375.8,0.0,TSX,TSX,TSE,CAD
20250610,26391.56,26476.73,26348.99,26426.31,0.0,TSX,TSX,TSE,CAD
20250611,26471.42,26586.76,26466.61,26524.16,0.0,TSX,TSX,TSE,CAD
20250612,26516.34,26615.75,26466.52,26615.75,0.0,TSX,TSX,TSE,CAD
20250613,26555.56,26597.55,26458.43,26504.35,0.0,TSX,TSX,TSE,CAD
20250616,26535.76,26681.74,26533.3,26568.61,0.0,TSX,TSX,TSE,CAD
20250617,26554.56,26592.27,26463.23,26541.39,0.0,TSX,TSX,TSE,CAD
20250618,26555.45,26639.01,26538.61,26559.85,0.0,TSX,TSX,TSE,CAD
20250619,26520.86,26527.39,26442.57,26506.0,0.0,TSX,TSX,TSE,CAD
20250620,26603.31,26664.96,26450.56,26497.57,0.0,TSX,TSX,TSE,CAD
20250623,26484.54,26679.5,26484.54,26609.36,0.0,TSX,TSX,TSE,CAD
20250624,26610.82,26780.19,26565.76,26718.62,0.0,TSX,TSX,TSE,CAD
20250625,26713.19,26713.19,26546.71,26566.32,0.0,TSX,TSX,TSE,CAD
20250626,26575.55,26751.95,26552.18,26751.95,0.0,TSX,TSX,TSE,CAD
20250627,26703.71,26806.62,26573.95,26692.32,0.0,TSX,TSX,TSE,CAD
20250630,26733.0,26857.12,26660.49,26857.12,0.0,TSX,TSX,TSE,CAD
20250702,26849.56,26893.78,26762.93,26869.66,0.0,TSX,TSX,TSE,CAD
20250703,26888.7,27039.3,26878.26,27034.26,0.0,TSX,TSX,TSE,CAD
20250704,27011.29,27076.75,26987.94,27036.16,0.0,TSX,TSX,TSE,CAD
20250707,27029.41,27100.16,26964.02,27020.29,0.0,TSX,TSX,TSE,CAD
20250708,27033.26,27070.18,26860.95,26903.57,0.0,TSX,TSX,TSE,CAD
20250709,26926.08,27018.54,26908.28,26972.32,0.0,TSX,TSX,TSE,CAD
20250710,26980.72,27120.0,26918.81,27082.3,0.0,TSX,TSX,TSE,CAD
20250711,27042.91,27044.02,26928.08,27023.25,0.0,TSX,TSX,TSE,CAD
20250714,27035.23,27219.33,27001.19,27198.86,0.0,TSX,TSX,TSE,CAD
20250715,27210.61,27239.48,27017.75,27054.14,0.0,TSX,TSX,TSE,CAD
20250716,27074.43,27159.87,26923.37,27152.97,0.0,TSX,TSX,TSE,CAD
20250717,27190.23,27422.42,27145.97,27386.93,0.0,TSX,TSX,TSE,CAD
20250718,27413.63,27422.06,27289.16,27314.01,0.0,TSX,TSX,TSE,CAD
20250721,27350.93,27448.51,27303.17,27317.0,0.0,TSX,TSX,TSE,CAD
20250722,27304.83,27396.49,27270.52,27364.43,0.0,TSX,TSX,TSE,CAD
20250723,27354.65,27462.75,27354.65,27416.41,0.0,TSX,TSX,TSE,CAD
20250724,27407.1,27479.01,27321.39,27372.26,0.0,TSX,TSX,TSE,CAD
20250725,27377.02,27516.03,27364.58,27494.35,0.0,TSX,TSX,TSE,CAD
20250728,27493.08,27493.08,27351.28,27405.42,0.0,TSX,TSX,TSE,CAD
20250729,27434.79,27544.57,27434.79,27539.88,0.0,TSX,TSX,TSE,CAD
20250730,27525.78,27581.23,27290.01,27369.96,0.0,TSX,TSX,TSE,CAD
20250731,27388.85,27481.07,27218.61,27259.78,0.0,TSX,TSX,TSE,CAD
20250801,27171.7,27171.7,26846.74,27020.43,0.0,TSX,TSX,TSE,CAD
20250805,27254.32,27575.27,27254.32,27570.08,0.0,TSX,TSX,TSE,CAD
20250806,27800.46,27955.55,27800.46,27920.87,0.0,TSX,TSX,TSE,CAD
20250807,27977.8,27977.8,27682.99,27761.27,0.0,TSX,TSX,TSE,CAD
20250808,27792.52,27869.93,27739.83,27758.68,0.0,TSX,TSX,TSE,CAD
20250811,27731.12,27841.39,27731.12,27775.23,0.0,TSX,TSX,TSE,CAD
20250812,27815.96,27954.02,27815.96,27921.26,0.0,TSX,TSX,TSE,CAD
20250813,27976.62,28063.73,27942.02,27993.43,0.0,TSX,TSX,TSE,CAD
20250814,27942.58,27960.72,27836.37,27915.99,0.0,TSX,TSX,TSE,CAD
20250815,27930.57,27932.1,27850.76,27905.49,0.0,TSX,TSX,TSE,CAD
20250818,27887.29,27922.85,27840.85,27922.85,0.0,TSX,TSX,TSE,CAD
20250819,27921.63,27998.28,27816.2,27823.88,0.0,TSX,TSX,TSE,CAD
20250820,27821.32,27913.76,27802.11,27878.76,0.0,TSX,TSX,TSE,CAD
20250821,27858.58,28063.51,27845.53,28055.43,0.0,TSX,TSX,TSE,CAD
20250822,28079.53,28394.57,28079.53,28333.13,0.0,TSX,TSX,TSE,CAD
20250825,28313.65,28313.65,28138.7,28169.94,0.0,TSX,TSX,TSE,CAD
20250826,28173.93,28346.61,28159.59,28339.88,0.0,TSX,TSX,TSE,CAD
20250827,28352.5,28468.34,28352.5,28433.0,0.0,TSX,TSX,TSE,CAD
20250828,28505.06,28530.19,28349.61,28434.8,0.0,TSX,TSX,TSE,CAD
20250829,28416.42,28607.3,28370.94,28564.45,0.0,TSX,TSX,TSE,CAD
20250902,28497.38,28617.61,28370.05,28615.62,0.0,TSX,TSX,TSE,CAD
20250903,28667.91,28761.92,28656.89,28751.37,0.0,TSX,TSX,TSE,CAD
20250904,28761.89,28924.34,28734.87,28915.89,0.0,TSX,TSX,TSE,CAD
20250905,29002.78,29115.42,28867.95,29050.63,0.0,TSX,TSX,TSE,CAD
20250908,29070.15,29102.14,28893.86,29027.73,0.0,TSX,TSX,TSE,CAD
20250909,29018.03,29123.11,29018.03,29063.01,0.0,TSX,TSX,TSE,CAD
20250910,29108.52,29218.25,29099.88,29179.39,0.0,TSX,TSX,TSE,CAD
20250911,29192.4,29418.76,29178.58,29407.89,0.0,TSX,TSX,TSE,CAD
20250912,29390.65,29421.15,29254.37,29283.82,0.0,TSX,TSX,TSE,CAD
20250915,29302.14,29432.49,29241.81,29431.02,0.0,TSX,TSX,TSE,CAD
20250916,29429.45,29429.45,29247.55,29315.23,0.0,TSX,TSX,TSE,CAD
20250917,29289.11,29465.14,29201.87,29321.66,0.0,TSX,TSX,TSE,CAD
20250918,29347.03,29504.21,29319.9,29453.53,0.0,TSX,TSX,TSE,CAD
20250919,29620.03,29791.45,29531.52,29768.36,0.0,TSX,TSX,TSE,CAD
20250922,29791.03,29990.7,29747.86,29958.98,0.0,TSX,TSX,TSE,CAD
20250923,30005.73,30066.6,29811.72,29815.63,0.0,TSX,TSX,TSE,CAD
20250924,29864.97,30023.1,29755.23,29756.95,0.0,TSX,TSX,TSE,CAD
20250925,29661.59,29768.31,29544.81,29731.98,0.0,TSX,TSX,TSE,CAD
20250926,29778.39,29864.19,29739.24,29761.28,0.0,TSX,TSX,TSE,CAD
20250929,29856.51,29980.48,29856.51,29971.91,0.0,TSX,TSX,TSE,CAD
20250930,29930.71,30049.81,29837.25,30022.81,0.0,TSX,TSX,TSE,CAD
20251001,30006.44,30182.57,30006.44,30107.67,0.0,TSX,TSX,TSE,CAD
20251002,30172.84,30183.11,29903.08,30160.59,0.0,TSX,TSX,TSE,CAD
20251003,30205.05,30490.04,30205.05,30471.68,0.0,TSX,TSX,TSE,CAD
20251006,30635.91,30686.96,30479.09,30531.88,0.0,TSX,TSX,TSE,CAD
20251007,30571.13,30612.13,30278.19,30351.72,0.0,TSX,TSX,TSE,CAD
20251008,30492.2,30521.01,30365.8,30501.99,0.0,TSX,TSX,TSE,CAD
20251009,30545.03,30550.18,30165.02,30269.98,0.0,TSX,TSX,TSE,CAD
20251010,30324.16,30358.74,29842.01,29850.89,0.0,TSX,TSX,TSE,CAD
20251014,29907.89,30478.01,29907.89,30353.61,0.0,TSX,TSX,TSE,CAD
20251015,30493.14,30808.1,30470.75,30637.12,0.0,TSX,TSX,TSE,CAD
20251016,30749.68,30790.61,30374.95,30458.8,0.0,TSX,TSX,TSE,CAD
20251017,30338.77,30338.77,30008.0,30108.48,0.0,TSX,TSX,TSE,CAD
20251020,30265.39,30439.06,30265.39,30416.44,0.0,TSX,TSX,TSE,CAD
20251021,30214.14,30214.14,29837.55,29888.82,0.0,TSX,TSX,TSE,CAD
20251022,29818.2,30036.85,29802.49,29982.98,0.0,TSX,TSX,TSE,CAD
20251023,30097.49,30266.54,30094.92,30186.28,0.0,TSX,TSX,TSE,CAD
20251024,30248.69,30411.32,30248.69,30353.07,0.0,TSX,TSX,TSE,CAD
20251027,30315.62,30386.62,30087.48,30275.76,0.0,TSX,TSX,TSE,CAD
20251028,30296.67,30489.96,30296.67,30419.69,0.0,TSX,TSX,TSE,CAD
20251029,30495.43,30495.43,30051.25,30144.78,0.0,TSX,TSX,TSE,CAD
20251030,30101.95,30303.05,30077.68,30178.98,0.0,TSX,TSX,TSE,CAD
20251031,30274.4,30314.63,30120.58,30260.74,0.0,TSX,TSX,TSE,CAD
20251103,30292.05,30294.42,30029.43,30275.06,0.0,TSX,TSX,TSE,CAD
20251104,29959.18,30026.18,29749.46,29777.82,0.0,TSX,TSX,TSE,CAD
20251105,29827.79,30181.18,29827.79,30103.48,0.0,TSX,TSX,TSE,CAD
20251106,30111.49,30117.66,29815.1,29868.59,0.0,TSX,TSX,TSE,CAD
20251107,29765.18,29912.19,29530.92,29912.19,0.0,TSX,TSX,TSE,CAD
20251110,30084.95,30354.2,30084.95,30316.63,0.0,TSX,TSX,TSE,CAD
20251111,30323.08,30431.31,30258.24,30409.25,0.0,TSX,TSX,TSE,CAD
20251112,30475.34,30863.31,30475.34,30827.58,0.0,TSX,TSX,TSE,CAD
20251113,30779.18,30788.76,30164.86,30253.64,0.0,TSX,TSX,TSE,CAD
20251114,30104.82,30375.46,29828.52,30326.46,0.0,TSX,TSX,TSE,CAD
20251117,30278.39,30353.07,29940.54,30076.21,0.0,TSX,TSX,TSE,CAD
20251118,29969.72,30140.38,29829.35,30036.46,0.0,TSX,TSX,TSE,CAD
20251119,30105.98,30292.81,30067.66,30278.41,0.0,TSX,TSX,TSE,CAD
20251120,30479.88,30632.84,29898.54,29906.55,0.0,TSX,TSX,TSE,CAD
20251121,29933.24,30242.54,29841.76,30160.65,0.0,TSX,TSX,TSE,CAD
20251124,30194.63,30614.51,30154.5,30604.35,0.0,TSX,TSX,TSE,CAD
20251125,30623.96,30924.07,30571.95,30900.65,0.0,TSX,TSX,TSE,CAD
20251126,30958.22,31215.45,30958.22,31180.25,0.0,TSX,TSX,TSE,CAD
20251127,31165.25,31254.54,31158.82,31196.71,0.0,TSX,TSX,TSE,CAD
20251128,31233.92,31411.01,31151.65,31382.78,0.0,TSX,TSX,TSE,CAD
20251201,31262.1,31308.79,31099.76,31101.78,0.0,TSX,TSX,TSE,CAD
20251202,31158.18,31178.96,30908.13,31049.28,0.0,TSX,TSX,TSE,CAD
20251203,31083.73,31210.74,31063.04,31160.54,0.0,TSX,TSX,TSE,CAD
20251204,31188.98,31520.27,31188.98,31477.57,0.0,TSX,TSX,TSE,CAD
20251205,31495.72,31541.73,31265.0,31311.41,0.0,TSX,TSX,TSE,CAD
20251208,31323.4,31332.4,31163.77,31169.97,0.0,TSX,TSX,TSE,CAD
20251209,31164.86,31395.86,31160.89,31244.37,0.0,TSX,TSX,TSE,CAD
20251210,31207.95,31555.12,31198.72,31490.85,0.0,TSX,TSX,TSE,CAD
20251211,31470.23,31725.1,31410.44,31660.73,0.0,TSX,TSX,TSE,CAD
20251212,31710.87,31760.82,31325.79,31527.39,0.0,TSX,TSX,TSE,CAD
20251215,31594.55,31707.04,31434.09,31483.44,0.0,TSX,TSX,TSE,CAD
20251216,31374.86,31480.64,31215.75,31263.93,0.0,TSX,TSX,TSE,CAD
20251217,31382.23,31450.49,31170.75,31250.02,0.0,TSX,TSX,TSE,CAD
20251218,31367.47,31636.67,31366.9,31440.85,0.0,TSX,TSX,TSE,CAD
20251219,31527.36,31865.79,31527.36,31755.77,0.0,TSX,TSX,TSE,CAD
20251222,31875.05,32081.92,31827.56,32000.1,0.0,TSX,TSX,TSE,CAD
20251223,31989.13,32073.19,31950.81,32058.73,0.0,TSX,TSX,TSE,CAD
20251224,32038.96,32079.65,31914.73,31999.76,0.0,TSX,TSX,TSE,CAD
20251229,31890.57,31992.96,31834.05,31896.59,0.0,TSX,TSX,TSE,CAD
20251230,31976.21,32029.81,31866.26,31866.26,0.0,TSX,TSX,TSE,CAD
20251231,31840.29,31881.8,31692.62,31712.76,0.0,TSX,TSX,TSE,CAD
20260102,31815.66,31883.37,31685.51,31883.37,0.0,TSX,TSX,TSE,CAD
20260105,31982.71,32318.3,31982.71,32219.95,0.0,TSX,TSX,TSE,CAD
20260106,32227.75,32431.54,32170.64,32407.03,0.0,TSX,TSX,TSE,CAD
20260107,32254.31,32254.31,31974.94,32135.49,0.0,TSX,TSX,TSE,CAD
20260108,32090.73,32393.29,32036.16,32378.64,0.0,TSX,TSX,TSE,CAD
20260109,32457.04,32679.74,32457.04,32612.93,0.0,TSX,TSX,TSE,CAD
20260112,32676.66,32897.53,32676.66,32874.7,0.0,TSX,TSX,TSE,CAD
20260113,32953.24,32978.58,32845.4,32870.36,0.0,TSX,TSX,TSE,CAD
20260114,32894.85,32957.34,32708.19,32916.47,0.0,TSX,TSX,TSE,CAD
20260115,32953.82,33099.28,32876.39,33028.92,0.0,TSX,TSX,TSE,CAD
20260116,33031.32,33099.54,32859.84,33040.55,0.0,TSX,TSX,TSE,CAD
20260119,33000.36,33100.48,32918.68,33090.96,0.0,TSX,TSX,TSE,CAD
20260120,33029.95,33029.95,32693.73,32750.28,0.0,TSX,TSX,TSE,CAD
20260121,32862.46,33015.81,32691.46,32851.53,0.0,TSX,TSX,TSE,CAD
20260122,32928.18,33128.6,32879.69,33002.7,0.0,TSX,TSX,TSE,CAD
20260123,33047.41,33152.82,32966.39,33144.98,0.0,TSX,TSX,TSE,CAD
20260126,33232.59,33428.44,33068.16,33093.32,0.0,TSX,TSX,TSE,CAD
20260127,33075.89,33167.32,32886.36,33096.39,0.0,TSX,TSX,TSE,CAD
20260128,33143.04,33288.41,32966.5,33176.07,0.0,TSX,TSX,TSE,CAD
20260129,33252.24,33427.86,32698.14,33016.13,0.0,TSX,TSX,TSE,CAD
20260130,32835.26,32835.26,31726.75,31923.52,0.0,TSX,TSX,TSE,CAD
20260202,31918.93,32235.28,31918.93,32183.88,0.0,TSX,TSX,TSE,CAD
20260203,32289.03,32540.07,32051.05,32388.6,0.0,TSX,TSX,TSE,CAD
20260204,32455.85,32574.88,32224.44,32571.55,0.0,TSX,TSX,TSE,CAD
20260205,32436.46,32436.46,31926.06,31994.6,0.0,TSX,TSX,TSE,CAD
20260206,32148.37,32478.02,32148.37,32470.98,0.0,TSX,TSX,TSE,CAD
20260209,32481.21,33023.32,32481.21,33023.32,0.0,TSX,TSX,TSE,CAD
20260210,33102.27,33292.16,33042.12,33256.83,0.0,TSX,TSX,TSE,CAD
20260211,33563.98,33693.39,33033.28,33254.19,0.0,TSX,TSX,TSE,CAD
20260212,33304.83,33310.64,32442.87,32465.28,0.0,TSX,TSX,TSE,CAD
20260213,32530.18,33073.71,32458.75,33073.71,0.0,TSX,TSX,TSE,CAD
20260217,32975.54,32975.54,32537.12,32896.55,0.0,TSX,TSX,TSE,CAD
20260218,33008.67,33458.22,33008.67,33389.73,0.0,TSX,TSX,TSE,CAD
20260219,33317.77,33594.98,33242.43,33594.98,0.0,TSX,TSX,TSE,CAD
20260220,33568.73,33820.76,33537.0,33817.51,0.0,TSX,TSX,TSE,CAD
20260223,33809.93,33998.51,33563.34,33776.5,0.0,TSX,TSX,TSE,CAD
20260224,33703.77,33994.6,33614.67,33970.38,0.0,TSX,TSX,TSE,CAD
20260225,34051.1,34262.2,33962.82,34127.33,0.0,TSX,TSX,TSE,CAD
20260226,34124.32,34510.06,34047.53,34501.96,0.0,TSX,TSX,TSE,CAD
20260227,34414.34,34495.31,34240.11,34339.99,0.0,TSX,TSX,TSE,CAD
20260302,34304.87,34544.46,34116.15,34541.27,0.0,TSX,TSX,TSE,CAD
20260303,34147.74,34147.74,33136.51,33784.94,0.0,TSX,TSX,TSE,CAD
20260304,33905.14,34058.72,33764.78,33942.86,0.0,TSX,TSX,TSE,CAD
20260305,33791.23,33836.0,33330.84,33609.97,0.0,TSX,TSX,TSE,CAD
20260306,33352.13,33352.13,32882.82,33083.71,0.0,TSX,TSX,TSE,CAD
20260309,32853.27,33241.33,32349.25,33189.32,0.0,TSX,TSX,TSE,CAD
20260310,33274.92,33523.21,33165.97,33270.65,0.0,TSX,TSX,TSE,CAD
20260311,33212.91,33282.12,32985.56,33119.83,0.0,TSX,TSX,TSE,CAD
20260312,33055.95,33121.56,32929.04,32930.25,0.0,TSX,TSX,TSE,CAD
